$MeshFormat
2.2 0 8
$EndMeshFormat
$PhysicalNames
7
0 103 "pt0"
1 104 "bottom"
1 105 "left"
1 106 "right"
1 107 "top"
1 108 "arc_inner"
1 109 "arc_outer"
$EndPhysicalNames
$Nodes
7819
1 0.525 0 0
2 1.24 0 0
3 25 0 0
4 25 25 0
5 0 25 0
6 0 1.24 0
7 0 0.525 0
8 0.8824999999989807 0 0
9 0.7037499999994397 0 0
10 1.061249999999804 0 0
11 1.882162162160913 0 0
12 2.524324324321953 0 0
13 3.166486486483223 0 0
14 3.808648648644021 0 0
15 4.450810810804779 0 0
16 5.0929729729646 0 0
17 5.735135135125063 0 0
18 6.377297297284889 0 0
19 7.019459459445295 0 0
20 7.66162162160576 0 0
21 8.303783783765162 0 0
22 8.945945945925297 0 0
23 9.588108108085761 0 0
24 10.23027027024622 0 0
25 10.87243243240669 0 0
26 11.51459459456576 0 0
27 12.15675675672622 0 0
28 12.79891891888668 0 0
29 13.44108108104955 0 0
30 14.08324324321433 0 0
31 14.72540540537719 0 0
32 15.36756756754006 0 0
33 16.00972972970312 0 0
34 16.65189189186823 0 0
35 17.29405405403315 0 0
36 17.93621621619602 0 0
37 18.57837837835985 0 0
38 19.22054054052511 0 0
39 19.86270270269037 0 0
40 20.50486486485371 0 0
41 21.14702702701657 0 0
42 21.78918918917944 0 0
43 22.43135135134311 0 0
44 23.07351351350838 0 0
45 23.71567567567365 0 0
46 24.35783783783714 0 0
47 1.56108108108046 0 0
48 2.203243243241511 0 0
49 2.845405405402615 0 0
50 3.487567567563751 0 0
51 4.129729729724542 0 0
52 4.771891891884685 0 0
53 5.414054054044777 0 0
54 6.056216216205017 0 0
55 6.698378378365015 0 0
56 7.340540540525487 0 0
57 7.98270270268555 0 0
58 8.624864864845165 0 0
59 9.267027027005554 0 0
60 9.909189189165948 0 0
61 10.55135135132641 0 0
62 11.19351351348623 0 0
63 11.8356756756461 0 0
64 12.47783783780631 0 0
65 13.11999999996736 0 0
66 13.76216216213184 0 0
67 14.40432432429578 0 0
68 15.0464864864587 0 0
69 15.68864864862163 0 0
70 16.33081081078561 0 0
71 16.97297297295069 0 0
72 17.61513513511466 0 0
73 18.25729729727773 0 0
74 18.89945945944269 0 0
75 19.54162162160719 0 0
76 20.18378378377187 0 0
77 20.82594594593498 0 0
78 21.46810810809808 0 0
79 22.11027027026127 0 0
80 22.75243243242608 0 0
81 23.39459459459137 0 0
82 24.03675675675569 0 0
83 24.67891891891877 0 0
84 25 0.6410256410231302 0
85 25 1.282051282046083 0
86 25 1.923076923069287 0
87 25 2.56410256409274 0
88 25 3.205128205116 0
89 25 3.846153846138366 0
90 25 4.487179487160682 0
91 25 5.128205128182998 0
92 25 5.769230769205313 0
93 25 6.410256410227628 0
94 25 7.051282051249945 0
95 25 7.69230769227226 0
96 25 8.333333333296078 0
97 25 8.974358974320671 0
98 25 9.615384615345265 0
99 25 10.25641025636986 0
100 25 10.89743589739445 0
101 25 11.53846153841904 0
102 25 12.17948717944362 0
103 25 12.82051282046822 0
104 25 13.4615384614928 0
105 25 14.10256410251739 0
106 25 14.74358974354199 0
107 25 15.38461538456657 0
108 25 16.02564102559193 0
109 25 16.66666666662107 0
110 25 17.30769230765022 0
111 25 17.94871794867936 0
112 25 18.5897435897085 0
113 25 19.23076923073765 0
114 25 19.87179487176679 0
115 25 20.51282051279594 0
116 25 21.15384615382509 0
117 25 21.79487179485424 0
118 25 22.43589743588339 0
119 25 23.07692307691255 0
120 25 23.7179487179417 0
121 25 24.35897435897085 0
122 25 0.3205128205115635 0
123 25 0.9615384615346242 0
124 25 1.602564102557614 0
125 25 2.243589743581003 0
126 25 2.884615384604411 0
127 25 3.525641025627131 0
128 25 4.166666666649565 0
129 25 4.807692307671893 0
130 25 5.448717948694204 0
131 25 6.089743589716534 0
132 25 6.730769230738787 0
133 25 7.37179487176103 0
134 25 8.012820512784199 0
135 25 8.653846153808418 0
136 25 9.29487179483295 0
137 25 9.935897435857632 0
138 25 10.57692307688226 0
139 25 11.21794871790678 0
140 25 11.85897435893141 0
141 25 12.49999999995496 0
142 25 13.14102564098036 0
143 25 13.78205128200506 0
144 25 14.42307692302979 0
145 25 15.0641025640542 0
146 25 15.70512820507926 0
147 25 16.34615384610627 0
148 25 16.98717948713535 0
149 25 17.62820512816519 0
150 25 18.26923076919383 0
151 25 18.91025641022296 0
152 25 19.55128205125244 0
153 25 20.19230769228157 0
154 25 20.83333333331037 0
155 25 21.47435897433961 0
156 25 22.11538461536882 0
157 25 22.75641025639788 0
158 25 23.39743589742699 0
159 25 24.03846153845614 0
160 25 24.67948717948551 0
161 24.35897435897891 25 0
162 23.71794871795783 25 0
163 23.07692307693674 25 0
164 22.43589743591566 25 0
165 21.79487179489457 25 0
166 21.15384615387348 25 0
167 20.51282051285239 25 0
168 19.87179487183131 25 0
169 19.23076923081022 25 0
170 18.58974358978913 25 0
171 17.94871794876805 25 0
172 17.30769230774696 25 0
173 16.66666666672587 25 0
174 16.02564102570479 25 0
175 15.38461538467991 25 0
176 14.74358974365427 25 0
177 14.10256410262863 25 0
178 13.46153846160299 25 0
179 12.82051282057735 25 0
180 12.17948717955171 25 0
181 11.53846153852608 25 0
182 10.89743589750044 25 0
183 10.2564102564748 25 0
184 9.615384615449161 25 0
185 8.974358974422756 25 0
186 8.333333333392563 25 0
187 7.69230769236237 25 0
188 7.051282051332176 25 0
189 6.410256410301983 25 0
190 5.76923076927179 25 0
191 5.128205128241596 25 0
192 4.487179487211403 25 0
193 3.846153846181206 25 0
194 3.205128205151006 25 0
195 2.564102564120805 25 0
196 1.923076923090601 25 0
197 1.282051282060404 25 0
198 0.6410256410302004 25 0
199 24.67948717948922 25 0
200 24.03846153846892 25 0
201 23.39743589744732 25 0
202 22.75641025642655 25 0
203 22.11538461540499 25 0
204 21.474358974384 25 0
205 20.83333333336302 25 0
206 20.19230769234181 25 0
207 19.55128205132057 25 0
208 18.9102564102994 25 0
209 18.26923076927855 25 0
210 17.62820512825767 25 0
211 16.98717948723649 25 0
212 16.34615384621516 25 0
213 15.70512820519243 25 0
214 15.064102564167 25 0
215 14.42307692314137 25 0
216 13.78205128211573 25 0
217 13.14102564109009 25 0
218 12.50000000006548 25 0
219 11.85897435903889 25 0
220 11.2179487180134 25 0
221 10.57692307698764 25 0
222 9.93589743596198 25 0
223 9.294871794935911 25 0
224 8.653846153907537 25 0
225 8.012820512877262 25 0
226 7.371794871847722 25 0
227 6.730769230817081 25 0
228 6.089743589786927 25 0
229 5.44871794875678 25 0
230 4.807692307726455 25 0
231 4.166666666696319 25 0
232 3.525641025666193 25 0
233 2.884615384635783 25 0
234 2.243589743605586 25 0
235 1.602564102575474 25 0
236 0.9615384615451994 25 0
237 0.3205128205153542 25 0
238 0 1.882162162160913 0
239 0 2.524324324321953 0
240 0 3.166486486483223 0
241 0 3.808648648644021 0
242 0 4.450810810804779 0
243 0 5.0929729729646 0
244 0 5.735135135125063 0
245 0 6.377297297284889 0
246 0 7.019459459445295 0
247 0 7.66162162160576 0
248 0 8.303783783765162 0
249 0 8.945945945925297 0
250 0 9.588108108085761 0
251 0 10.23027027024622 0
252 0 10.87243243240669 0
253 0 11.51459459456576 0
254 0 12.15675675672622 0
255 0 12.79891891888668 0
256 0 13.44108108104955 0
257 0 14.08324324321433 0
258 0 14.72540540537719 0
259 0 15.36756756754006 0
260 0 16.00972972970312 0
261 0 16.65189189186823 0
262 0 17.29405405403315 0
263 0 17.93621621619602 0
264 0 18.57837837835985 0
265 0 19.22054054052511 0
266 0 19.86270270269037 0
267 0 20.50486486485371 0
268 0 21.14702702701657 0
269 0 21.78918918917944 0
270 0 22.43135135134311 0
271 0 23.07351351350838 0
272 0 23.71567567567365 0
273 0 24.35783783783714 0
274 0 1.56108108108046 0
275 0 2.203243243241511 0
276 0 2.845405405402615 0
277 0 3.487567567563751 0
278 0 4.129729729724542 0
279 0 4.771891891884685 0
280 0 5.414054054044777 0
281 0 6.056216216205017 0
282 0 6.698378378365015 0
283 0 7.340540540525487 0
284 0 7.98270270268555 0
285 0 8.624864864845165 0
286 0 9.267027027005554 0
287 0 9.909189189165948 0
288 0 10.55135135132641 0
289 0 11.19351351348623 0
290 0 11.8356756756461 0
291 0 12.47783783780631 0
292 0 13.11999999996736 0
293 0 13.76216216213184 0
294 0 14.40432432429578 0
295 0 15.0464864864587 0
296 0 15.68864864862163 0
297 0 16.33081081078561 0
298 0 16.97297297295069 0
299 0 17.61513513511466 0
300 0 18.25729729727773 0
301 0 18.89945945944269 0
302 0 19.54162162160719 0
303 0 20.18378378377187 0
304 0 20.82594594593498 0
305 0 21.46810810809808 0
306 0 22.11027027026127 0
307 0 22.75243243242608 0
308 0 23.39459459459137 0
309 0 24.03675675675569 0
310 0 24.67891891891877 0
311 0 0.8825000000009544 0
312 0 1.061250000000729 0
313 0 0.703750000000453 0
314 1.073871499819398 0.6200000015126103 0
315 0.6199999982160985 1.07387150172264 0
316 1.19774802434859 0.3209356168595966 0
317 0.8768124069800004 0.8768124103626375 0
318 0.3209356148793091 1.197748024879206 0
319 0.3712310592712804 0.3712310609745946 0
320 0.4850367543001058 0.2009088026394532 0
321 0.2009088013101275 0.4850367548507306 0
322 0.6324199371083127 0.4625363215557367 0
323 0.3219170653441195 0.7101153651245761 0
324 0.3099999991080493 0.9781857508617969 0
325 0.5787099685541564 0.2312681607778683 0
326 0.5018254981897965 0.4168836912651656 0
327 0.9781857499091893 0.310000000756305 0
328 0.8531457184638553 0.5412681615341733 0
329 0.7574599685536467 0.2312681607778683 0
330 0.4771685012262161 0.5863258433401564 0
331 0.3465740623076999 0.5406732130495853 0
332 0.470958531780109 0.8919934334236078 0
333 0.6262099676622056 0.768203911639188 0
334 0.1609585326720597 0.6175576825622879 0
335 0.1609585326720597 0.7963076825627652 0
336 2.805794780422338 1.621733338599963 0
337 2.292487475645289 1.639294184949994 0
338 2.476447568192484 2.252620447698848 0
339 1.976473545546173 2.097934091298666 0
340 10.99236530986846 24.10489115660394 0
341 11.15559454550004 23.62145366400272 0
342 10.66107341538827 23.77005818870627 0
343 11.47813619106458 24.06205299682057 0
344 14.83048656379749 0.9709521782038321 0
345 15.3370215354239 0.9201890350364439 0
346 15.04727734460646 0.4897013832862129 0
347 15.25462170877681 1.471727874369575 0
348 10.4016205314177 21.30305299792029 0
349 10.50609757604297 20.8161042779349 0
350 9.98581776354801 20.94261068462952 0
351 12.44419877147937 22.51820286756846 0
352 12.50035733826669 23.14498317498563 0
353 12.99268943528121 22.62567033258821 0
354 10.04632126724225 20.37248794394892 0
355 21.19822819576283 21.52371262249185 0
356 21.07932977388522 22.16309758234929 0
357 21.61976447457561 21.88476895106059 0
358 14.73339696232238 23.82335973503485 0
359 14.35312754733438 24.3475724386853 0
360 14.89163436128294 24.32837028317594 0
361 21.53409465812453 3.800781954609081 0
362 22.14713312887096 3.895661652640817 0
363 21.88866088494177 3.352508080665789 0
364 10.01529680757118 21.61829470190166 0
365 10.65918451584781 21.82796295145716 0
366 10.18727988079538 22.15320633994216 0
367 11.40303345154795 5.794730134630111 0
368 10.88663261981997 5.8772005305372 0
369 11.15551239352622 6.474149494778628 0
370 13.10918220612162 23.19075462995352 0
371 17.26590088031104 5.681772002148692 0
372 17.85278518574303 6.255562245967931 0
373 17.94365016862838 5.54743392039414 0
374 14.16021946891039 22.41308855715911 0
375 14.58943134553036 23.12121152714914 0
376 14.83241602556836 22.61663441194538 0
377 13.83793462329402 3.971913668838646 0
378 14.22617426161077 4.535284060640861 0
379 14.5457114983918 4.156035548968448 0
380 16.40029647640566 3.220216431392611 0
381 15.69374269508661 3.245866216107808 0
382 16.05611417426858 3.791456053211104 0
383 15.95813112050194 2.586299202859295 0
384 6.804899970862218 6.673786459834676 0
385 6.741872061232612 7.111696362100431 0
386 7.220601560711283 6.910810290814333 0
387 6.33386507853509 6.733765450222069 0
388 6.663717870512967 7.603388234465858 0
389 6.320276967045535 7.306540750122781 0
390 7.196372990606689 7.4203151624129 0
391 23.84040232416122 10.47314530686734 0
392 24.03014695320912 10.0872072427123 0
393 23.54063267536826 10.08164593575175 0
394 24.37573218955616 10.55537889797034 0
395 10.31012592892913 1.602031897667852 0
396 10.69603049646568 1.077580190976207 0
397 10.21799151659216 1.048592373935065 0
398 10.54596985298623 0.5952408406652466 0
399 10.44286199498523 6.156367029478829 0
400 13.66866125169118 4.767944315287123 0
401 4.109903326308477 2.925683352912638 0
402 4.097494193884752 3.492250212903285 0
403 4.512617904261019 3.257520230782246 0
404 14.37907651158401 20.16786478158905 0
405 13.70954942801765 20.5167585730353 0
406 14.40069006461205 20.78688267948307 0
407 0.5655155481370966 2.959929464302645 0
408 15.2910801763917 20.20404847368161 0
409 15.41056141948424 20.72705849819405 0
410 15.77098071164158 20.32034018501409 0
411 14.91023596454298 20.51459084010413 0
412 21.80272688769673 20.49198195856462 0
413 21.54211977845135 20.98699590269685 0
414 22.11684091234611 20.91974248229572 0
415 20.19525708178941 22.92835577398234 0
416 20.52438022931016 22.32155015497537 0
417 20.08761285852031 22.39805331197361 0
418 9.030666967833744 6.176158927960792 0
419 9.581107902348068 6.728659374648853 0
420 9.788855282475273 6.128436690284091 0
421 8.971273351012231 6.923862569378243 0
422 13.91043804454565 21.24536777651349 0
423 23.2982654319432 13.98988811627176 0
424 23.47555790868936 13.38183747299022 0
425 22.78896040263808 13.50890550586033 0
426 12.01562744656679 0.9239165696935424 0
427 12.43615551705693 0.446208242593238 0
428 11.88769878397418 0.4125007244786658 0
429 12.59375811281547 0.9459837124323144 0
430 10.21391272563553 23.9295883543628 0
431 10.26897782712707 23.39786763749537 0
432 10.61623239590383 24.40661602363306 0
433 23.13364590977282 12.89323196239147 0
434 14.10287766098635 11.60627681116174 0
435 14.228621152925 12.39375296924678 0
436 14.84819037305418 11.90400751315857 0
437 11.02102412856005 13.44097223862933 0
438 11.42523161911174 14.01737403157964 0
439 11.55123812899938 13.29556952775261 0
440 20.29276927258852 16.36409518837369 0
441 19.61934369912831 16.3346997977806 0
442 19.87120217650386 16.80689778958413 0
443 2.31502139066669 14.9816296803957 0
444 2.610354128158536 14.62605379756451 0
445 2.125686921030654 14.52999931153523 0
446 2.925337379837319 15.07330747352381 0
447 3.863716656724881 9.853027727776043 0
448 3.54985921427846 10.26142994751721 0
449 3.999848155901554 10.38515111405265 0
450 15.83967443413235 4.521052929405846 0
451 15.47060306025976 3.826070505956404 0
452 15.15141473346044 4.276711169018577 0
453 3.353622666957801 9.772032177116481 0
454 23.00124062490099 21.16460253539863 0
455 22.39028178608937 21.34921540059165 0
456 22.9569043718884 21.73232788833986 0
457 22.12458312199954 21.997109397874 0
458 3.249197546371013 1.990619175681559 0
459 3.610493528460503 2.571162384827567 0
460 3.813745811720166 1.972940763153934 0
461 2.973479043457177 2.816411429609168 0
462 21.77591636662105 19.19911010367813 0
463 21.69578069143752 18.60713484683207 0
464 21.30649775767965 18.9953755233416 0
465 21.05239304504196 18.56769269418 0
466 1.841545312574684 20.00054242850397 0
467 2.202045476061938 20.35370586829116 0
468 2.5063403801846 19.91032249082621 0
469 2.183219922809108 19.39702586500582 0
470 1.548567650449808 19.59385440720201 0
471 1.566625558889817 19.11076507821611 0
472 1.001723869400672 18.83207457456448 0
473 1.012257179777978 19.44173466338412 0
474 22.58126365605626 19.98456348425057 0
475 22.82215205521941 20.37071768128418 0
476 23.13734454233053 20.02728425268645 0
477 23.42401867364474 19.6375838247546 0
478 22.84842326293685 19.46094883086468 0
479 19.41185994794446 1.14585238487777 0
480 19.36199032783706 1.737645469176226 0
481 19.92325348767084 1.62351161901792 0
482 19.77202068501054 2.221006855451832 0
483 19.30818693383348 2.294347277215318 0
484 21.45525645856727 4.439964513372161 0
485 20.98744071768213 3.986675139962673 0
486 20.97615286747749 3.506648244914552 0
487 4.084394800327343 3.928369554400801 0
488 3.604969850633748 3.818727305676909 0
489 3.942961804448926 4.349657099317276 0
490 3.358966696690616 4.44713513016828 0
491 22.70540149041398 24.50345345036121 0
492 21.45150141011914 3.084043960664534 0
493 22.37184813881514 19.11702161218997 0
494 22.22748634715759 18.64911882289397 0
495 18.31564744601599 24.37366018752106 0
496 22.19911354208745 19.61903274387785 0
497 20.24596067662409 2.120417365880927 0
498 20.22340435520035 2.763478628232018 0
499 20.71750948452745 2.355100962465449 0
500 2.253023343191926 24.60948726525487 0
501 20.78703142094703 2.946072781663561 0
502 24.61425182739369 2.265988784302677 0
503 3.882797487608678 20.82041427926239 0
504 3.96442787059616 21.47288353027934 0
505 4.410629564258813 20.99603066605707 0
506 6.677638761172534 24.38293954428704 0
507 4.569150937887327 21.4920894447903 0
508 24.37989975895403 6.679866464467269 0
509 20.55172137113412 21.34023080997148 0
510 20.95930572466843 20.99948132304404 0
511 0.5411776327415386 22.76026497340107 0
512 21.85143770191989 21.44640613292045 0
513 22.72855802846064 0.5297336947007713 0
514 23.37823261007269 0.5444538309127663 0
515 23.96824307224404 5.566216052092643 0
516 23.55543187710558 5.069994020636688 0
517 23.20825821055488 5.446603580641338 0
518 23.57199255638704 5.994593400242088 0
519 4.464571122108257 4.232574598823031 0
520 24.48077548452541 22.73953460760113 0
521 24.45796828626888 23.38273607590982 0
522 4.60742593543556 3.731441110806665 0
523 22.99447186412539 5.912773976356084 0
524 0.980637586468991 1.274362366360347 0
525 19.85536172810561 15.86242411407819 0
526 21.15252296038993 20.45076194250003 0
527 20.67567258956165 20.54154641579878 0
528 20.98819199724408 4.413599275821531 0
529 20.4998163212781 4.217228378019663 0
530 1.445195964319363 1.189880551140837 0
531 1.648175235118269 0.5948933149287191 0
532 1.121814109866647 22.94713518742496 0
533 1.503302943791809 22.66496287389304 0
534 1.02433044478485 22.32795182697566 0
535 0.430367966160754 22.20799330449227 0
536 17.1811689107874 22.03583126522637 0
537 17.41867517134808 22.65970375491419 0
538 17.74766390378204 22.06711054612428 0
539 4.34324625396447 4.716098775288258 0
540 16.76885621350554 22.50499231318957 0
541 3.80162210296912 4.95503723154637 0
542 8.630988342548269 18.77766119554082 0
543 8.200610672060192 18.35031150985792 0
544 8.024958424198543 18.90980880300879 0
545 2.219685062520238 0.5390280829320983 0
546 2.027342667726627 1.170854995927217 0
547 2.727708455513477 0.9940096991104944 0
548 8.769974794808322 18.22501027343336 0
549 1.100438060292827 24.52173138023753 0
550 1.673397590737753 24.57569267234618 0
551 1.51776445304262 24.06888699337016 0
552 0.988054552018264 23.99832042329769 0
553 20.62062852681572 4.778801002966403 0
554 4.690601154154514 2.141618336751851 0
555 4.754000225823701 2.715349759526067 0
556 5.260895225998349 2.108884598915377 0
557 10.14252370919378 2.391501630031944 0
558 10.80195985664967 2.120307025121495 0
559 21.10355932195784 4.879406496779121 0
560 5.42407748534146 2.771540437559512 0
561 22.19060000619424 24.50294049781074 0
562 10.93771892282736 1.551218329965905 0
563 8.872715522090354 4.050610450943092 0
564 8.575701724824112 4.518668238722573 0
565 9.121400286649948 4.532682635895477 0
566 8.401901705161663 4.075396665157115 0
567 4.928796220981682 21.15815646483144 0
568 4.776926999084067 20.63521423698024 0
569 2.742169557659206 24.44751124028193 0
570 22.87604874139222 18.74145781647292 0
571 24.54369721420795 2.775903491172332 0
572 4.768141161866747 4.518872639919763 0
573 2.490585788007714 23.83816440611791 0
574 1.924583502796865 23.65039886528166 0
575 2.10025403283061 24.19835690773268 0
576 4.996918768563931 4.065317518232042 0
577 20.13836550399915 4.655433657501849 0
578 16.91668074300249 4.457504711071133 0
579 16.37914728787222 4.188286890551334 0
580 16.5123543846161 4.780495215817177 0
581 20.00679640837683 4.017749011136302 0
582 20.30259394977558 20.78094564395189 0
583 20.31259520763395 20.18267022196622 0
584 20.87126067552959 20.04149305284711 0
585 4.205082249288493 2.351021675923965 0
586 4.75509042810169 4.942221509556693 0
587 4.312599744658642 5.175035744171692 0
588 24.20452680715099 17.85998508621122 0
589 24.55514500257199 18.20317163782566 0
590 24.6100595993719 17.74609584225758 0
591 22.18458825822 0.4312760911841151 0
592 13.97605847783247 12.98532113897932 0
593 14.45791588206011 12.9358521845637 0
594 16.96290944395667 3.983220199962873 0
595 19.88648725920974 20.37030548142102 0
596 19.69783358366212 20.8257646377069 0
597 24.57027858540923 22.2067610246912 0
598 1.35567093856728 23.47633872655142 0
599 0.3989713620276104 17.4910284345892 0
600 0.6996262616976531 17.83263572060231 0
601 0.8769776757438427 17.29449835669246 0
602 20.44170475965317 7.420362314696153 0
603 20.99145898377631 7.84985055972775 0
604 21.15420146527508 7.379222693284749 0
605 20.60567416713279 8.162156260929367 0
606 1.23203569399003 17.65734836342818 0
607 0.906084386835063 2.300303926252194 0
608 1.481103580973713 2.252728281567527 0
609 1.199990960122733 1.780560079213563 0
610 1.741157836470634 1.698612537064776 0
611 3.174601411553823 23.95588392059129 0
612 2.73343322323026 23.47578572895729 0
613 1.703712242691475 23.0975100073365 0
614 3.359068448768422 24.55506030030955 0
615 22.71442208162032 1.486405996465252 0
616 23.30083297538194 1.623604289985293 0
617 23.01838284624664 1.047935954719746 0
618 21.32257793749741 18.10975734935485 0
619 20.72246029950515 18.17861438545289 0
620 20.71446468015237 21.86817896971966 0
621 23.50671075260805 22.72901499179615 0
622 23.37670552658239 23.30815216752894 0
623 23.91931442195116 23.00350883258615 0
624 16.42055727803887 1.365322072669914 0
625 15.90706844025961 1.791841714359079 0
626 16.50389684575834 2.048047707374232 0
627 20.24445723353312 5.134954549202098 0
628 20.76612732586434 5.297374649311647 0
629 0.4562133235548995 3.488979147056699 0
630 17.34231499693322 0.823101643096227 0
631 17.676795160914 1.238212547286086 0
632 17.79060018809371 0.6076961374643793 0
633 24.07686129988093 0.5885081425994677 0
634 20.89862426564779 17.64745281412334 0
635 4.695750407807937 9.016957584114301 0
636 4.565361440595953 8.203365026219483 0
637 4.1404681768152 8.836449157023113 0
638 23.69749613841114 1.064788160907086 0
639 4.651819569184068 20.16509421346338 0
640 5.139260618619994 20.2531846570999 0
641 21.63099933430886 24.46770741085777 0
642 22.54266564294612 23.98500804906279 0
643 22.18102872066953 23.59915556195887 0
644 22.0258391263519 24.07978271371804 0
645 22.74434128260989 23.4037137977042 0
646 5.073421136538616 8.636295163697659 0
647 0.9026497161831215 6.807599569786526 0
648 0.4541003416995208 6.584093743061197 0
649 0.4774536672629854 7.212509800893501 0
650 5.298556748352923 20.77436887841712 0
651 24.23686449399208 17.4373199776137 0
652 24.46679342147583 3.368979861852655 0
653 24.41157253519846 24.07854929170476 0
654 2.26847299997552 23.30104977386262 0
655 23.93612665994119 23.70043807889701 0
656 24.07597487864928 2.333603202600488 0
657 23.64883774139223 2.763570161996896 0
658 24.10516315772891 2.917618329069433 0
659 23.43008378219598 2.166508149518713 0
660 23.65104541466724 17.73930826427565 0
661 18.61764001030546 3.134097103623985 0
662 19.02091529804342 2.709208155764941 0
663 18.65141145216097 2.596840521790788 0
664 0.5493765983491233 7.84240211734263 0
665 0.6787620803878527 8.320927933243347 0
666 1.123815348012024 8.06386079419754 0
667 1.083531568543905 8.625542028392266 0
668 1.016228494431878 7.491708770350474 0
669 0.5736285177360466 21.73362160633495 0
670 4.273940206086734 20.35765099683384 0
671 21.72266231640497 0.5663755600955783 0
672 23.02339919102059 23.93991357937238 0
673 3.72881508339938 20.27358386904828 0
674 24.41507856335645 21.73922510880271 0
675 1.752352363496065 5.416721144859247 0
676 2.353897067278102 5.654494990453741 0
677 2.330905012166348 5.168416207402177 0
678 14.86159213530043 12.67708117861332 0
679 10.67954072734062 13.86105694794781 0
680 10.81536517593674 14.3263766060699 0
681 19.19542170927523 3.341833855823107 0
682 2.003463126192869 4.78998522928123 0
683 1.664564618334316 22.27499951663844 0
684 2.019505455142493 22.73796161866464 0
685 22.30272061840204 1.03222742970751 0
686 22.23619268883066 1.66793055309789 0
687 22.74652850487988 2.018134264811558 0
688 23.97151974253682 22.33042106175585 0
689 23.29199420127912 22.26800339362103 0
690 22.98021684916598 22.75006770972189 0
691 0.9389425454035853 3.374119351332545 0
692 1.218620834697539 2.826262117998741 0
693 0.5652545596849975 3.880697824544068 0
694 1.560247672669886 3.202469748019412 0
695 1.821513404750752 2.604909372394208 0
696 21.65370569927472 23.94261519981994 0
697 21.1257158045209 24.39775098665518 0
698 21.77550903654484 23.3550703338349 0
699 22.37324919333065 23.02347351388346 0
700 1.435137520650907 4.982823727419569 0
701 1.908164394363508 5.924497474523896 0
702 3.845588515567705 24.40079180996728 0
703 23.94151348359193 3.32887306243882 0
704 24.38406018175153 3.875748484756393 0
705 3.156145515728308 23.30228036761352 0
706 2.577360409217968 22.98155017579 0
707 23.3326773884549 3.219076682132288 0
708 23.01680125753122 2.606023268921046 0
709 5.449926363955083 23.2067609496209 0
710 5.996277888690493 23.57225319753712 0
711 5.915829709516404 22.99381587697577 0
712 5.569272280842413 23.96777844667956 0
713 24.05961735502824 16.11770837369681 0
714 23.83162591523619 16.50512057631281 0
715 24.45463742120164 16.34564626076416 0
716 18.19689134384122 2.829548291324066 0
717 1.215649743313522 21.71779530826512 0
718 0.7714229521571535 21.21177298208067 0
719 17.66017684049189 7.958699321163558 0
720 18.15601404821283 8.028861730140376 0
721 18.13904704974913 7.520259926591751 0
722 21.71419830513697 1.215237238543093 0
723 21.19825050047483 0.719512601138752 0
724 17.79852000365988 8.394299174517741 0
725 23.73664791562031 21.73217178258484 0
726 24.21202511518413 21.21727883068695 0
727 18.1856501661274 2.325434334738032 0
728 3.280608656724661 1.274277400812098 0
729 5.071077350470671 23.55324108878208 0
730 1.914432300215185 21.79947396258713 0
731 2.310166822758038 22.40185150944504 0
732 21.71245401339247 1.863122747212529 0
733 22.29973155460959 2.37146976496624 0
734 22.61259469769609 22.41498978082256 0
735 1.219860244006345 3.804676328134589 0
736 0.776511245145155 4.356952661291775 0
737 3.99409473466496 19.85373972229814 0
738 4.472498004407178 19.75947999072737 0
739 4.041759369949822 19.28287204211035 0
740 1.89394688964749 3.658223669281869 0
741 2.216187243033934 2.997441550138841 0
742 19.74708909719955 5.018789880867007 0
743 21.18314217270126 23.75622419178092 0
744 20.61978095411467 24.21995911747249 0
745 19.63108903377356 4.453387600850705 0
746 21.31330801013148 23.0899967593127 0
747 21.94862041262753 22.71895677407563 0
748 3.818484450832257 23.70845997027289 0
749 4.388043475407645 24.18534666604824 0
750 23.71154902292483 3.828244841890804 0
751 24.18450517808559 4.39505979251894 0
752 21.9074062001175 4.263946994483956 0
753 3.656555144977496 23.0216303554386 0
754 2.976438461437526 22.67037205396137 0
755 23.04281750387327 3.681479404684741 0
756 22.69808414557503 3.039085677088179 0
757 3.759904303220575 0.7623249619496505 0
758 3.783813437176023 1.425188465290174 0
759 3.426405003201269 5.467627223335786 0
760 3.168601474498685 4.928721721767601 0
761 0.9594664954767244 12.65518002813984 0
762 0.4345189333525907 12.56577197555142 0
763 0.6125633563400551 13.14734211333075 0
764 4.278656569853736 0.93044333471826 0
765 1.426284934301415 21.17876637695864 0
766 16.72296109495961 16.34487439272172 0
767 17.19762406471628 16.81107462685401 0
768 17.26175712147869 16.20732807156181 0
769 5.008007994467367 19.73924343105752 0
770 21.16559580959608 1.406660687881351 0
771 16.57980182840472 16.9284418344942 0
772 23.54098824396021 21.20020292507284 0
773 2.974055479686497 3.985738283858773 0
774 2.161227959425411 21.2766793382006 0
775 2.708699729270502 21.9467517254199 0
776 0.9893924760563787 20.67567055538661 0
777 21.1811637418996 2.070291588559706 0
778 11.35372847608581 14.6075483734083 0
779 20.66885243854412 0.9304235793188284 0
780 15.32273539189355 12.42854498009844 0
781 15.50946879467279 11.91833220750007 0
782 24.02838033831246 20.70606063960525 0
783 1.513248634096044 4.369613321381649 0
784 19.31338698820898 22.59207317427838 0
785 19.10802700085619 21.94429198555901 0
786 18.76423844436201 22.5572691482978 0
787 2.282648681202131 4.125126436543963 0
788 2.571488879485818 3.450014633829543 0
789 0.941694824158144 4.875783340965703 0
790 13.21010750927309 1.056345682784534 0
791 12.86110694516659 1.52484704910133 0
792 22.09092132684286 2.896640369708202 0
793 20.61083352458169 23.5319527521349 0
794 3.381911582013244 21.27897278436799 0
795 3.421121403821968 20.67392043460098 0
796 20.86926450563306 22.74467564684585 0
797 21.49247838314207 22.43310085191968 0
798 20.07334207424788 24.05855935751997 0
799 4.44388701535148 23.39802022308566 0
800 3.088700101315172 20.18186064037504 0
801 3.462073505274702 19.68750011570358 0
802 23.40437847494616 4.448304520162105 0
803 4.094672212810022 22.68248133416247 0
804 3.44970322979024 22.36816818196984 0
805 4.938049184007672 24.02946557932462 0
806 22.70466016450225 4.094340118464076 0
807 22.40555584213834 3.459824572116555 0
808 24.03098089725701 4.938347162384076 0
809 4.320767735165988 1.620525155425543 0
810 4.908388570285849 1.095510481911129 0
811 1.683577057963387 20.62072244715734 0
812 4.154505807471724 6.076539199146427 0
813 4.726871527992624 6.285507205788887 0
814 4.613783269057842 5.566073998442787 0
815 0.4182528660959459 17.09773782607091 0
816 20.57896249277378 1.644384327198275 0
817 23.31073109079734 20.6487758723623 0
818 4.073616354107783 6.575419831708964 0
819 2.410499606574629 20.79622513132315 0
820 21.61260445730639 4.936573679153226 0
821 21.38523598050512 5.480334663915361 0
822 1.139190278197457 20.01920400090001 0
823 5.197792462189467 5.749499584125966 0
824 20.06248454292938 1.036657865028904 0
825 22.6751312622613 20.82464100083935 0
826 5.49837314227692 21.44477642067026 0
827 5.026354532990937 21.61408005665049 0
828 23.83747851532858 20.06111582260237 0
829 3.95018664066004 5.567712606327081 0
830 21.99640596016702 18.0082526901417 0
831 2.706486545545722 4.677210538080774 0
832 22.64891817098755 18.22173585626561 0
833 23.6040450818371 17.0747159616207 0
834 23.06493314510988 16.55249369213066 0
835 22.99805215547129 17.12212263273091 0
836 21.07750198828345 19.503024580657 0
837 0.8153152916081746 16.75721639327964 0
838 1.500157087676707 16.99388479545216 0
839 19.88143124141525 19.92131288502714 0
840 20.45608520642196 19.66789256020611 0
841 23.4550124273151 16.04403676599765 0
842 19.9104858598709 5.466634503718739 0
843 20.35596650941978 5.677124433201566 0
844 5.480799173534005 19.94655609420339 0
845 5.684950304576997 20.38786213769693 0
846 23.08824789422861 17.85549269017208 0
847 23.19409580642213 17.47096111031689 0
848 17.9903239232384 3.402848739798472 0
849 18.67843165358923 3.786012600838755 0
850 19.40081099180486 5.450678355853924 0
851 19.19889450802278 4.870466807911903 0
852 4.451126791397553 22.37251972921599 0
853 3.936798669904094 22.09519297266251 0
854 2.322078626171423 8.029406466047176 0
855 2.94623231254421 8.465081216838039 0
856 2.866063479856571 7.830378018230762 0
857 22.38829162310089 4.452298516456998 0
858 2.236833089201415 8.595017383367239 0
859 5.489799419649947 19.44524367793766 0
860 4.910064491210504 1.625584030142827 0
861 4.865366154822371 19.15827954208699 0
862 20.47113200340132 3.541828473039047 0
863 3.589157349758521 3.17530555178703 0
864 3.142630120604352 3.449239440952284 0
865 15.97262604276081 11.94458282898369 0
866 15.71308579920587 11.45427143837992 0
867 22.62908848333101 17.56316600059285 0
868 21.97980112707343 17.31432061845482 0
869 3.452152409585819 17.60026965369487 0
870 4.054900763940875 17.49294127101693 0
871 3.651265684423908 17.04603822308938 0
872 3.976066648468663 18.10092293018146 0
873 8.254378088876159 24.4539423657736 0
874 8.264788818182513 23.80551433347467 0
875 7.743676354652465 24.19044824129596 0
876 7.798105446241714 23.54048062239127 0
877 24.21495881740557 7.746471470509358 0
878 23.85336076580795 8.292195392889564 0
879 24.47714184033053 8.260716587500415 0
880 23.5926414345147 7.792352749019583 0
881 2.880978840820365 17.66740818824307 0
882 3.285498107253078 18.14849325415664 0
883 17.00306842009132 23.06266434638919 0
884 17.60341864499121 23.18700827573093 0
885 17.18149040824113 23.58485760771827 0
886 16.58085524545457 23.4657109705053 0
887 16.33444692749702 22.98695262995559 0
888 17.27591903206612 24.22773953320101 0
889 16.83147717840388 23.94697186450238 0
890 16.79230245883454 24.48820071624513 0
891 22.68965696983624 7.485758530951771 0
892 23.07717458542984 7.793742811922343 0
893 23.21097267596907 7.32078096697122 0
894 2.179619137450482 16.66679487367137 0
895 2.837206293894063 16.45356465759481 0
896 2.261477763425816 16.05146358137312 0
897 3.000536358695814 15.82890722444418 0
898 7.322987365282259 23.19186344222512 0
899 7.793873895311698 23.04206979347377 0
900 7.481679452052092 22.68614222592301 0
901 19.81728193133928 3.35494713331645 0
902 1.759559694261615 15.66538506360251 0
903 2.335913550260976 15.43562343940967 0
904 8.756136208881328 24.0998490027185 0
905 8.812766195890811 23.3639811347555 0
906 10.54510021108104 16.01798844524014 0
907 10.28836753471834 16.61719684250329 0
908 10.73939772935125 16.44771177752894 0
909 8.249441685654945 23.16733144646867 0
910 8.07819043826291 22.58474938084472 0
911 16.58119644026488 2.660148527525567 0
912 17.08488972495939 2.332009739800705 0
913 17.01820428278459 3.010049682996627 0
914 24.04757120229007 15.59151030775858 0
915 24.50366741494614 15.83338048099669 0
916 23.47184902695517 8.964282833867857 0
917 23.23339901079471 8.268340470130122 0
918 24.15775081686333 8.767396778785242 0
919 19.58988989475895 18.48440706781782 0
920 20.35914788143986 18.57238631137242 0
921 20.17596307986577 17.88388462062705 0
922 18.61973083687537 20.66246763776437 0
923 17.87910082798096 20.58218697412719 0
924 18.10808311883491 21.14057587225917 0
925 13.44507306424591 1.58418566138166 0
926 14.1034169751062 1.68329053213281 0
927 13.73961469210762 1.193915086089882 0
928 11.31773389052656 2.468416161718013 0
929 11.31914650414473 3.023137900694375 0
930 11.82829820550943 2.791370072958135 0
931 8.069321232437408 19.60805213271158 0
932 7.462057350009043 19.23275647363031 0
933 7.497780193052363 19.8776116976038 0
934 6.727647296108302 19.49041732744952 0
935 10.79612147678725 2.742165157378921 0
936 15.49904836408626 21.29995788411762 0
937 14.95441053134557 21.0343271633727 0
938 13.62615424033815 2.140806602338032 0
939 13.06949424956211 2.506470048694244 0
940 13.74059137471498 2.729602359162686 0
941 8.890389040697391 1.78529493170706 0
942 8.661520247711303 1.073721753459983 0
943 8.322137570044706 1.484173911026275 0
944 13.09715551878708 1.960651536099136 0
945 18.03962074983895 4.103719941913083 0
946 17.91620557983986 4.871278082416414 0
947 18.59342274601316 4.547729857952408 0
948 18.63239947312952 5.297824879028378 0
949 22.15005734568858 7.704624779323076 0
950 21.68711265495947 7.352955775628277 0
951 21.54339994822758 7.843241118327863 0
952 1.042506047613116 9.831328774017397 0
953 0.5281744055410044 9.733007895137753 0
954 0.8032477144944145 10.22712396843369 0
955 2.954310078882995 20.78326795688582 0
956 2.637962954982358 20.42483879007934 0
957 22.49809825574441 16.9492763948122 0
958 7.948884771002168 21.48472340640825 0
959 7.345610016167742 21.67317918764821 0
960 7.691784993542046 22.14372147682299 0
961 7.21087548452076 20.993007670485 0
962 15.66832771984412 0.554294798572683 0
963 21.91630746058267 16.65330456567598 0
964 21.28363439389413 17.02889360502639 0
965 19.63059862196634 17.32666829269737 0
966 19.2925953234536 16.75411003237041 0
967 21.68065994864747 2.449022708730962 0
968 21.20298876385278 2.636633584359596 0
969 14.10706232279555 10.7260393636829 0
970 13.44080383577069 10.65120517752751 0
971 13.52703787963286 11.18693014633979 0
972 5.799441250222512 9.560390177603072 0
973 6.345344076774243 9.708982353528501 0
974 6.157206864394893 9.206261388061566 0
975 9.2421577856942 23.88206895242397 0
976 9.166538901093686 24.47591590019668 0
977 9.675169696328954 24.24573482888514 0
978 22.84941808866996 10.57913458007812 0
979 22.43818782885862 10.97607396989846 0
980 22.94992723665228 11.09241099851115 0
981 22.301345998536 10.34855821492154 0
982 1.103983606097884 11.58571177155816 0
983 1.571068077677664 11.11781710059128 0
984 0.9174104509833616 11.11380825603248 0
985 1.761899174635689 11.76902814219478 0
986 8.06674233863068 1.021608152380069 0
987 8.477895455481875 0.5162583787876025 0
988 7.875752325098532 0.4965690123600734 0
989 19.81823652586296 9.644610621838806 0
990 20.56649291613157 9.920963099800366 0
991 20.4011552937526 9.263143180448003 0
992 4.553519607297766 16.36094889179565 0
993 4.277850028653854 15.90534747620841 0
994 4.003447472759512 16.41571342756075 0
995 4.849526577034484 15.83805615641405 0
996 10.15983471282728 4.440951399763071 0
997 10.6301837894084 4.584726228370612 0
998 10.47218838093555 4.050044927886931 0
999 10.16994188956255 5.007389776251015 0
1000 11.32063759409982 23.13206487134052 0
1001 11.69647955767718 23.51762839677414 0
1002 4.335806701499203 21.88252441533181 0
1003 7.738297658236972 3.182671694768404 0
1004 7.330698945446106 3.603929071007833 0
1005 7.795952739569059 3.858930553480379 0
1006 7.168236552025852 4.28715139368616 0
1007 2.622233272016892 9.012191755001082 0
1008 3.150183984798934 9.181052523752969 0
1009 11.52789217483054 22.65417592554801 0
1010 10.96521410209761 22.77461025027848 0
1011 19.76345156894448 7.414114013518279 0
1012 19.23553325764736 7.253679516694426 0
1013 19.35658768151199 7.909741355163344 0
1014 11.20551334906254 22.2496780172833 0
1015 1.72658636666119 7.772154435045504 0
1016 2.910277302660204 19.51959082548105 0
1017 24.30959749819648 9.607182040052859 0
1018 24.51592879759525 9.150215466698937 0
1019 23.99144382934654 9.204375532095614 0
1020 7.938751533109823 4.449611021629381 0
1021 24.01220144555106 13.26327351037961 0
1022 23.74754461892704 12.8710443157861 0
1023 23.96494650752646 13.77862081488533 0
1024 12.21639034010929 23.56827669350995 0
1025 12.75755158397028 23.64068748142618 0
1026 0.7081124863676221 15.30084486739031 0
1027 1.265455471863321 15.27046560705207 0
1028 1.006488097059896 14.78920910568108 0
1029 1.753548714678598 15.01304761311871 0
1030 18.15354521077252 21.63548270989654 0
1031 17.53690262597978 21.50846638261464 0
1032 11.95395786338606 24.04312348708061 0
1033 22.01196955451832 15.91443223817188 0
1034 21.40862121898048 16.31804519110455 0
1035 14.54042990763646 21.24238694228373 0
1036 9.539093986420227 0.7128369797149476 0
1037 9.07459071518312 0.5869119935169357 0
1038 9.2349805541311 1.218654846745679 0
1039 7.115653089369053 7.943524859019225 0
1040 6.671676108177049 8.237280823646822 0
1041 6.177996932128255 7.864967468587118 0
1042 13.16833208929026 5.821497118028351 0
1043 12.58190983507906 5.995727825514001 0
1044 13.04480108594785 6.45883151673726 0
1045 9.30480124065898 20.24537236929034 0
1046 9.868854124108877 19.76310228649397 0
1047 12.70452817470442 5.351495120928604 0
1048 10.10302704059731 7.26022825554016 0
1049 9.489722326778629 7.245919009356943 0
1050 5.787545907455723 17.12293247374985 0
1051 5.064534364337166 16.79439848481879 0
1052 5.178997087625235 17.58129449122773 0
1053 5.767073931300159 16.37606390260487 0
1054 9.974154555914911 5.577124407162265 0
1055 9.470552498434781 5.046332734097946 0
1056 17.70937581974109 17.20643352698438 0
1057 17.07000062225681 17.34181065231547 0
1058 17.69875081854293 16.48675278355392 0
1059 1.561733302457989 12.76931379758138 0
1060 2.005021749506453 12.36956753080455 0
1061 1.314164138102947 12.25074578443988 0
1062 17.64448951610147 21.05179083628265 0
1063 17.44010406276997 4.338653475040295 0
1064 17.17981090810175 4.971928921535612 0
1065 18.06409435179301 9.268283023928797 0
1066 18.16164306354197 8.748533910049266 0
1067 17.65892765643566 8.953744715468799 0
1068 17.4897883630896 19.98699841635811 0
1069 17.94808454494115 19.51331201086017 0
1070 17.20234944207561 19.38108546982457 0
1071 17.75428288982034 18.78560414396757 0
1072 18.6224547542227 9.074230494717522 0
1073 22.3734348118438 9.649725993470469 0
1074 22.95463972069401 10.04814828203717 0
1075 22.87107550365601 9.326252015379074 0
1076 21.98707300998344 11.40083187457666 0
1077 21.89138883734296 10.92317803517924 0
1078 21.85311101632483 9.233880209505747 0
1079 21.77065572712577 9.900890347682783 0
1080 21.13691638194308 9.477317620950943 0
1081 22.56186257160196 11.52032592620542 0
1082 21.7734345097047 10.40418753404871 0
1083 21.44018791640852 10.83686213738842 0
1084 15.11401139063084 2.719306082306924 0
1085 14.75669825362391 2.04789106442807 0
1086 14.42700794569708 2.698268562270532 0
1087 21.18569163983598 10.29167252506329 0
1088 15.417903107459 2.113055929783557 0
1089 11.29467486164056 1.970001334928583 0
1090 3.779112822672747 9.29958906248231 0
1091 2.709707273088664 9.706932084291763 0
1092 23.91222047747029 1.636092144163204 0
1093 13.60534182771838 10.08269090740833 0
1094 11.35501860428474 21.71799376953398 0
1095 11.87568906110272 21.63011257429218 0
1096 11.5242037822966 21.19177310686114 0
1097 12.10872579734716 20.99084486222435 0
1098 20.43947200514525 15.16616410479115 0
1099 20.85338870478025 15.02518739253418 0
1100 20.51375867740251 14.63194001252642 0
1101 21.13657172160845 14.62591415130625 0
1102 23.48665174411894 23.95287559992695 0
1103 23.57134002597564 14.59693447613792 0
1104 24.16708780579775 14.97226153063842 0
1105 24.28357339532653 14.31985996172275 0
1106 23.55637693380832 15.276603197541 0
1107 8.339322441942926 16.41308071654407 0
1108 7.875787640741199 16.78068648338821 0
1109 8.480715904505859 17.07432309873419 0
1110 7.750650538489618 17.35210375525504 0
1111 16.60123985551319 18.29222516871541 0
1112 17.24061078404784 18.29868999820471 0
1113 16.86491569997912 17.83416402859839 0
1114 2.062126330923581 18.68958195257792 0
1115 1.80641061162316 18.04437477734339 0
1116 1.52775478749344 18.58378362247392 0
1117 9.727886995748349 22.44890875771759 0
1118 10.3309699688028 22.79449366170573 0
1119 16.96422790066751 18.79019299376723 0
1120 16.48917249856877 17.39966464877143 0
1121 12.47810504151741 2.055261054508505 0
1122 12.20175434817881 1.509440525513537 0
1123 9.866550819598077 2.97700597588315 0
1124 9.34048633442543 2.507462412577964 0
1125 4.252361313112814 10.86103430745695 0
1126 4.49422406400189 10.48708961643382 0
1127 14.08752171873321 3.262498403420122 0
1128 4.343011831743103 9.978183431840121 0
1129 4.041057415796812 11.27270863899221 0
1130 4.546064333495637 11.23905644920249 0
1131 24.46491418496089 11.22308219307099 0
1132 4.286299707687684 11.82579770157937 0
1133 15.24346410423576 18.32613204140832 0
1134 15.97524413267221 18.39315194261719 0
1135 15.57558668769199 17.79337133075171 0
1136 16.247509102635 17.81415664931606 0
1137 3.396908940057001 12.70846490131669 0
1138 3.829452626017979 13.21229416559036 0
1139 3.90473817973574 12.43125081039101 0
1140 4.484238958091638 12.91058493698272 0
1141 20.03242079302267 15.34471986657815 0
1142 20.40012447772434 15.74758980239995 0
1143 20.8479626722746 15.55856585758665 0
1144 19.09301567135001 16.29307629547091 0
1145 19.28595428600668 15.87580532961663 0
1146 1.138437538176624 18.22408440409209 0
1147 17.03336673161598 9.144834669556827 0
1148 17.29284314507517 8.485710370946132 0
1149 6.286880987280126 8.61141078967372 0
1150 6.662017945338718 9.205670436467786 0
1151 2.539585895714372 18.16586328853953 0
1152 3.243657588406272 0.5747917952405004 0
1153 4.425770870565214 18.66248890814322 0
1154 4.537909493184457 17.89054109513459 0
1155 5.69235006235887 8.944853183034748 0
1156 19.00687009597227 22.94976018486087 0
1157 13.50949249044173 12.50521583322588 0
1158 12.998214826534 12.18999434274465 0
1159 12.82629670178531 12.75249411147433 0
1160 13.4116888892061 11.80088323854833 0
1161 2.333203347059869 13.56001453064158 0
1162 2.937581015405483 13.74895955995961 0
1163 2.685548964747812 13.21891777434311 0
1164 3.196908031195962 13.22498326443558 0
1165 11.12193646847505 4.870303529868238 0
1166 10.70110931278521 5.084057865337662 0
1167 18.14442679889552 22.67850438522082 0
1168 18.55728125813162 23.13136525957114 0
1169 14.79081221071863 6.34085212762197 0
1170 14.1728964927107 5.910585158033014 0
1171 14.15986968548788 6.652919744337024 0
1172 14.67892378216231 5.685783016894193 0
1173 16.8105925947707 7.435079579635096 0
1174 17.14066713568508 7.013268895950745 0
1175 16.5741476165415 6.921350190710275 0
1176 17.05047152020862 6.428491018933051 0
1177 20.99661438524011 14.19980768669025 0
1178 20.35684214536824 14.05478781159504 0
1179 23.28462945945222 24.48627841165017 0
1180 23.81285037115267 24.32959925258573 0
1181 24.47020003102756 1.728489554985491 0
1182 24.32841067724694 1.187149597845111 0
1183 12.17236164027577 11.24944095959797 0
1184 12.0537923892364 11.80443929427921 0
1185 12.72723612231262 11.66753487962681 0
1186 2.718588979851676 0.4181387095707595 0
1187 0.6408967391488913 23.38052447324034 0
1188 12.34556862626058 12.26198256560261 0
1189 2.322311322083206 6.842036076505414 0
1190 1.761968192441067 7.159991561605779 0
1191 2.381620549890259 7.48844365723265 0
1192 0.5003348428677172 24.48748819241114 0
1193 1.701059414944635 8.34355757412014 0
1194 12.35858792648228 10.56306094280943 0
1195 11.60203499955004 10.85972978034305 0
1196 2.05323927766074 9.973284731520312 0
1197 1.9295261804548 10.65663695447421 0
1198 2.543159538346052 10.37120093343083 0
1199 11.78286709829845 10.16024353769942 0
1200 6.72216629280452 15.73670325022385 0
1201 7.062199945278403 16.2586207344545 0
1202 7.34386495621392 15.65661181081087 0
1203 6.510914666580563 16.36736090238135 0
1204 6.864583820922128 9.809398219991129 0
1205 7.281997085104547 9.283369353021174 0
1206 18.20368009892065 16.18110463883864 0
1207 18.0851925771983 16.76084216923477 0
1208 18.64157621891511 16.60185476322487 0
1209 3.746737176324012 18.73820911615337 0
1210 22.4980334641815 12.89108561260546 0
1211 22.05451740626336 13.36038550914112 0
1212 11.54330813010182 1.472983975343718 0
1213 19.57865398327924 11.31757859164445 0
1214 19.59524357395774 11.95207406884659 0
1215 20.08827770165866 11.60628003768709 0
1216 18.93600969713821 11.69662030916552 0
1217 6.492273082397562 10.20199718248167 0
1218 6.9925963499943 10.47470182246221 0
1219 0.5641295098673619 1.707499698212082 0
1220 12.57437494967007 14.02889532194977 0
1221 13.05305289248478 13.75342633175912 0
1222 12.67487461105847 13.39031747311706 0
1223 13.06655655003336 14.3250945309761 0
1224 12.10840770043228 12.94534570984283 0
1225 14.38064643581581 3.661643294439004 0
1226 12.39962809166543 2.629292924330202 0
1227 12.24233436684556 3.112684546420356 0
1228 11.82770795983923 3.399332249336288 0
1229 17.04053246820387 7.944190325947282 0
1230 16.33677236799513 7.975075338157574 0
1231 16.13834805001577 7.380090984598408 0
1232 19.06976476582133 11.01035716189033 0
1233 19.54363245922913 10.66060584670272 0
1234 20.0013688587855 10.28303018071615 0
1235 19.46179470131289 10.11883418222317 0
1236 3.590137911023702 13.83256987142631 0
1237 3.090297565393903 14.36646728007802 0
1238 2.555284350178809 14.14463624604591 0
1239 11.85506689869705 6.288598873395718 0
1240 12.01282737203494 5.489923555647467 0
1241 21.52503338095481 12.13626025951663 0
1242 22.17704809681145 12.38758055059251 0
1243 22.08757293636337 11.86952236024001 0
1244 21.75373076292287 12.74289919264552 0
1245 1.493991360529628 10.17108721399957 0
1246 24.38355766388132 24.62785381721022 0
1247 19.75295017024833 13.91997566555819 0
1248 19.22761560473926 13.63849907809816 0
1249 19.35082431812159 14.44684481327374 0
1250 18.7381463050827 13.95772487713494 0
1251 16.94583325030952 20.08705847541991 0
1252 16.83967438398915 20.61091230022065 0
1253 17.29145379930946 20.53665291664944 0
1254 20.15607344773336 13.40202304150557 0
1255 19.68830199947315 21.69555891900811 0
1256 19.67337532707841 22.16617715106396 0
1257 20.20035245841305 21.82693964136996 0
1258 20.78016557128051 13.5895488146413 0
1259 2.450102923689096 11.96350274096348 0
1260 2.741818729923796 12.62869331397739 0
1261 2.185208717075873 12.95934825706124 0
1262 2.890908736506092 11.38505176677991 0
1263 2.181471295389397 11.30752485308385 0
1264 2.485322679373039 10.95311241349942 0
1265 12.34579659141438 4.939692660591389 0
1266 11.75240573199653 4.717979571342822 0
1267 24.62718496916083 0.6164557772522986 0
1268 24.38813917392701 12.93466281704405 0
1269 8.02273203422472 8.2874568735838 0
1270 7.552421762495878 8.272512345408154 0
1271 7.747249737147393 8.746702034787724 0
1272 7.824148293477795 7.736849486024659 0
1273 21.27234154256887 13.16909994371726 0
1274 21.56348708392276 13.78161536696682 0
1275 9.51797766894286 21.37310846706301 0
1276 21.62886111185818 14.51503996310567 0
1277 13.26013972472262 5.174307748300765 0
1278 13.71387237536245 5.477756318205248 0
1279 14.32758898472525 5.189024697497287 0
1280 0.4246584402894281 23.98630465150601 0
1281 4.457749886021071 15.37561765679559 0
1282 5.058495057591733 15.42123000084309 0
1283 4.958307040378836 14.79533654279254 0
1284 0.4071458889679043 2.274843915049957 0
1285 13.46917209174764 3.32668720288216 0
1286 13.02080318382705 3.92062389704152 0
1287 7.772598291086703 10.61334530486581 0
1288 8.587713818151775 10.67569175769167 0
1289 8.312064710200335 10.04526280952796 0
1290 19.81334553829184 22.73312848480097 0
1291 19.51446552269317 23.20181209108764 0
1292 8.254176497589881 11.35300185491031 0
1293 20.72833404730257 11.73202169556236 0
1294 20.9954106817621 12.51298327781778 0
1295 16.35377810374053 20.32040266738644 0
1296 22.83978442980244 4.628472028026196 0
1297 23.16529873262786 4.950498785670387 0
1298 19.9533180676577 7.97384244664915 0
1299 4.954251918590884 23.16418024418834 0
1300 4.629962450131796 22.83935654019855 0
1301 5.093911283048042 3.37248127417947 0
1302 0.4626805723431546 5.919209375289056 0
1303 0.9103891692099642 6.209054087453556 0
1304 21.40810376056644 11.57255448024163 0
1305 20.41426025227767 12.94449789333672 0
1306 2.823874140872453 21.3181363845264 0
1307 1.138798407161584 13.09343310860489 0
1308 1.730827101419464 13.3389864707115 0
1309 18.89272689846383 0.9499155513342605 0
1310 18.8231055979208 1.455503976485267 0
1311 24.03938474043898 6.165002197674368 0
1312 24.4807986399287 5.991424374456209 0
1313 23.31960050902365 19.20365812498932 0
1314 24.49726426793517 5.357974353070033 0
1315 23.87465310892933 19.36928016657519 0
1316 5.023965565517133 22.6035704752478 0
1317 15.91590799878239 12.54413266456391 0
1318 16.49848738490463 12.09412044241608 0
1319 5.6188098385311 22.59248731750052 0
1320 5.282579478873058 22.04764887538002 0
1321 3.325055276050966 21.79258063891024 0
1322 1.191331647873484 13.70129019096461 0
1323 8.079725630780251 5.465277539745995 0
1324 7.862437732079221 6.091420613391761 0
1325 8.435180903289378 5.928094698695522 0
1326 19.42207226600851 23.95530796877353 0
1327 18.8278370363272 24.03145508114608 0
1328 19.00228436894866 24.47699569097411 0
1329 19.94689739349561 23.56731797605805 0
1330 24.55105562074738 20.7721663723479 0
1331 24.49543238671797 20.2752466123073 0
1332 4.650596662763 0.4616079758557038 0
1333 4.162229629114047 0.3659647806240662 0
1334 19.62763664474092 24.50155090840396 0
1335 8.431675333882685 6.47181375465323 0
1336 7.475095360580009 5.562315613399913 0
1337 5.992245262486793 24.48132748952152 0
1338 6.166130566870309 24.04018230883506 0
1339 5.360942786461728 24.49706463732748 0
1340 16.51186727722869 12.75154332950784 0
1341 7.769028698879671 1.649658718379126 0
1342 8.165725366618515 2.018376082866043 0
1343 22.60808661171948 5.015347778112115 0
1344 17.00246558927598 12.39002463501576 0
1345 22.59428276418224 5.616801046591316 0
1346 22.05607111439357 5.281204490364286 0
1347 2.82644680670629 5.283657530549865 0
1348 2.119235533714927 9.23923239243542 0
1349 18.99999804604019 23.56541379498212 0
1350 7.103948674266046 22.14161799838348 0
1351 2.370131210715323 6.196126964247031 0
1352 1.787400216298819 6.483729669208493 0
1353 20.03454191255909 21.20662061775481 0
1354 23.57485875821509 18.80901998627919 0
1355 24.07838136927728 18.91872266708801 0
1356 18.63386817198933 7.074815751663176 0
1357 19.2185824762575 6.564995172520553 0
1358 19.1046151977936 4.30082245719686 0
1359 19.40825484313112 3.862094669639784 0
1360 18.78350335378796 2.101489402947862 0
1361 19.56932832889745 2.786640773188582 0
1362 17.10916524824713 1.539288790920636 0
1363 17.65972637939034 1.947450717797754 0
1364 17.65320521544466 2.776163348211221 0
1365 22.11941107612633 7.124010731109867 0
1366 22.04169404035757 8.450770855383531 0
1367 22.63497654196158 8.073780602902078 0
1368 6.184687467558995 22.60874823226046 0
1369 6.406629332788248 23.13594490441534 0
1370 6.816433274595211 22.69612054683965 0
1371 22.00461941042231 4.731555995796715 0
1372 22.06404372689424 20.04948983605523 0
1373 22.34369308341234 20.44018940721494 0
1374 22.05431332756223 5.887030243596151 0
1375 22.60776115633773 6.183545255611929 0
1376 22.69515207026687 6.816901666237885 0
1377 23.13647888827782 6.405423979790807 0
1378 4.781102137770261 22.00203966863168 0
1379 5.887091551812411 22.05435647359495 0
1380 2.945031976097459 5.875709635971529 0
1381 18.50215839367083 6.420949752401806 0
1382 19.06907756991777 5.929080106864576 0
1383 6.274639019589467 1.393502626246673 0
1384 5.82046235463245 1.599121225678799 0
1385 6.414639907913584 1.928146772469612 0
1386 22.77039171009903 8.693688430179302 0
1387 1.018367213654637 5.498153468818044 0
1388 11.22156525087797 9.701829810844211 0
1389 11.96611312741375 9.505441111720121 0
1390 11.40040792984592 8.989216897331255 0
1391 2.689742044717137 18.91845919656528 0
1392 1.072377541644028 15.75339088333188 0
1393 0.5638280105160024 13.77571949011829 0
1394 3.43452597872023 7.47123830392965 0
1395 3.490852872305288 6.829542216966325 0
1396 2.896246330730637 7.1476380871079 0
1397 3.972489973317021 7.190993594643454 0
1398 5.373792282952842 1.496404678097046 0
1399 5.544911490965462 1.008283587703218 0
1400 13.01109374200828 0.4720346171433494 0
1401 7.451755465577632 2.70192004040345 0
1402 7.131814590552679 3.084201681409487 0
1403 7.982822357254996 2.585453276163457 0
1404 20.69883328277838 19.07750956524399 0
1405 6.229735847810944 0.5112057659866039 0
1406 5.808709179907423 0.598033412885879 0
1407 6.045092242199554 1.012312033886492 0
1408 24.43806397658106 19.67422789019588 0
1409 5.279930759089411 0.5257246114353008 0
1410 5.829266312807894 2.246314282433175 0
1411 3.325775143590318 19.12040689965979 0
1412 2.977165142949509 6.504760462427746 0
1413 3.548240271124443 6.126398925136285 0
1414 22.0543153834297 6.518173576224606 0
1415 21.44017203257712 6.865650058293591 0
1416 21.53917534389713 6.190653106789699 0
1417 7.555898597160584 2.201231819457917 0
1418 16.8409603333781 0.7303107398100335 0
1419 16.22777851946762 0.6541519172074609 0
1420 15.91013658736693 23.59797713233865 0
1421 15.6909870303877 22.96169458673115 0
1422 16.05805450262793 22.31826212379253 0
1423 17.72859652067305 24.49159660551764 0
1424 17.81395532032523 23.85481040505162 0
1425 9.312424886972366 5.562230436935725 0
1426 15.83095726794924 1.128866411793059 0
1427 9.017067723691822 21.24033470704167 0
1428 9.466108925330575 20.79247946136159 0
1429 8.893327929936536 20.7281325263304 0
1430 24.49432182204505 7.269278656910602 0
1431 23.87228703982288 7.17197775079338 0
1432 7.181004503067214 23.85451790127967 0
1433 7.271473582225307 24.48823422351087 0
1434 6.79897369657025 21.57546698249591 0
1435 6.518462330878474 22.0615484853976 0
1436 6.191000725227417 21.54145904913774 0
1437 18.39552413146609 23.77617199688934 0
1438 1.539143450505977 9.607326908922541 0
1439 23.78674128940112 6.595983460599889 0
1440 6.598494560920344 23.78745645846365 0
1441 6.586017704954415 0.9697973842270496 0
1442 18.21912122156987 1.693671829355738 0
1443 18.26943183792159 1.104449221219747 0
1444 0.5513352816068969 18.39263855044197 0
1445 0.4988242009845756 19.01757587510066 0
1446 2.877616393759417 17.04188537661236 0
1447 3.357653793673669 16.42606583621081 0
1448 6.845187907424792 2.4740267708236 0
1449 6.138531079096015 2.638689061281148 0
1450 6.4985967364258 3.127265176215572 0
1451 5.819418124662565 3.284840928185418 0
1452 0.4956117163778511 19.64061218773626 0
1453 24.63678064114456 8.732594859659068 0
1454 16.31479974521474 24.11629694583346 0
1455 17.43675069091873 3.585801929152267 0
1456 5.728652512646884 5.871797213249579 0
1457 5.610000918902755 5.396334818663495 0
1458 6.231509495441155 5.29351467979648 0
1459 6.806837193125893 3.643202164502713 0
1460 0.4190092161747249 4.760134342203114 0
1461 6.194816140159225 3.662651643931369 0
1462 21.5531861008866 19.90306259595448 0
1463 15.85879048320431 24.56871069933567 0
1464 15.74828759977582 24.15454984398255 0
1465 16.35725982284968 24.63819595393391 0
1466 0.463873949822717 15.70313170629663 0
1467 0.6354387026671012 16.19723515607819 0
1468 23.31809159573515 18.28229221940939 0
1469 23.98237721861778 18.33870890124786 0
1470 0.3868914912741773 9.257049829186546 0
1471 0.9364011798643181 9.264166420856911 0
1472 20.91588084185481 5.874111445057713 0
1473 5.874232737700011 20.92336514668002 0
1474 9.031611918267711 21.76289608556812 0
1475 10.64851834543993 6.872908798548685 0
1476 10.10310244539122 6.637350795372884 0
1477 19.20704205376737 20.92922180751425 0
1478 18.8147296919773 21.40306068577132 0
1479 11.80660514250482 4.014714001047986 0
1480 11.38414075122799 3.637045691088476 0
1481 19.3365213463174 20.32713811214637 0
1482 1.220064419213332 6.466354255668297 0
1483 1.404472759463875 5.978914124193786 0
1484 8.73602612578571 24.62784261715245 0
1485 12.34000224449017 3.672308825848331 0
1486 19.13170323835496 12.49739621960361 0
1487 19.80744531753042 12.56201687167248 0
1488 20.27156324767768 12.22300295121145 0
1489 12.36532027839704 4.300151134368788 0
1490 11.8315895075667 16.83833992753544 0
1491 11.4131195507862 17.21605935591925 0
1492 12.09977044893428 17.46293149882514 0
1493 16.13953677831713 16.51169533007466 0
1494 16.21158410206868 15.86306764915813 0
1495 18.058895751046 23.28150915509147 0
1496 1.802373855830594 17.46725344155778 0
1497 2.341192912483166 17.58978427034679 0
1498 16.3240859104884 15.30356044149402 0
1499 15.66079650972988 15.36440280098202 0
1500 16.07814476207659 14.72692344414788 0
1501 23.33892395594389 6.863952292902352 0
1502 6.866827620425626 23.33184956344336 0
1503 8.031234598321504 9.353140969890141 0
1504 7.045413816135522 8.614352948710607 0
1505 5.570445685368664 3.87326126249196 0
1506 8.889566544555692 9.445906455792501 0
1507 9.071148873023613 10.17205643053182 0
1508 13.53957182536475 6.947665133387563 0
1509 12.93754577686137 7.128095723650042 0
1510 12.41284125315354 6.666439630153145 0
1511 14.11959553976638 7.443194675592106 0
1512 14.66963636509202 7.175526225815997 0
1513 12.60271286465671 15.36109622371647 0
1514 13.23428999706627 15.00860760486963 0
1515 12.55127451330928 14.7365531071236 0
1516 20.21283162482313 24.57526741447779 0
1517 20.19351414565562 0.45267681140342 0
1518 19.66243469720296 0.5377447260225631 0
1519 4.795072199475356 24.57534241363898 0
1520 0.4878951152273948 5.287022524680071 0
1521 12.10982208345611 15.81220774647952 0
1522 12.76915828608109 16.01559509932421 0
1523 12.27790072636837 16.42729406647675 0
1524 24.57606251322549 4.792534235824046 0
1525 12.49673086402363 9.880655886169052 0
1526 12.98243388341828 10.32159624222788 0
1527 12.9121347963044 11.0019642929447 0
1528 12.74423182771128 9.113417604270499 0
1529 12.08663460824488 8.741137255036989 0
1530 12.70355864123912 8.357002337333402 0
1531 13.46399896918843 8.689098971505031 0
1532 0.5068433321896303 20.20089793573064 0
1533 5.922243947165312 4.276506113103269 0
1534 5.293335856913242 4.51124575027528 0
1535 3.117467672605239 18.61828634812759 0
1536 20.89478855861706 6.451831158075866 0
1537 20.45192835270687 6.168397495186255 0
1538 19.4779690236627 15.25843961347944 0
1539 18.82592668162913 15.05251510998635 0
1540 11.66790557628518 18.41572931236144 0
1541 11.12074010110808 18.20396341586715 0
1542 11.27260272531776 18.63833405152325 0
1543 13.8139080925124 19.71066484941893 0
1544 14.13683997700125 19.06243977649575 0
1545 13.47029327777934 19.09054442679594 0
1546 13.72258275898352 18.32611294127025 0
1547 10.86288887820293 18.56106209155293 0
1548 10.06533901974975 16.00030934043196 0
1549 4.326333356767107 16.90705892130352 0
1550 18.09785437854259 14.99965948974262 0
1551 17.4013356754866 15.08439775092506 0
1552 17.73487522920258 15.75373366784991 0
1553 16.92877040826375 15.66397091746767 0
1554 12.92066639883442 16.68894127353053 0
1555 13.37906674355787 16.19554453080383 0
1556 18.73489546827119 0.5210099109329241 0
1557 18.2247888508839 0.4804133982182527 0
1558 9.646719799879087 16.46649236214417 0
1559 13.683825923264 14.51411857774119 0
1560 14.03215963603435 15.03092978725294 0
1561 11.68951323061809 16.22788953521875 0
1562 11.29041278737215 16.63609121338835 0
1563 6.826163510100542 0.4870917822010705 0
1564 7.343722011557239 1.019955344330512 0
1565 0.4885870760567665 8.772722416184797 0
1566 15.51246914540272 9.952574875688692 0
1567 15.05056988837531 9.724925848338748 0
1568 14.99114611029256 10.16848890094586 0
1569 15.42554181285654 9.405516479075359 0
1570 14.5129832180456 18.33353422379116 0
1571 14.89059820725778 18.88536296574894 0
1572 7.400748739550475 0.4215921986622571 0
1573 18.50558773692117 19.05168481247602 0
1574 18.68157369133171 19.84323291096101 0
1575 14.89153868030281 17.67434872898734 0
1576 10.86579332805152 16.95189663334256 0
1577 11.09434537908442 15.9693432260208 0
1578 15.3102553300703 14.65324315270137 0
1579 15.87939814076115 14.09973397344683 0
1580 15.24373901197447 13.83958631854155 0
1581 17.64815295280444 13.83384477090536 0
1582 18.03440412503069 14.30667401699693 0
1583 18.21787541821451 13.5959031992339 0
1584 6.538827939888443 4.135773810101019 0
1585 6.209423397278973 4.645467063850679 0
1586 5.726614656685661 4.830637139097015 0
1587 4.315752061206257 13.72014898469643 0
1588 6.187712529989392 20.49950541807202 0
1589 6.494178520951145 21.01665950542191 0
1590 6.406349625949943 14.47684789925548 0
1591 7.105613744331213 14.29103911640524 0
1592 6.527455616552071 13.79407328188622 0
1593 12.36610936946455 16.96600247101379 0
1594 24.50612057316293 18.75304611063228 0
1595 5.620305904368122 14.47353081535971 0
1596 6.16472589085372 15.04987397832543 0
1597 5.575230541915755 15.20955781419508 0
1598 11.47459573223574 5.214522969347659 0
1599 11.65247776490876 12.35659855341747 0
1600 11.0193579102 12.21774958538162 0
1601 11.07523797856819 12.84684806384201 0
1602 10.30698847681091 12.47654337552775 0
1603 8.084080860677041 13.84896975971628 0
1604 8.510475438835613 14.14605325527632 0
1605 8.587850597730901 13.61085292350665 0
1606 16.73444766278178 10.87107007588645 0
1607 17.54180553172708 10.98303423924361 0
1608 17.32484281548183 10.37050040486312 0
1609 9.110700630173353 13.94862474531014 0
1610 19.22350630347282 0.5912812948252844 0
1611 14.52499715655266 10.28727346122045 0
1612 14.83681733392024 10.6936751553113 0
1613 15.44934859335 10.54846403695713 0
1614 24.4208198485105 19.23716063718599 0
1615 18.37404217666167 9.759673336976253 0
1616 19.09668478158259 9.681791027865513 0
1617 14.1545400591027 10.10293187186619 0
1618 16.74975830321753 9.789521158751443 0
1619 16.35833763101319 9.123276698643588 0
1620 17.60309864292795 9.680807143814027 0
1621 18.88090994193713 10.34461248734951 0
1622 24.35151006092523 16.89612240366686 0
1623 16.60399523551198 13.39691885506276 0
1624 16.9979707609039 12.94927839251137 0
1625 6.533688446931129 13.03432502569272 0
1626 6.324389264329814 12.35852464884885 0
1627 5.730507996961714 12.74545782969951 0
1628 5.630851447405561 11.99882426340261 0
1629 5.199436265308443 5.166002133360206 0
1630 7.666552231825862 14.94151560107135 0
1631 8.116515042374585 15.67534374440053 0
1632 7.618353702471826 16.28434849825462 0
1633 17.1154553228787 13.64974650513914 0
1634 9.614631839526766 11.05998579838838 0
1635 9.296922111711394 11.53168330763218 0
1636 9.819361830660466 11.5567117734269 0
1637 15.25639673595151 17.12193090071949 0
1638 15.97889574138473 17.17236277644221 0
1639 11.03356569297376 5.423985384074001 0
1640 14.88665731767602 7.779933980122841 0
1641 13.92977843044582 8.200029146316552 0
1642 14.19531629086714 9.048946515634853 0
1643 3.920603658642964 7.775956651405219 0
1644 3.413576574950728 8.038753253769515 0
1645 3.925096562292262 8.369083514164855 0
1646 13.50877737210652 9.387316813534172 0
1647 15.28426716233994 11.23445381981586 0
1648 4.540274699458321 7.581630284137411 0
1649 15.97228578407537 10.9362000074396 0
1650 16.10734053384623 10.2653992585526 0
1651 15.86846500257911 8.524927216919117 0
1652 15.6471425447081 7.856923122501489 0
1653 16.63961626331309 8.577053253974368 0
1654 15.42648185084296 7.173602368931955 0
1655 8.963535288592391 11.15824727520357 0
1656 12.92514445568407 18.52516560605766 0
1657 1.337662205281049 6.881876761292133 0
1658 11.54480330448261 8.203990086590753 0
1659 10.8499388925596 8.364685310088925 0
1660 10.43185422804146 7.876486452523799 0
1661 10.0762723572753 8.409166303426789 0
1662 9.679764131372195 7.81346600769656 0
1663 11.74677392607231 6.982884403488862 0
1664 7.265831448860221 11.00535486725702 0
1665 7.47834825960003 10.05394158042026 0
1666 9.672029743658028 13.54816590536321 0
1667 10.36223684432295 13.26828397052504 0
1668 9.583190111460194 12.91826385935319 0
1669 17.83855608104276 12.38843520105956 0
1670 17.44662742960222 12.21282593306705 0
1671 17.49423996563538 12.68199038791676 0
1672 17.83227481699091 11.95329009531319 0
1673 17.57550584218079 13.25048281771091 0
1674 3.40374149977663 15.35415538194691 0
1675 9.514447743175129 10.50154071611849 0
1676 9.992732894717909 10.58199250802669 0
1677 9.745138054919844 10.03276458309763 0
1678 10.3486346930638 10.18414007409528 0
1679 9.152759248417723 10.71223687111053 0
1680 3.775850558509299 15.77028610796341 0
1681 10.87054451205063 11.05445966762502 0
1682 10.99951808194563 10.34451816546361 0
1683 11.38038360776886 11.59991656758461 0
1684 10.22651104229569 11.08113486649029 0
1685 19.42507937371587 21.33408644221906 0
1686 7.253209740425884 12.89172245657725 0
1687 7.110632062371181 13.52158252242044 0
1688 7.711741206520974 13.27186373672315 0
1689 7.532083619465811 13.84647151723804 0
1690 12.57254268969676 21.52818814620567 0
1691 12.32948342125154 21.99453524584013 0
1692 11.81160353782387 22.24640228712799 0
1693 4.969373196088964 14.11392832229976 0
1694 4.980654738798454 13.47728119820272 0
1695 16.31190259169025 13.69647069383277 0
1696 15.75055984291076 13.56144482419979 0
1697 16.10498815642032 13.21373880018498 0
1698 9.400243043558362 8.771323621431305 0
1699 9.59675315030381 9.431357050280264 0
1700 14.82867793246463 14.3022353668997 0
1701 14.66192394854671 14.76872056584473 0
1702 6.796753597558404 1.394716753620596 0
1703 7.120871787207892 1.777956028111829 0
1704 14.29114157163458 14.41357916356947 0
1705 9.466002216935166 15.95906953157085 0
1706 9.020276422103132 16.47792530448486 0
1707 13.09015886826453 20.61189293053089 0
1708 13.37429144549423 20.98838373687838 0
1709 8.545059293150461 12.08975719239072 0
1710 7.739416553229901 11.91965541554752 0
1711 7.966740268744695 12.63259541646468 0
1712 12.80840178506248 20.99469797191881 0
1713 4.375264782438829 14.81258647445958 0
1714 3.929974918729775 15.0861957486125 0
1715 3.966424498175847 14.42812971844123 0
1716 11.93047078230989 7.679213922149361 0
1717 12.36867965800418 7.215327973901227 0
1718 12.35800040834889 7.846761394014263 0
1719 13.04389612382425 9.716323242201696 0
1720 7.236414579225847 6.291069823335603 0
1721 6.807434295863946 5.764664637675557 0
1722 8.834717509702545 15.9055633624247 0
1723 18.40363410416961 15.50629375177454 0
1724 19.00611863734753 15.53778636305403 0
1725 18.66391696701902 15.96840579427139 0
1726 11.05406443490468 20.8377633887339 0
1727 10.84387800517699 20.30708777302518 0
1728 10.91669824079908 21.28244174874023 0
1729 10.7971741546835 7.432516589487658 0
1730 11.16649677436936 7.129849343535435 0
1731 11.40387457817476 7.548564181925157 0
1732 18.61386196647939 17.70141555892068 0
1733 18.96426079174046 18.18955649143694 0
1734 19.12969373912888 17.65586051452476 0
1735 18.41431792984434 18.33682914163536 0
1736 18.94143228022162 17.20722920277219 0
1737 18.34026781138639 17.20346605489506 0
1738 15.67853292429655 16.11416843559495 0
1739 15.67478394345062 16.65008385480442 0
1740 15.16329995370702 3.331849004215277 0
1741 14.91937237090359 3.789487663779812 0
1742 6.976940222374758 18.81888375157537 0
1743 1.202092060276112 10.68181665544609 0
1744 8.662906615134773 5.522578377008068 0
1745 8.842104467518995 5.007180246145887 0
1746 3.093413431557819 10.29777963870617 0
1747 7.47569673188288 18.69176512943279 0
1748 7.68087018624411 18.32458777587748 0
1749 13.07464791613154 24.17201288150638 0
1750 13.63133804605139 24.35534021669599 0
1751 13.35426164321148 23.71320135774419 0
1752 14.01779058175106 23.66571411453423 0
1753 23.28397359470592 9.532284962948987 0
1754 23.77127393081196 9.579496421186198 0
1755 15.24865442139521 5.800867438326336 0
1756 16.00066438219836 5.816807047087549 0
1757 15.58120580989339 5.226854012825862 0
1758 15.56052922581766 6.440375728532975 0
1759 13.68203270532031 0.5357344929725115 0
1760 16.12370786685321 5.152297867663758 0
1761 14.97029451681323 5.257952372295549 0
1762 5.524203170877754 18.8463380325368 0
1763 5.073499798146971 18.59541607193933 0
1764 9.796478985168745 23.04692228161855 0
1765 9.760231727042544 23.65207661601564 0
1766 20.44740352413668 17.10106705023401 0
1767 8.534857656397955 19.29715547863427 0
1768 9.028310201342352 19.20664051536209 0
1769 22.96904316179261 15.47349806760792 0
1770 23.12820699275864 14.9813780233198 0
1771 22.57195688317803 15.04113471850285 0
1772 0.7048702653418201 12.11718791338558 0
1773 0.5199748043910279 11.60900094994566 0
1774 21.29894871146326 15.09974417169187 0
1775 21.94180168450832 15.1791285531641 0
1776 4.31724938341706 9.431893988587861 0
1777 1.572564311997834 8.988017031750859 0
1778 19.81411001387815 6.907191173008292 0
1779 0.552722454946165 10.71523299832848 0
1780 16.62299976015911 5.382143379102043 0
1781 16.65556013981265 5.889559221140377 0
1782 19.59454897606361 8.520626348844607 0
1783 19.87528777943943 9.129689263114384 0
1784 20.20246502409663 8.635941766564533 0
1785 19.32487135003614 9.114823418704047 0
1786 15.22991464119569 23.39870835693975 0
1787 7.639447395576141 4.957115646321635 0
1788 8.277336834413903 4.996528412564488 0
1789 8.426525729749928 15.01275907392106 0
1790 8.750647286209407 15.42261870385213 0
1791 9.049008579490328 15.01215593080518 0
1792 15.32213930259507 24.50322143751659 0
1793 6.702275951699039 20.56715276566074 0
1794 6.578743444122486 20.08335987779856 0
1795 6.028644499320067 19.86201712427226 0
1796 19.84691944268866 6.121273956732944 0
1797 20.37846859000012 6.668722071789063 0
1798 13.55809999830841 22.80944272650986 0
1799 13.60643484831587 23.27532089311809 0
1800 14.00266405319355 23.01066614690111 0
1801 14.75872656526619 4.701173437093786 0
1802 15.30423923796801 4.812146422176133 0
1803 8.545069556934523 21.58756366408915 0
1804 8.462408366312937 21.08769189132884 0
1805 8.432942731064164 22.0878191816853 0
1806 8.416597972466505 20.66531626253592 0
1807 7.953502248473003 20.8200807727983 0
1808 8.127119034651246 20.23310151857573 0
1809 0.3935845039231015 11.16594640740574 0
1810 24.54879147555764 10.00641297040367 0
1811 6.168852556933079 16.70781871413938 0
1812 6.544400897556639 17.11684876080215 0
1813 7.123621017258973 18.2871258542788 0
1814 6.634105533310596 18.40389927544812 0
1815 6.754414514447308 17.82477310694693 0
1816 9.243116557928582 22.87308409453381 0
1817 8.648146885882925 22.72473018223117 0
1818 6.627920945150263 4.690903574421379 0
1819 18.45543850844093 22.04761991014496 0
1820 15.3059182425775 23.9676977982884 0
1821 20.88958796519699 16.59811031793821 0
1822 20.89128798903531 16.05378974942792 0
1823 9.720787613958022 19.0629812881754 0
1824 9.337352245371047 19.6624580830028 0
1825 17.07395344480006 21.10370880776884 0
1826 16.32412659563559 6.404202810981298 0
1827 5.655088898293059 8.286796360387624 0
1828 0.4404798578157711 14.92130433444014 0
1829 7.612245068336422 7.215621742052892 0
1830 7.829698224345097 6.742854389566004 0
1831 22.72085320370549 15.98202725587976 0
1832 22.44230840131256 16.39189432928037 0
1833 5.125467024297869 7.960269178122822 0
1834 9.591962875247857 21.88203516187548 0
1835 10.38594456829904 2.990551254330444 0
1836 10.18016058455536 3.501773736865974 0
1837 10.8094203319097 3.459076972377257 0
1838 16.16629275999496 19.29344236744832 0
1839 16.65412636768523 19.17209793352746 0
1840 16.33275808208635 18.81145523983361 0
1841 16.55381645017893 19.67478360796814 0
1842 10.70617694052873 22.35269189003235 0
1843 14.22156307321167 1.05250823182283 0
1844 14.35485527565599 0.4927722879043181 0
1845 6.104904900759458 15.69286236968089 0
1846 15.14961767898925 22.92030936209629 0
1847 3.560238444105243 8.697805766569862 0
1848 1.461065417465451 16.30805033351593 0
1849 0.924097842344431 14.18717536473751 0
1850 19.91534768668893 19.24220953491277 0
1851 19.38155074221949 19.73766139951035 0
1852 13.12897373011431 24.63916674366929 0
1853 21.38510637374974 15.69462911245436 0
1854 6.102772475410236 17.65752445730294 0
1855 8.331541277029677 17.7560385646095 0
1856 7.872585320038299 17.90669920296078 0
1857 23.90027803584714 10.97809081058307 0
1858 23.94226839795646 11.57270849859831 0
1859 23.45133516958994 11.2697529203953 0
1860 23.4522173748228 11.89992252203602 0
1861 23.98582401639492 12.26701957170832 0
1862 5.137516033338265 7.374938653967901 0
1863 5.630225428011288 7.752120619850483 0
1864 5.792135777673701 7.19385347293615 0
1865 8.928291001256365 3.030911319747669 0
1866 8.674528531146111 3.558929820078395 0
1867 9.188169079000568 3.519212139149647 0
1868 8.37623936457225 3.086644511709623 0
1869 16.61772334868149 21.96653975885954 0
1870 16.15078242492009 21.54186091128039 0
1871 9.362513663652351 4.019998506111189 0
1872 9.693649323599246 3.554541460816917 0
1873 15.39264953367177 22.49446574069948 0
1874 9.895707049171092 4.024773897958199 0
1875 5.590769453730656 18.13668814584333 0
1876 6.253314040604893 18.11732574737576 0
1877 6.075626079338696 18.56394689802885 0
1878 9.086910558183806 22.32635006706336 0
1879 6.991607341116899 5.09261092467256 0
1880 5.308010262387493 6.21128211936867 0
1881 5.174658392722639 6.817949747445959 0
1882 9.386509726696856 23.32761214381667 0
1883 20.82136041245682 6.943276333034862 0
1884 4.554398988920315 6.938004964651842 0
1885 20.80922298437332 8.770918458200006 0
1886 24.54366528460679 15.30507148950045 0
1887 20.81667895159278 0.3409483065984951 0
1888 6.254190307357259 6.073460440542553 0
1889 22.37216415763807 9.069381589770659 0
1890 4.961389340650787 18.17328574242252 0
1891 8.626004433266855 2.467782562615107 0
1892 5.260352307232433 9.320471367085554 0
1893 4.946727251911796 12.31887853545814 0
1894 5.082844831462506 11.53724411241184 0
1895 16.55322110763117 3.747243295683086 0
1896 10.05279242319667 24.53475915005381 0
1897 12.59067038866156 24.56383955487048 0
1898 10.78412594371817 23.27841315034934 0
1899 2.140191877151085 17.1519205497846 0
1900 9.988460611767843 0.5878983221458264 0
1901 5.686190038573979 17.62657853344479 0
1902 18.39756765978496 5.889010425142621 0
1903 18.01919770835059 6.894907758678866 0
1904 7.045408374276884 20.24469886646678 0
1905 9.565327075641754 1.854303991078135 0
1906 16.95288715839786 3.485958116143298 0
1907 9.809329942933307 1.170719736166297 0
1908 7.38774895202577 17.80181615572581 0
1909 21.23587518323961 8.322022019738597 0
1910 11.11947128672412 1.084466473790102 0
1911 11.0449054879408 0.5839312236432931 0
1912 11.52093428451134 0.7462998292075551 0
1913 9.86467462251842 18.36647280915471 0
1914 9.222804702748091 18.62350752206916 0
1915 8.692983364948798 20.33760044029649 0
1916 11.91518921531262 24.46853181369911 0
1917 12.42597460273571 24.10369134141758 0
1918 1.904769933531772 13.94923887572813 0
1919 1.464436885181846 14.41713590117213 0
1920 6.050859332439079 19.18117535365607 0
1921 4.630332247843418 17.33231322953959 0
1922 8.875001650573093 11.61688654821441 0
1923 6.459235529339712 18.87908906171133 0
1924 19.17657775775759 19.17902123586767 0
1925 11.13975853891375 4.196549148528227 0
1926 5.770411607904756 6.506691616522573 0
1927 8.072961542766144 7.242926447551774 0
1928 18.68869014626058 7.794102383091655 0
1929 9.242614961905915 17.03564061061555 0
1930 16.84941427678003 21.52476464074458 0
1931 16.53595490218933 20.99218071161939 0
1932 18.99330523940126 8.48737462797814 0
1933 15.50681554829737 21.90326072183122 0
1934 11.23963675802934 24.50701533179278 0
1935 8.72307064703072 19.81607952475007 0
1936 10.42035794951553 19.87942521423104 0
1937 10.38350442790743 19.35588882031533 0
1938 10.90952674856704 19.66792515236011 0
1939 15.19620031417857 19.42023529590226 0
1940 14.96920205778803 19.95022854405968 0
1941 15.48922196222506 19.8279104880768 0
1942 14.54939741780587 19.56672138500421 0
1943 15.64336476707308 19.36356735771874 0
1944 16.00051877726776 19.79461473420215 0
1945 23.04209760079456 11.58353527440747 0
1946 22.86631679812711 12.19958107024014 0
1947 18.4034378758832 8.42123372008245 0
1948 17.58443095722831 5.291655594590568 0
1949 14.87016208591698 22.13409686079095 0
1950 12.06419438130742 13.65065427944116 0
1951 24.48799025191517 11.85517326658962 0
1952 10.19764528597456 13.78613795520198 0
1953 14.35524918516647 21.72644105860973 0
1954 14.9736227538875 21.65069067450079 0
1955 10.25574131013768 14.32719688568093 0
1956 14.61897222728239 1.438384813633625 0
1957 11.55239587283545 15.59224082264429 0
1958 18.12105932254857 20.11463614203183 0
1959 17.53410432805049 7.37887439883807 0
1960 17.51944517560756 6.794220863673734 0
1961 13.87876926257615 16.62094036149525 0
1962 13.91225147006726 16.07094718275157 0
1963 17.46389602497391 17.77201760013011 0
1964 17.81025430804017 18.20248646926063 0
1965 0.4892854193697829 14.41449004113284 0
1966 24.56801619415317 12.40881346010778 0
1967 14.45376200250963 16.15155676832294 0
1968 12.16069281877661 8.277755492975901 0
1969 15.94203460380683 6.850065739804346 0
1970 22.83215470177015 14.47714196329738 0
1971 12.84463870980273 7.71023996914882 0
1972 6.468348157677019 15.37011569219174 0
1973 6.842765130692802 15.07464799204257 0
1974 8.197830043433935 3.554823474633377 0
1975 21.42380097391482 8.855194863094061 0
1976 10.99263695758104 19.07440390336469 0
1977 10.38236970734942 18.76600094318064 0
1978 3.495915855548173 10.87014165329177 0
1979 0.4235820920533532 20.81775700149532 0
1980 15.63541748107124 18.92762103009677 0
1981 22.20330617316608 14.6743064487361 0
1982 22.26129800449846 14.04476336524781 0
1983 19.55590022500456 17.87762883127302 0
1984 20.66983319055129 10.50876882938375 0
1985 20.22177443905872 11.01442904275294 0
1986 5.223670054846575 16.22483186290113 0
1987 21.44509519564083 17.56995467765379 0
1988 7.632105568617081 11.28806837921749 0
1989 7.1285050523187 11.5489844535068 0
1990 23.4254622660738 12.50693779686656 0
1991 5.520393917081196 13.34721897599339 0
1992 5.055521858849552 12.85720199349717 0
1993 5.424195113923096 13.84324638507091 0
1994 7.555127877189399 20.45664385845098 0
1995 5.925903056864519 13.87923921560941 0
1996 22.38185254124144 15.51580843254947 0
1997 12.921230330133 19.34745710570241 0
1998 8.914710432275781 17.62778354741573 0
1999 12.33007977244344 19.11773177441762 0
2000 13.47740997753333 22.34115580166328 0
2001 6.375399380997405 11.65732224521751 0
2002 6.804854613409205 11.09468580417273 0
2003 12.9735940707514 22.00211550429662 0
2004 13.26671315942698 8.120605668807615 0
2005 13.4452089784204 7.588686631288032 0
2006 8.415834160542039 13.18733941437235 0
2007 9.522015170158495 14.54342244430977 0
2008 10.094840318703 14.94406330532214 0
2009 13.20431688948413 17.83970667272618 0
2010 12.6461032938131 17.86529146698454 0
2011 12.17649939185077 18.12368178666017 0
2012 12.77864630669672 17.34121515239832 0
2013 10.0661118603107 8.936153681678586 0
2014 10.61702157478279 8.802189613956262 0
2015 10.69237683543852 9.311725872138593 0
2016 3.475594862114307 14.77828565923345 0
2017 10.18520837474649 9.622129943303051 0
2018 7.653457880123645 14.38213499471591 0
2019 8.177123121520301 14.49807247618158 0
2020 9.364318261323785 3.045436476982679 0
2021 14.66408265819073 11.19733134924561 0
2022 9.052132576189351 13.3560773949911 0
2023 9.894237087852369 15.44140920895943 0
2024 10.55160726803248 15.49969965217387 0
2025 16.08119917250634 9.594877497668621 0
2026 15.77754151050544 9.108016914002754 0
2027 9.315541648650045 15.48534217369575 0
2028 8.943190213571594 12.92321752204107 0
2029 11.89158656024915 19.44665925124006 0
2030 12.408708254704 19.77026270449424 0
2031 11.87780950663608 20.03284522521765 0
2032 10.88681813424804 17.59367787606129 0
2033 11.56449954866589 17.83978041718325 0
2034 12.1555730427932 18.63319240606112 0
2035 23.35523332156898 10.6460469763177 0
2036 11.45516330223383 19.54008328362378 0
2037 11.67823601770254 18.98365355080872 0
2038 17.83479655392181 11.49216517543717 0
2039 17.06560072583502 11.65038931658475 0
2040 12.83370198454889 3.155444041900217 0
2041 13.29447966370058 2.920040848086296 0
2042 18.61915964573799 14.56606662932582 0
2043 6.007823297866678 10.16733443032942 0
2044 5.405484231700426 9.956226455704432 0
2045 14.6245715106039 13.8609105548532 0
2046 14.8617602210511 13.30956894842412 0
2047 14.36101585849638 13.42123861289885 0
2048 10.72716678341271 14.81920606502411 0
2049 13.62665609501272 6.168894188501684 0
2050 11.1356378949307 15.22243556328737 0
2051 14.83149048040008 9.210633773801689 0
2052 14.62568162200267 8.516127903908471 0
2053 15.29998067994934 8.842069964951653 0
2054 7.012350198534778 12.19125962679862 0
2055 14.6697778332218 3.186875339417507 0
2056 8.371551753414082 6.976318055162426 0
2057 8.552150315560853 7.500133111869117 0
2058 7.117448613500448 17.33735663152806 0
2059 11.87321587991609 15.0206326035977 0
2060 7.21139371334833 16.78533225137571 0
2061 24.53426360614501 13.8972224669853 0
2062 10.05639397565743 17.70019799248332 0
2063 9.393142082137231 18.00344645713301 0
2064 18.10431409080665 12.90089534813593 0
2065 8.799308117079086 14.52684798721559 0
2066 12.48107273079707 20.41317563822872 0
2067 18.41383833311566 12.25538847465677 0
2068 15.94812676677835 20.85143491604471 0
2069 13.22361915832762 21.43570250392926 0
2070 4.356825962923922 12.35703891063374 0
2071 12.0417978644178 14.33345548360886 0
2072 14.53190188652234 16.96045807536801 0
2073 14.07011314546819 13.93308290079768 0
2074 13.90345239523104 13.50049124472505 0
2075 13.55667161357924 13.88815925099832 0
2076 13.50076548334943 17.21894385373103 0
2077 23.74737582256721 14.14782659648209 0
2078 19.61682195739079 13.1528103527912 0
2079 18.81084279520126 13.20239610787787 0
2080 6.261940834875395 10.78706563242011 0
2081 11.94342938275565 22.96011760982987 0
2082 9.13922582915521 7.514521897240098 0
2083 9.029274368004172 8.088080697324054 0
2084 14.1141990822361 15.61903269143356 0
2085 13.63324972976238 15.59564916099633 0
2086 15.45032979081864 13.0907604761883 0
2087 14.16225941699935 2.253192183555206 0
2088 18.34007192456364 11.15357574737803 0
2089 18.01816366351751 10.43826996790211 0
2090 3.537793310772367 14.36145835279821 0
2091 24.40338794246287 13.45043757936553 0
2092 13.30205406389604 19.57142627217702 0
2093 13.0911021562911 20.00961185027202 0
2094 4.817650026225142 9.673270845047686 0
2095 15.10021964280521 16.4765779220528 0
2096 15.0675759177856 15.86595717721083 0
2097 8.549699126602189 8.669379718112475 0
2098 9.646048596496026 12.36895616956746 0
2099 9.099649364456385 12.48662349579084 0
2100 11.6133329660166 12.87222284318068 0
2101 6.653268853751721 6.270329045789058 0
2102 10.54325832232908 5.527398489668045 0
2103 9.315315061821341 11.95174311093526 0
2104 12.94318026417572 4.690648043645314 0
2105 10.46972574392871 18.17519674652078 0
2106 13.12753144961242 15.64883316886646 0
2107 15.30149489016284 8.279420269408698 0
2108 10.53768864368145 11.70411742833149 0
2109 10.38713003409795 17.19527270759911 0
2110 5.680304018453154 11.29469928628374 0
2111 8.565092910238688 12.66780312045737 0
2112 16.58178730390456 14.12073540924708 0
2113 17.30431126518031 14.37477571323141 0
2114 16.74113377030309 14.8994373957144 0
2115 9.488972770301984 8.299859436612087 0
2116 9.618274277852398 15.03344557731688 0
2117 4.937058053529335 10.91205837382583 0
2118 5.574888379928152 10.6835543421899 0
2119 18.08821891577839 17.74852092541705 0
2120 11.89498892517178 2.168397663481118 0
2121 20.94232083260465 10.99271811757406 0
2122 9.726232957673613 14.01162267851754 0
2123 11.02927396147821 7.907062504852712 0
2124 2.908216041127762 10.80494103658898 0
2125 5.525874827795904 15.74036104994043 0
2126 15.09887995293811 15.24570685992828 0
2127 14.57141675562396 15.44698396894239 0
2128 9.543996531332059 17.47083565087917 0
2129 9.696658350049665 4.512021491679483 0
2130 14.12513849374974 17.62939483702731 0
2131 14.00078438113317 17.07592733766598 0
2132 16.74012259513118 10.34695243816133 0
2133 13.70244691441523 21.8554618877626 0
2134 3.255352108549743 12.09198192295329 0
2135 3.778341369121876 11.95939687352556 0
2136 3.624645865535064 11.56751309285369 0
2137 19.98917673047549 14.68898169814204 0
2138 4.928719431188008 10.2817305108403 0
2139 18.98551679462531 18.71493168952806 0
2140 13.65265903837794 17.76151101591526 0
2141 13.42292104067094 13.21108908423516 0
2142 22.79070940087262 14.01158859486132 0
2143 13.17687411627166 11.3889485866362 0
2144 17.6656451885415 14.72793550133976 0
2145 8.456617074572543 8.018372610846191 0
2146 15.14102484878433 6.732300801147635 0
2147 4.517024317859017 14.37402600767629 0
2148 11.53762961689617 20.55292183416718 0
2149 9.849270681339574 17.09648370003519 0
2150 14.53541989052057 9.745232003044224 0
2151 9.925084787031537 12.01161275611844 0
2152 16.32855549783384 11.48650551344696 0
2153 10.50787322871074 10.64812722889877 0
2154 18.39422977842802 11.72053647107384 0
2155 11.3811840226671 20.03501261875148 0
2156 13.37173852794747 4.336675669881735 0
2157 13.99987909792632 9.673423623975047 0
2158 9.294251023731775 9.779864016378513 0
2159 6.056718163312683 13.3405179360908 0
2160 13.41807476230827 16.69671246257674 0
2161 7.522594908343614 12.37665051226232 0
2162 18.58573349266063 10.734046896161 0
2163 10.6639460244523 9.81883527766821 0
2164 13.8400891205835 12.06128206841064 0
2165 6.732906278295401 12.58839649876135 0
2166 14.39193445344875 7.99354365747976 0
2167 11.98260274464591 20.48207392305623 0
2168 18.63942295181997 12.67354368014734 0
2169 2.641121174307411 1.937176893149405 0
2170 2.384467521918887 1.945957316324421 0
2171 2.549141128033813 1.630513761774978 0
2172 2.226460556869329 2.175277269498757 0
2173 2.134480510595731 1.86861413812433 0
2174 10.82671936262837 23.93747467265511 0
2175 10.90833398044415 23.69575592635449 0
2176 11.07397992768425 23.86317241030333 0
2177 11.31686536828231 23.84175333041165 0
2178 11.23525075046652 24.08347207671225 0
2179 14.93888195420197 0.7303267807450224 0
2180 15.19214944001518 0.7049452091613284 0
2181 15.0837540496107 0.9455706066201379 0
2182 15.29582162210036 1.19595845470301 0
2183 15.04255413628715 1.221340026286704 0
2184 10.19371914748286 21.12283184127491 0
2185 10.24595766979549 20.87935748128221 0
2186 10.45385905373034 21.0595786379276 0
2187 12.71844410338029 22.57193660007833 0
2188 12.74652338677395 22.88532675378692 0
2189 12.47227805487303 22.83159302127704 0
2190 10.01606951539513 20.65754931428922 0
2191 10.27620942164261 20.59429611094191 0
2192 21.40899633516922 21.70424078677622 0
2193 21.34954712423042 22.02393326670494 0
2194 21.13877898482403 21.84340510242057 0
2195 14.81251566180266 24.07586500910539 0
2196 14.62238095430866 24.33797136093062 0
2197 14.54326225482838 24.08546608686007 0
2198 21.71137777153315 3.576645017637435 0
2199 22.01789700690637 3.624084866653303 0
2200 21.84061389349775 3.848221803624949 0
2201 14.8176120524686 24.66418514158797 0
2202 14.54835864549433 24.67378621934265 0
2203 10.53040252363276 21.56550797468873 0
2204 10.3372406617095 21.72312882667941 0
2205 10.20845866949444 21.46067384991098 0
2206 10.4232321983216 21.99058464569966 0
2207 10.10128834418328 21.88575052092191 0
2208 11.27927292253708 6.13443981470437 0
2209 11.02107250667309 6.175675012657914 0
2210 11.14483303568396 5.835965332583656 0
2211 13.05093582070142 22.90821248127086 0
2212 12.80476977219415 23.16786890246957 0
2213 17.60477552446971 5.614602961271416 0
2214 17.89821767718571 5.901498083181036 0
2215 17.55934303302703 5.968667124058312 0
2216 14.49631774723938 22.51486148455225 0
2217 14.71092368554936 22.86892296954726 0
2218 14.37482540722037 22.76715004215412 0
2219 14.19182306084291 4.063974608903547 0
2220 14.38594288000128 4.345659804804654 0
2221 14.03205444245239 4.253598864739754 0
2222 16.22820532533712 3.505836242301857 0
2223 15.87492843467759 3.518661134659456 0
2224 16.04701958574613 3.23304132375021 0
2225 15.82593690779428 2.916082709483552 0
2226 16.1792137984538 2.903257817125954 0
2227 7.01275076578675 6.792298375324505 0
2228 6.981236810971947 7.011253326457382 0
2229 6.773386016047414 6.892741410967553 0
2230 6.537868569883851 6.92273090616125 0
2231 6.569382524698653 6.703775955028372 0
2232 6.491997418779251 7.454964492294319 0
2233 6.531074514139073 7.209118556111606 0
2234 6.702794965872789 7.357542298283144 0
2235 6.969122525919651 7.266005762256666 0
2236 6.930045430559828 7.511851698439379 0
2237 23.69051749976474 10.27739562130955 0
2238 23.78538981428869 10.08442658923203 0
2239 23.93527463868517 10.28017627478982 0
2240 24.20293957138264 10.32129307034132 0
2241 24.10806725685869 10.51426210241884 0
2242 10.26405872276064 1.325312135801459 0
2243 10.45701100652892 1.063086282455636 0
2244 10.5030782126974 1.33980604432203 0
2245 10.38198068478919 0.821916607300156 0
2246 10.62100017472595 0.8364105158207269 0
2247 10.79918719425572 6.315258262128729 0
2248 10.6647473074026 6.016783780008014 0
2249 13.94741775665097 4.651614187963991 0
2250 13.7532979374926 4.369928992062885 0
2251 4.311260615284748 3.091601791847442 0
2252 4.305056049072885 3.374885221842765 0
2253 4.103698760096615 3.208966782907961 0
2254 14.38988328809803 20.47737373053606 0
2255 14.05511974631485 20.65182062625919 0
2256 14.04431296980083 20.34231167731217 0
2257 0.2827577740685483 2.742126894312299 0
2258 0.2827577740685483 3.063207975392934 0
2259 15.53103044401664 20.26219432934785 0
2260 15.59077106556291 20.52369934160407 0
2261 15.35082079793797 20.46555348593783 0
2262 15.16039869201361 20.62082466914909 0
2263 15.10065807046734 20.35931965689287 0
2264 21.95978390002142 20.70586222043017 0
2265 21.82948034539873 20.95336919249628 0
2266 21.67242333307404 20.73948893063073 0
2267 20.14143497015486 22.66320454297797 0
2268 20.30599654391524 22.35980173347449 0
2269 20.35981865554978 22.62495296447886 0
2270 9.409761125154509 6.152297809122441 0
2271 9.68498159241167 6.428548032466471 0
2272 9.305887435090906 6.452409151304822 0
2273 9.276190626680149 6.826260972013548 0
2274 9.000970159422987 6.550010748669518 0
2275 14.15556405457885 21.01612522799828 0
2276 13.80999373628165 20.8810631747744 0
2277 23.04361291729064 13.74939681106605 0
2278 23.13225915566372 13.44537148942528 0
2279 23.38691167031628 13.68586279463099 0
2280 11.95166311527049 0.6682086470861041 0
2281 12.16192715051556 0.4293544835359519 0
2282 12.22589148181186 0.6850624061433902 0
2283 12.5149568149362 0.6960959775127762 0
2284 12.30469277969113 0.9349501410629284 0
2285 10.2414452763813 23.66372799592908 0
2286 10.46502562125767 23.58396291310082 0
2287 10.4374930705119 23.84982327153453 0
2288 10.63865290564605 24.08833710616966 0
2289 10.41507256076968 24.16810218899793 0
2290 22.96130315620545 13.2010687341259 0
2291 23.30460190923109 13.13753471769085 0
2292 14.47553401702027 11.75514216216015 0
2293 14.53840576298959 12.14888024120267 0
2294 14.16574940695567 12.00001489020426 0
2295 11.28613112877972 13.36827088319097 0
2296 11.48823487405556 13.65647177966613 0
2297 11.2231278738359 13.72917313510449 0
2298 20.08198572454619 16.58549648897891 0
2299 19.74527293781609 16.57079879368236 0
2300 19.95605648585842 16.34939749307715 0
2301 2.220354155848672 14.75581449596547 0
2302 2.368020524594595 14.57802655454987 0
2303 2.462687759412613 14.8038417389801 0
2304 2.767845753997928 14.84968063554416 0
2305 2.620179385252005 15.02746857695976 0
2306 3.931782406313217 10.11908942091435 0
2307 3.774853685090006 10.32329053078493 0
2308 3.70678793550167 10.05722883764663 0
2309 15.49554458379639 4.398882049212212 0
2310 15.3110088968601 4.051390837487491 0
2311 15.65513874719606 4.173561717681125 0
2312 3.45174094061813 10.01673106231685 0
2313 3.608669661841341 9.812529952446262 0
2314 22.9790724983947 21.44846521186925 0
2315 22.67359307898889 21.54077164446576 0
2316 22.69576120549518 21.25690896799514 0
2317 22.54074374694397 21.86471864310693 0
2318 22.25743245404446 21.67316239923282 0
2319 3.531471679045589 1.981779969417746 0
2320 3.712119670090335 2.27205157399075 0
2321 3.429845537415757 2.280890780254563 0
2322 3.29198628595884 2.693786907218367 0
2323 3.111338294914095 2.403515302645364 0
2324 21.54120706215035 19.09724281350987 0
2325 21.50113922455859 18.80125518508684 0
2326 21.73584852902929 18.9031224752551 0
2327 21.1794454013608 18.7815341087608 0
2328 21.37408686823974 18.58741377050604 0
2329 2.173942846379642 19.95543245966509 0
2330 2.354192928123269 20.13201417955869 0
2331 2.021795394318311 20.17712414839757 0
2332 2.012382617691896 19.6987841467549 0
2333 1.695056481512246 19.79719841785299 0
2334 1.865893786629458 19.49544013610392 0
2335 2.344780151496854 19.65367417791602 0
2336 1.289441369333897 19.27624987080012 0
2337 1.006990524589325 19.1369046189743 0
2338 1.284174714145244 18.9714198263903 0
2339 22.85930409919339 20.00592386846851 0
2340 22.97974829877497 20.19900096698532 0
2341 22.70170785563784 20.17764058276737 0
2342 22.99288390263369 19.74411654177557 0
2343 23.1362209682908 19.54926632780964 0
2344 23.28068160798763 19.83243403872052 0
2345 22.71484345949656 19.72275615755763 0
2346 19.66755671780765 1.384682001947845 0
2347 19.64262190775395 1.680578544097073 0
2348 19.38692513789076 1.441748927026998 0
2349 19.5670055064238 1.979326162314029 0
2350 19.84763708634069 1.922259237234876 0
2351 19.54010380942201 2.257677066333575 0
2352 19.33508863083527 2.015996373195772 0
2353 21.2213485881247 4.213319826667417 0
2354 21.26076768790333 3.893728547285877 0
2355 21.4946755583459 4.120373233990621 0
2356 20.98179679257981 3.746661692438613 0
2357 21.25512376280101 3.653715099761817 0
2358 4.013678302388135 4.139013326859038 0
2359 3.773965827541336 4.084192202497093 0
2360 3.844682325480545 3.873548430038855 0
2361 3.650964250569771 4.398396114742778 0
2362 3.481968273662182 4.132931217922595 0
2363 22.89116228367536 24.7517267251806 0
2364 22.57064946316482 24.7517267251806 0
2365 21.21382713879831 3.295346102789543 0
2366 21.49279803412183 3.442412957636808 0
2367 22.00170135688932 18.92411446328605 0
2368 22.29966724298637 18.88307021754197 0
2369 22.0738822527181 19.15806585793405 0
2370 18.45269551790256 24.68683009376053 0
2371 18.13218269739202 24.68683009376053 0
2372 21.96163351929756 18.62812683486302 0
2373 22.28548084045129 19.36802717803391 0
2374 21.98751495435425 19.40907142377799 0
2375 20.48173508057577 2.237759164173188 0
2376 20.4704569198639 2.559289795348733 0
2377 20.23468251591222 2.441947997056472 0
2378 2.088050133141264 24.80474363262744 0
2379 2.408562953656366 24.80474363262744 0
2380 20.50521788807369 2.854775704947789 0
2381 20.75227045273724 2.650586872064505 0
2382 24.80712591369684 2.094532853685982 0
2383 24.80712591369684 2.415045674197708 0
2384 4.146713525933746 20.90822247265973 0
2385 4.187528717427487 21.2344570981682 0
2386 3.923612679102419 21.14664890477086 0
2387 6.543947585737259 24.69146977214352 0
2388 6.864460406252356 24.69146977214352 0
2389 4.48989025107307 21.24406005542368 0
2390 4.266789404241743 21.48248648753482 0
2391 24.68994987947702 6.545061437347448 0
2392 24.68994987947702 6.865574257858607 0
2393 20.00899068081731 2.170712110666379 0
2394 19.99771252010544 2.492242741841925 0
2395 20.75551354790127 21.16985606650776 0
2396 21.07876696021563 21.26159697276794 0
2397 20.87497478344848 21.43197171623166 0
2398 0.2705888163707693 22.91688924345473 0
2399 0.2705888163707693 22.59580816237209 0
2400 21.37017398710709 21.25535426259435 0
2401 21.69677874018562 21.21670101780865 0
2402 21.52483294884136 21.48505937770615 0
2403 23.22587306179053 0.2722269154563832 0
2404 23.05339531926667 0.5370937628067688 0
2405 22.90103577098451 0.2648668473503856 0
2406 22.57995468990188 0.2648668473503856 0
2407 21.25071275155989 20.99323861287045 0
2408 23.58825064139946 5.506409816366991 0
2409 23.38184504383023 5.258298800639013 0
2410 23.76183747467481 5.318105036364665 0
2411 23.77011781431554 5.780404726167365 0
2412 23.39012538347096 5.720598490441713 0
2413 4.203766463278591 4.291115849070153 0
2414 4.274482961217799 4.080472076611915 0
2415 24.72898414313444 23.22982957641118 0
2416 24.46937188539714 23.06113534175547 0
2417 24.7403877422627 22.90822884225684 0
2418 24.7403877422627 22.58771602174226 0
2419 4.345910367881451 3.829905332603733 0
2420 4.535998528771909 3.982007854814848 0
2421 23.10136503734014 5.679688778498711 0
2422 23.28323221025622 5.953683688299086 0
2423 0.8003187923425448 1.174116934041493 0
2424 1.027254543144194 0.9471811839364785 0
2425 19.73735271361696 16.09856195592939 0
2426 20.07406550034707 16.11325965122594 0
2427 20.81748915711503 20.77051386942141 0
2428 20.91409777497579 20.49615417914941 0
2429 21.05591434252918 20.72512163277204 0
2430 20.74400415926109 4.315413826920597 0
2431 20.74362851948011 4.101951758991168 0
2432 20.9878163574631 4.200137207892102 0
2433 1.25953373206938 0.9049402763267238 0
2434 1.361023367468833 0.6074466582206647 0
2435 1.546685599718816 0.8923869330347782 0
2436 1.212916775394177 1.232121458750592 0
2437 1.073072277325749 22.63754350720031 0
2438 1.26381669428833 22.49645735043435 0
2439 1.312558526829228 22.806049030659 0
2440 0.8314958713040927 22.85370008041302 0
2441 0.7827540387631946 22.54410840018837 0
2442 0.7273492054728022 22.26797256573396 0
2443 0.4857727994511463 22.48412913894667 0
2444 17.46441640728472 22.05147090567533 0
2445 17.58316953756506 22.36340715051923 0
2446 17.29992204106774 22.34776751007028 0
2447 4.403908688036363 4.474336687055644 0
2448 4.143104029206698 4.532877937302767 0
2449 16.97501256214647 22.27041178920797 0
2450 17.09376569242681 22.58234803405188 0
2451 4.072434178466795 4.835568003417315 0
2452 3.872291953709023 4.652347165431824 0
2453 8.327973383373406 18.8437349992748 0
2454 8.112784548129367 18.63006015643335 0
2455 8.41579950730423 18.56398635269937 0
2456 2.473696759016858 0.7665188910212963 0
2457 2.377525561620052 1.082432347518856 0
2458 2.123513865123432 0.8549415394296578 0
2459 8.485292733434257 18.28766089164564 0
2460 8.700481568678295 18.50133573448709 0
2461 1.38691782551529 24.54871202629185 0
2462 1.477724436399078 24.78784633617309 0
2463 1.191244671176615 24.76086569011876 0
2464 1.309101256667723 24.29530918680384 0
2465 1.595581021890186 24.32228983285817 0
2466 1.044246306155545 24.26002590176761 0
2467 1.252909502530442 24.03360370833392 0
2468 20.56022242404691 4.498014690493033 0
2469 20.8044102620299 4.596200139393967 0
2470 4.975748190076432 2.125251467833614 0
2471 5.007447725911025 2.412117179220722 0
2472 4.722300689989107 2.428484048138959 0
2473 10.22632481906145 1.996766763849898 0
2474 10.5560428927894 1.861169461394673 0
2475 10.47224178292172 2.25590432757672 0
2476 21.04587565960096 4.646502886300326 0
2477 20.86209392438678 4.829103749872762 0
2478 5.342486355669905 2.440212518237444 0
2479 5.08903885558258 2.743445098542789 0
2480 22.31324872105495 24.75147024890537 0
2481 22.44800074830411 24.50319697408598 0
2482 21.9927359005444 24.75147024890537 0
2483 10.62392242587824 1.576625113816879 0
2484 10.86983938973851 1.8357626775437 0
2485 15.76335861726417 3.808763279583753 0
2486 15.94789430420046 4.156254491308474 0
2487 3.85123202225925 3.655488759290097 0
2488 4.090944497106047 3.710309883652043 0
2489 8.997057904370152 4.291646543419285 0
2490 8.848551005737029 4.525675437309025 0
2491 8.724208623457233 4.284639344832833 0
2492 8.488801714992888 4.297032451939844 0
2493 8.637308613626008 4.063003558050104 0
2494 4.59377828167144 20.81562245151865 0
2495 4.852861610032875 20.89668535090584 0
2496 4.669712892620248 21.07709356544425 0
2497 4.63330906504236 2.986434995154156 0
2498 4.431951776066089 2.820516556219352 0
2499 2.497596450425566 24.5284992527684 0
2500 2.653136060890005 24.72375562014097 0
2501 2.973648881405106 24.72375562014097 0
2502 22.55176754427491 18.69528831968344 0
2503 22.62394844010368 18.92923971433144 0
2504 24.77184860710398 2.670003027632536 0
2505 24.57897452080082 2.520946137737504 0
2506 24.77184860710398 2.990515848144166 0
2507 4.555693707915609 4.617485707604011 0
2508 4.616356141987502 4.375723619371398 0
2509 2.295419910419162 24.01826065692529 0
2510 2.012418767813738 23.92437788650717 0
2511 2.20758464540229 23.74428163569979 0
2512 4.730744945336093 4.148946058527537 0
2513 4.882529965215339 4.292095079075903 0
2514 20.37949701540744 4.717117330234126 0
2515 20.31909091263862 4.436331017760756 0
2516 16.7145175638093 4.618999963444155 0
2517 16.44575083624416 4.484391053184256 0
2518 16.64791401543735 4.322895800811233 0
2519 20.07258095618799 4.336591334319076 0
2520 20.25330636482746 4.117488694577982 0
2521 20.30759457870477 20.48180793295905 0
2522 20.49413389859779 20.3621083188825 0
2523 20.48913326966861 20.66124602987534 0
2524 20.59192794158177 20.11208163740666 0
2525 20.77346663254562 20.29151973432294 0
2526 4.447841701721504 2.246320006337908 0
2527 4.479541237556097 2.533185717725016 0
2528 4.157492787798486 2.638352514418302 0
2529 4.761615794984218 4.730547074738228 0
2530 4.54916834103308 4.829160142422475 0
2531 4.533845086380166 5.058628626864192 0
2532 4.327922999311555 4.945567259729975 0
2533 24.40729320326145 17.8030404642344 0
2534 24.58260230097194 17.97463374004162 0
2535 24.37983590486149 18.03157836201844 0
2536 0.215183983080377 22.31967232791769 0
2537 0.215183983080377 21.99859124683585 0
2538 24.80502979968595 17.84740689546847 0
2539 24.777572501286 18.07594479325251 0
2540 22.45657314334032 0.4805048929424431 0
2541 22.30796980478155 0.2156380455920575 0
2542 21.98688872369972 0.2156380455920575 0
2543 14.10233981537873 12.68953705411305 0
2544 14.34326851749255 12.66480257690524 0
2545 14.21698717994629 12.96058666177151 0
2546 16.67102836591444 4.085753545257103 0
2547 16.93979509347958 4.220362455517003 0
2548 20.09954123342185 20.27648785169362 0
2549 20.09454060449266 20.57562556268645 0
2550 20.00021376671885 20.8033551408294 0
2551 19.79216042143593 20.59803505956396 0
2552 24.52552703496732 22.47314781614616 0
2553 24.78513929270461 22.3213292302873 0
2554 24.78513929270461 22.00081640977272 0
2555 1.809009242936615 24.13362195055142 0
2556 1.721173977919743 23.85964292932591 0
2557 1.43671769580495 23.77261285996079 0
2558 1.640127220682073 23.56336879591654 0
2559 0.6379745188857265 17.39276339564083 0
2560 0.7883019687207479 17.56356703864738 0
2561 0.5492988118626317 17.66183207759575 0
2562 20.79795311246412 7.399792503990451 0
2563 21.0728302245257 7.61453662650625 0
2564 20.71658187171474 7.635106437211952 0
2565 20.79856657545455 8.006003410328558 0
2566 20.52368946339298 7.79125928781276 0
2567 1.054506684866936 17.47592336006032 0
2568 0.9658309778438414 17.74499204201524 0
2569 1.053037673478898 2.040432002732879 0
2570 1.340547270548223 2.016644180390545 0
2571 1.193593983904388 2.276516103909861 0
2572 1.470574398296684 1.73958630813917 0
2573 1.611130708722173 1.975670409316152 0
2574 2.832593599780768 23.8970241633546 0
2575 2.612009505618987 23.6569750675376 0
2576 2.954017317392041 23.71583482477429 0
2577 1.603507593241642 22.88123644061477 0
2578 1.412763176279061 23.02232259738073 0
2579 2.958385484606514 24.20169758043661 0
2580 2.61637767283346 24.14283782319992 0
2581 3.266834930161123 24.25547211045042 0
2582 3.050619003213814 24.50128577029574 0
2583 22.86640246393348 1.267170975592499 0
2584 23.15960791081429 1.33577012235252 0
2585 23.00762752850113 1.555005143225273 0
2586 21.18748549126968 18.33872502176743 0
2587 20.88742667227356 18.37315353981644 0
2588 21.02251911850128 18.14418586740387 0
2589 20.9563464379576 21.69594579610575 0
2590 20.63309302564325 21.60420488984557 0
2591 23.71301258727961 22.86626191219115 0
2592 23.64800997426678 23.15583050005754 0
2593 23.44170813959522 23.01858357966254 0
2594 16.46222706189861 1.706684890022073 0
2595 16.20548264300897 1.919944710866655 0
2596 16.16381285914924 1.578581893514496 0
2597 20.19141136876613 4.895194103351974 0
2598 20.43254288017442 4.956877776084251 0
2599 20.69337792634003 5.038087826139025 0
2600 20.50529227969873 5.216164599256873 0
2601 0.5108644358459981 3.224454305679672 0
2602 0.2281066617774497 3.327732816769961 0
2603 0.2281066617774497 3.64881389785036 0
2604 1.322593462221048 1.4852203151772 0
2605 1.593176900394999 1.444246544102807 0
2606 1.736269316022995 1.180367773534027 0
2607 1.884250252098631 1.434733766495997 0
2608 16.23101398313014 2.317173455116764 0
2609 15.93259978038078 2.189070458609187 0
2610 17.56645759251347 0.7153988902803032 0
2611 17.73369767450386 0.9229543423752327 0
2612 17.50955507892361 1.030657095191156 0
2613 1.238742524216963 23.21173695698819 0
2614 1.529691590629378 23.28692436694396 0
2615 1.81414787274417 23.37395443630908 0
2616 23.54695414287317 0.2722269154563832 0
2617 23.89626848777729 0.2942540712997339 0
2618 23.72754695497681 0.566480986756117 0
2619 20.81054228257647 17.91303359978811 0
2620 21.11060110157261 17.8786050817391 0
2621 4.418109292311568 8.926703370568706 0
2622 4.352914808705576 8.519907091621299 0
2623 4.630555924201945 8.610161305166892 0
2624 23.19830772815967 0.7961948928162563 0
2625 23.53786437424191 0.8046209959099262 0
2626 23.35793949232889 1.056362057813416 0
2627 4.895540093902031 20.20913943528164 0
2628 4.958093808852031 20.44419944704007 0
2629 4.714373284134068 20.40015422522181 0
2630 21.71293556460171 24.73385370542888 0
2631 21.91079967025155 24.48532395433426 0
2632 21.39242274409117 24.73385370542888 0
2633 22.28425238464902 24.03239538139041 0
2634 22.10343392351072 23.83946913783845 0
2635 22.36184718180782 23.79208180551083 0
2636 22.46268500163971 23.50143467983153 0
2637 22.64350346277801 23.69436092338349 0
2638 21.82841923033038 24.2737450622879 0
2639 22.10821956627307 24.29136160576439 0
2640 4.819391288567284 8.41983009495857 0
2641 4.884585772173276 8.826626373905981 0
2642 0.6900516917230535 7.010054685340013 0
2643 0.4657770044812531 6.898301771977349 0
2644 0.6783750289413212 6.695846656423861 0
2645 23.88717871914603 0.8266481517532769 0
2646 5.218908683486458 20.51377676775851 0
2647 5.037741873718495 20.70479155769868 0
2648 3.282098326959714 24.77753015015477 0
2649 3.602611147474814 24.77753015015477 0
2650 24.42346204668199 17.59170790993564 0
2651 24.22069565057154 17.64865253191246 0
2652 24.73339671073791 3.287054033484327 0
2653 24.50524531784189 3.072441676512494 0
2654 24.73339671073791 3.60756685399551 0
2655 24.72898414313444 23.55034239692576 0
2656 24.70578626759923 23.89824900482323 0
2657 24.43477041073367 23.73064268380729 0
2658 2.379529393991617 23.56960708999026 0
2659 2.50095311160289 23.38841775140995 0
2660 24.18864135411003 23.19312245424798 0
2661 24.19704747310504 23.54158707740341 0
2662 23.92772054094618 23.35197345574158 0
2663 24.09056901818909 2.625610765834961 0
2664 23.87700044956057 2.840594245533164 0
2665 23.86240631002075 2.548586682298692 0
2666 23.53946076179411 2.465039155757804 0
2667 23.75302933042263 2.250055676059601 0
2668 24.28597828960237 3.143299095461043 0
2669 24.32443018596843 2.846760910120882 0
2670 23.92778611090912 17.79964667524343 0
2671 23.94395495432966 17.58831412094467 0
2672 18.63452573123321 2.865468812707387 0
2673 18.8361633751022 2.653024338777865 0
2674 18.81927765417444 2.921652629694463 0
2675 2.510097965579383 1.316651942030244 0
2676 2.159915071685958 1.405074590438605 0
2677 2.016822656057962 1.668953361007385 0
2678 24.17384959756983 23.88949368530088 0
2679 0.8365959731805739 7.953131455770085 0
2680 0.9012887141999385 8.192394363720442 0
2681 0.614069339368488 8.081665025292988 0
2682 0.8811468244658789 8.473234980817807 0
2683 1.103673458277965 8.344701411294903 0
2684 0.7828025463905006 7.667055443846552 0
2685 1.070021921221951 7.777784782274007 0
2686 0.2868142588680233 21.76140539775719 0
2687 0.5019982419484004 21.97080745541361 0
2688 0.2868142588680233 21.44032431667576 0
2689 4.342284885172774 20.67684083144545 0
2690 4.078368846847706 20.58903263804811 0
2691 4.5254336025854 20.49643261690704 0
2692 21.95362528731249 0.4988258256398467 0
2693 21.7559257527922 0.2831877800477892 0
2694 21.43484467171077 0.2831877800477892 0
2695 22.78303241698336 23.96246081421758 0
2696 22.88387023681524 23.67181368853829 0
2697 23.06052340459614 23.35593298261657 0
2698 23.20005235880149 23.62403287345066 0
2699 22.36663282457018 24.24397427343677 0
2700 4.462879887635401 20.26137260514861 0
2701 3.805806285504029 20.54699907415533 0
2702 4.001377644743057 20.31561743294106 0
2703 24.49267857438284 21.97299306674695 0
2704 24.70753928167822 21.76704845182847 0
2705 24.70753928167822 21.4465356313139 0
2706 2.096528251386192 23.47572431957214 0
2707 1.986092621333498 23.19927989059956 0
2708 2.041628687831207 5.292568676130712 0
2709 2.342401039722225 5.411455598927959 0
2710 2.053124715387083 5.535608067656494 0
2711 14.54510664411272 12.53541707393005 0
2712 14.65975400868027 12.80646668158851 0
2713 11.05238617322618 13.93921548976373 0
2714 11.12029839752424 14.17187531882477 0
2715 10.74745295163868 14.09371677700885 0
2716 24.30983604642861 2.55475334688641 0
2717 19.10816850365932 3.025521005794024 0
2718 18.90653085979034 3.237965479723546 0
2719 2.766751617967907 1.307871518855229 0
2720 1.877907744844467 5.103353187070239 0
2721 2.167184069179609 4.979200718341703 0
2722 1.344447531559583 22.30147567180705 0
2723 1.583933781063062 22.46998119526574 0
2724 1.842035036738405 22.50648056765154 0
2725 1.761404199467151 22.70146224627884 0
2726 0.7989794812604485 22.03078671665531 0
2727 22.50857135001118 1.259316713086381 0
2728 22.47530738522549 1.577168274781571 0
2729 22.26945665361634 1.3500789914027 0
2730 22.7304752932501 1.752270130638405 0
2731 22.49136059685527 1.843032408954724 0
2732 22.01269146740351 0.7993014949015445 0
2733 22.24365443831102 0.7317517604458128 0
2734 23.73911524757244 22.529718026776 0
2735 23.39935247694359 22.49850919270859 0
2736 23.63175697190797 22.29921222768844 0
2737 23.24346380088701 22.73954135075902 0
2738 23.13610552522255 22.50903555167146 0
2739 24.19329915294663 22.03482308527928 0
2740 24.27089916397303 22.26859104322352 0
2741 0.6975779344792424 3.431549249194622 0
2742 0.752229046770341 3.167024407817595 0
2743 0.8920681914173177 2.893095791150693 0
2744 1.078781690050562 3.100190734665643 0
2745 0.5107339416199485 3.684838485800383 0
2746 0.2826272798424987 3.844673236594044 0
2747 0.2826272798424987 4.165754317674423 0
2748 1.389434253683713 3.014365933009077 0
2749 1.249595109036736 3.288294549675979 0
2750 1.520067119724145 2.715585745196475 0
2751 1.690880538710319 2.903689560206811 0
2752 0.7520985525442914 3.627408587938306 0
2753 1.858815691008404 1.898273314181721 0
2754 1.728788563259943 2.175331186433096 0
2755 1.861608848916984 22.91773581300057 0
2756 2.143989227559007 23.01950569626363 0
2757 23.02368074013091 1.820869277398425 0
2758 23.36545837878896 1.895056219752003 0
2759 23.08830614353793 2.092321207165136 0
2760 21.64235251679179 24.20516130533886 0
2761 21.83977241281331 24.01119895676899 0
2762 21.91736720997213 23.7708853808894 0
2763 21.13978097919719 24.69887549332759 0
2764 21.37835756941488 24.43272919875648 0
2765 20.81926815868665 24.69887549332759 0
2766 21.71460736790978 23.64884276682742 0
2767 21.97826887860719 23.47711294789688 0
2768 22.07437911493775 23.18927192385918 0
2769 22.27713895700009 23.31131453792116 0
2770 21.38971075189781 24.17018309323756 0
2771 23.17846118787419 23.02910993862541 0
2772 22.86227906588794 23.07689075371304 0
2773 1.719300323421888 4.8864044783504 0
2774 1.593744942073486 5.199772436139408 0
2775 2.131030730820805 5.789496232488819 0
2776 1.830258378929787 5.670609309691572 0
2777 3.602328482168064 24.47792605513842 0
2778 3.845871180874456 24.70039590498364 0
2779 4.166384001389554 24.70039590498364 0
2780 24.20415345253388 3.348926462145737 0
2781 24.02333832066042 3.123245695754126 0
2782 23.79517561249208 3.046221612217858 0
2783 24.69203009087577 3.860951165447379 0
2784 24.42542680161368 3.622364173304524 0
2785 24.69203009087577 4.181463985958537 0
2786 2.944789369479284 23.38903304828541 0
2787 3.165373463641065 23.62908214410241 0
2788 2.655396816224114 23.22866795237365 0
2789 2.866752962473138 23.14191527170176 0
2790 3.510094963560764 24.17833786527929 0
2791 23.63709543602342 3.273974872285554 0
2792 23.49075756492357 2.991323422064592 0
2793 23.17473932299306 2.912549975526667 0
2794 23.33281949946173 2.684796715458971 0
2795 24.16278683267173 3.602310773597607 0
2796 1.349862207835626 2.539495199783134 0
2797 1.651308492862232 2.428818826980868 0
2798 1.898993475148463 2.351421731846437 0
2799 5.682878036735744 23.10028841329833 0
2800 5.956053799103449 23.28303453725645 0
2801 5.723102126322788 23.38950707357901 0
2802 5.509599322398748 23.58726969815023 0
2803 5.782775084766453 23.77001582210834 0
2804 24.25712738811494 16.23167731723048 0
2805 24.14313166821891 16.42538341853848 0
2806 23.94562163513222 16.31141447500481 0
2807 18.40726567707334 2.981822697474025 0
2808 18.42415139800109 2.713194406557427 0
2809 0.8946391305247843 21.72570845730004 0
2810 1.119990094049186 22.02287356762039 0
2811 1.440107180823919 21.99639741245178 0
2812 0.3857114760785768 21.17940000454862 0
2813 0.6725257349466001 21.47269729420781 0
2814 17.89961194512051 7.739479623877655 0
2815 18.14753054898098 7.774560828366063 0
2816 17.90809544435236 7.993780525651967 0
2817 21.71843031077097 0.8908063993193356 0
2818 22.0084594617695 1.123732334125302 0
2819 21.97519549698382 1.441583895820491 0
2820 21.4604564084399 0.6429440806171651 0
2821 21.1726387637457 0.359756300569376 0
2822 17.97726702593636 8.211580452329059 0
2823 17.72934842207589 8.176499247840649 0
2824 22.55879523797027 23.21359365579383 0
2825 22.67673302124832 22.88677061180267 0
2826 24.07586323948838 21.73569844569377 0
2827 23.85408382907857 22.03129642217034 0
2828 23.51432105844972 22.00008758810294 0
2829 24.31355183927029 21.47825196974483 0
2830 24.60601255759207 21.18556249225602 0
2831 18.19127075498431 2.577491313031049 0
2832 18.41853080914418 2.46113742826441 0
2833 3.043201718573499 1.44800536970603 0
2834 3.264903101547837 1.632448288246828 0
2835 3.027496163396675 1.806176257140761 0
2836 2.862822557281748 2.121619811690203 0
2837 5.320174815656542 23.76050976773082 0
2838 5.260501857212877 23.38000101920149 0
2839 2.422916704596744 23.14129997482631 0
2840 2.298432932180231 22.85975589722732 0
2841 23.2234425198636 2.38626570921988 0
2842 22.88166488120555 2.312078766866302 0
2843 1.565041021764353 21.75863463542613 0
2844 1.789498459274751 22.03723673961279 0
2845 2.112299561486612 22.10066273601608 0
2846 1.987365720546177 22.33842551304174 0
2847 0.9935363477353376 21.4647841451729 0
2848 21.97432335111156 1.765526650155209 0
2849 21.71332615926472 1.539179992877811 0
2850 22.26796212172012 2.019700159032065 0
2851 22.00609278400103 2.117296256089384 0
2852 21.4562244028059 0.9673749198409225 0
2853 23.12444928658376 22.00016564098045 0
2854 23.34677614375436 21.73224983546235 0
2855 22.95229444948761 22.3414965872218 0
2856 22.78474953479225 22.07365883458121 0
2857 23.97433651540222 21.4747253066359 0
2858 0.8925574018456714 3.842687076339328 0
2859 1.079401394704965 3.589397839733567 0
2860 1.390053958338116 3.503573038077 0
2861 0.6708829024150762 4.118825242917922 0
2862 0.3882556225725775 4.403881736048277 0
2863 4.017927052307391 19.56830588220425 0
2864 4.2571286871785 19.52117601641886 0
2865 4.233296369536069 19.80660985651276 0
2866 1.727097281158688 3.430346708650641 0
2867 1.556903566826918 3.731449998708229 0
2868 1.88821745785191 3.099955649079127 0
2869 2.055067066340712 3.327832609710355 0
2870 0.9981857445757502 4.080814494713182 0
2871 19.99577316536633 5.076872215034553 0
2872 19.94272730059935 4.837111769184428 0
2873 2.148980486471618 2.428764910046528 0
2874 2.164836138950266 22.56990656405484 0
2875 2.443763615988003 22.69170084261752 0
2876 22.52313002974473 2.194802014888899 0
2877 22.65826640607041 2.488746516943643 0
2878 21.15442898861108 24.07698758921805 0
2879 21.41842393598799 23.84941969580043 0
2880 21.47932560462305 23.55564726280791 0
2881 20.56630073348353 24.60997955873624 0
2882 20.87274837931778 24.30885505206383 0
2883 19.68908906548655 4.736088740858856 0
2884 19.88472726888635 4.554410629176276 0
2885 21.24822509141637 23.42311047554681 0
2886 21.54440852333816 23.2225335465738 0
2887 21.6309642113795 22.90447676669416 0
2888 21.86206472458619 23.03701355395526 0
2889 20.90146156340796 23.9880916546267 0
2890 22.79640577343104 22.58252874527223 0
2891 22.49292194551337 22.71923164735301 0
2892 3.832036483199981 24.05462589012009 0
2893 3.49654293119304 23.83217194543209 0
2894 3.487314983280283 23.50537016894321 0
2895 4.116815995487675 24.29306923800776 0
2896 4.437611481309524 24.59267333302412 0
2897 21.22172422790567 4.426781894596846 0
2898 24.04780460233818 3.851996663323598 0
2899 23.82653125325838 3.578558952164812 0
2900 23.52211320568987 3.523660762011546 0
2901 24.59225258904279 4.441119639839811 0
2902 24.28428267991856 4.135404138637666 0
2903 21.72075042912102 4.032364474546519 0
2904 21.68133132934238 4.351955753928059 0
2905 3.406350330352902 23.16195536152606 0
2906 3.737519797904876 23.36504516285575 0
2907 3.066291988582917 22.98632621078745 0
2908 3.316496803207511 22.84600120469998 0
2909 4.103263963119951 23.94690331816057 0
2910 23.37718326339905 3.754862123287773 0
2911 23.18774744616409 3.450278043408515 0
2912 22.87045082472415 3.36028254088646 0
2913 23.01538076701497 3.129081179610234 0
2914 23.94802710050521 4.111652317204872 0
2915 2.018850323892343 2.801175461266525 0
2916 2.346317405613209 2.625030998918844 0
2917 3.771858870198299 1.093756713619912 0
2918 3.532211046950342 1.349732933051136 0
2919 3.520256479972618 1.018301181380874 0
2920 3.516505491773518 1.707903820485867 0
2921 0.2387268336314927 7.115984630169399 0
2922 0.2270501708497604 6.801776601253247 0
2923 3.297503238849977 5.198174472551694 0
2924 3.485111788733903 4.941879476656986 0
2925 3.614013553085194 5.211332227441078 0
2926 3.798779624448095 1.699064614222054 0
2927 0.7860149259083897 12.90126107073529 0
2928 0.5235411448463229 12.85655704444109 0
2929 0.6969927144146575 12.61047600184563 0
2930 4.03123500351488 1.177815900004217 0
2931 4.019280436537155 0.8463841483339553 0
2932 1.098853943229284 21.19526967951965 0
2933 1.320967338807468 21.44828084261188 0
2934 1.6703586172583 21.48912016977288 0
2935 16.99235910821915 16.27610123214176 0
2936 17.22969059309748 16.50920134920791 0
2937 16.96029257983795 16.57797450978786 0
2938 5.07363430654368 19.99621404407871 0
2939 4.829913781825717 19.95216882226045 0
2940 21.18192315503546 1.063086644510051 0
2941 21.43989705736653 1.310948963212222 0
2942 21.43902491149428 1.63489171754694 0
2943 16.8887129465605 16.86975823067411 0
2944 16.65138146168216 16.63665811360796 0
2945 4.562158786795623 19.96228710209537 0
2946 4.740252999437272 19.74936171089244 0
2947 22.16093480297909 22.87121514397954 0
2948 22.28060755516181 22.56697327744909 0
2949 23.87650667957217 21.2087408778799 0
2950 23.63881807979026 21.46618735382884 0
2951 23.24894630792431 21.46626540670636 0
2952 3.166511088188557 4.216436707013527 0
2953 3.289512665160122 3.902232794767841 0
2954 0.3062816781700275 13.29421159719015 0
2955 0.3062816781700275 12.97313051610872 0
2956 2.776899435327747 22.82596111487569 0
2957 2.643302642097782 22.53611178170321 0
2958 22.85744270155313 2.822554473004613 0
2959 22.49890785009232 2.70527772102721 0
2960 1.793756446863413 21.22772285757962 0
2961 2.037830129820298 21.53807665039386 0
2962 2.434963844347957 21.61171553181025 0
2963 2.311566014742844 21.87311284400351 0
2964 1.207838705178897 20.92721846617263 0
2965 0.8804077141067661 20.94372176873364 0
2966 21.44680887764603 1.966707167886117 0
2967 21.17337977574784 1.738476138220528 0
2968 11.38948004759877 14.31246120249397 0
2969 11.08454682601128 14.4669624897391 0
2970 20.9172241240701 1.16854213360009 0
2971 20.93355146950947 0.8249680902287901 0
2972 23.2711144344306 21.18240273023574 0
2973 15.17882958386349 11.91116986032932 0
2974 15.41610209328317 12.17343859379925 0
2975 15.08546288247387 12.16627624662851 0
2976 23.78468429113634 20.95313178233905 0
2977 24.1202027267483 20.9616697351461 0
2978 1.1448799396206 4.363282991336712 0
2979 1.366554439051195 4.087144824758119 0
2980 1.703597761871767 4.013918495331759 0
2981 15.09216376359699 12.55281307935588 0
2982 14.85489125417731 12.29054434588594 0
2983 19.0388127162855 22.57467116128809 0
2984 18.9361327226091 22.25078056692841 0
2985 19.21070699453259 22.26818257991869 0
2986 2.08829778542481 3.891675052912916 0
2987 1.897948657649088 4.247369878962806 0
2988 2.232717884566654 3.554119151555706 0
2989 2.427068780343975 3.787570535186753 0
2990 1.227471729127094 4.622698331173676 0
2991 0.8591030346516495 4.616368001128739 0
2992 2.724963305824831 2.534515938654008 0
2993 2.594833143245556 2.906926489874005 0
2994 2.50943327601427 22.17430161743247 0
2995 2.842569095354014 22.30856188969064 0
2996 13.03560722721984 1.290596365942932 0
2997 12.72743252899103 1.235415380766822 0
2998 12.90193281104428 1.001164697608424 0
2999 22.19532644072623 2.634055067337221 0
3000 22.39450273620895 2.96786302339819 0
3001 20.61530723934818 23.87595593480369 0
3002 20.89698784864147 23.64408847195791 0
3003 20.96207076735658 23.3109747557238 0
3004 3.673169726304702 21.37592815732366 0
3005 3.632354534810961 21.04969353181519 0
3006 3.401516492917606 20.97644660948448 0
3007 3.651959445715323 20.74716735693168 0
3008 20.74004901510737 23.13831419949037 0
3009 21.09128625788227 22.91733620307927 0
3010 21.18087144438756 22.58888824938276 0
3011 21.40289319663678 22.76154880561619 0
3012 20.34208779941478 23.79525605482743 0
3013 20.34656151418127 24.13925923749623 0
3014 22.36858890984782 22.20604958934828 0
3015 22.03660176731353 22.35803308597481 0
3016 4.415965245379563 23.79168344456695 0
3017 4.131185733091868 23.55324009667928 0
3018 4.050221080164488 23.20982528926213 0
3019 22.66055173232434 1.040081692213628 0
3020 3.275386803294937 19.93468037803931 0
3021 3.595444294337041 19.98054199237593 0
3022 3.408757592357277 20.22772225471166 0
3023 23.79444182651588 4.421682156340522 0
3024 23.5579637489355 4.138274681026455 0
3025 23.22359798940972 4.064891962423423 0
3026 22.51563932343134 0.7809805622041408 0
3027 22.87347043735364 0.7888348247102588 0
3028 0.2172594666762953 12.68234544721905 0
3029 3.875613678893759 22.85205584480054 0
3030 4.269279614080752 23.04025077862407 0
3031 3.553129187383868 22.69489926870422 0
3032 3.772187721300131 22.52532475806616 0
3033 4.690968099679576 23.71374290120514 0
3034 4.663046329707658 24.10740612268643 0
3035 23.05451931972421 4.27132231931309 0
3036 22.87373883418776 3.887909761574408 0
3037 22.55510800332029 3.777082345290316 0
3038 22.7241866730058 3.570651988400648 0
3039 23.71767968610158 4.69332584127309 0
3040 24.1077430376713 4.666703477451508 0
3041 2.393838061259876 3.223728091984192 0
3042 2.772483961471497 3.133213031719356 0
3043 4.299712152509862 1.275484245071902 0
3044 4.052290586171005 1.522856810357859 0
3045 4.067256773443077 1.796732959289739 0
3046 21.73560108824775 21.66558754199052 0
3047 4.262924992227241 1.985773415674754 0
3048 4.009414030504329 2.16198121953895 0
3049 21.984139307133 21.18307430760809 0
3050 4.614578152725919 1.358017818668336 0
3051 4.593522570069792 1.012976908314694 0
3052 1.336484767009883 20.64819650127198 0
3053 1.554930996132401 20.89974441205799 0
3054 1.922402508694399 20.94870089267897 0
3055 4.384144538264783 5.821306598794607 0
3056 4.670327398525233 5.925790602115837 0
3057 4.440688667732174 6.181023202467657 0
3058 0.6476152709198943 17.19611809138168 0
3059 0.4086121140617781 17.29438313033006 0
3060 20.62390746565895 1.287403953258552 0
3061 20.87227915118493 1.525522507539813 0
3062 20.88006311733669 1.857337957878991 0
3063 0.1994856810138052 17.39254124431118 0
3064 0.209126433047973 17.19589594005203 0
3065 3.728084119969831 19.77061991900086 0
3066 3.86145490903217 20.06366179567321 0
3067 21.7205493978848 22.57602881299765 0
3068 21.80853075257081 22.21510512489684 0
3069 23.6695557145549 20.67741825598378 0
3070 23.42585966737878 20.92448939871757 0
3071 23.15598585784917 20.90668920388046 0
3072 4.134017470375847 20.10569535956599 0
3073 4.114061080789754 6.325979515427695 0
3074 4.400243941050204 6.430463518748926 0
3075 3.213070845613883 22.5192701179656 0
3076 3.079201479530371 22.15745995369487 0
3077 22.55181999385669 3.249455124602367 0
3078 22.2482385844906 3.178232470912378 0
3079 2.047038332269008 20.70847378924024 0
3080 2.28586378300002 21.03645223476187 0
3081 21.49892021890575 5.208454171534294 0
3082 21.24439765123148 5.179870580347242 0
3083 21.35808188963211 4.907990087966174 0
3084 1.411383668080422 20.31996322402868 0
3085 1.064291377126918 20.34743727814331 0
3086 20.94933661321353 2.212696275512577 0
3087 20.64823598865062 1.999742644831862 0
3088 4.962331995091045 6.017503394957426 0
3089 4.905787865623655 5.657786791284376 0
3090 20.32072351785158 1.34052109611359 0
3091 20.36566849073675 0.9835407221738663 0
3092 22.83818594358114 20.99462176811899 0
3093 22.99293117652932 20.73670843660083 0
3094 5.262363837633929 21.52942823866037 0
3095 4.97757537698631 21.38611826074096 0
3096 5.213584681629301 21.30146644275085 0
3097 23.57410480306296 20.35494584748233 0
3098 23.93292942682052 20.38358823110381 0
3099 3.87590437181458 5.261374918936726 0
3100 3.688295821930654 5.517669914831433 0
3101 1.758355880144457 4.579799275331439 0
3102 2.1430559036975 4.457555832912597 0
3103 4.057110923813881 5.065036487859031 0
3104 4.131393192659341 5.371374175249386 0
3105 21.84609332580227 18.30769376848689 0
3106 22.1119461536623 18.32868575651783 0
3107 2.494567613373926 4.401168487312368 0
3108 2.354974835869296 4.733597883681002 0
3109 2.628352080444314 4.055432360201369 0
3110 2.840271012616109 4.331474410969774 0
3111 22.32266206557728 18.11499427320365 0
3112 22.43820225907257 18.43542733957979 0
3113 23.30104861865419 17.0984192971758 0
3114 23.03149265029058 16.83730816243078 0
3115 23.33448911347349 16.81360482687568 0
3116 21.19199987298155 19.2492000519993 0
3117 21.42670917745225 19.35106734216757 0
3118 0.6167840788520602 16.92747710967528 0
3119 0.8461464836760086 17.02585737498605 0
3120 1.157736189642441 16.8755505943659 0
3121 1.188567381710275 17.14419157607231 0
3122 19.88395925031249 20.14580918322408 0
3123 20.09701322452459 20.05199155349668 0
3124 20.1687582239186 19.79460272261662 0
3125 20.38434020702795 19.92528139108617 0
3126 23.44827953017303 16.52880713422173 0
3127 23.25997278621249 16.29826522906415 0
3128 23.64331917127564 16.27457867115523 0
3129 20.40304530318555 23.23015426305862 0
3130 20.53226079371123 22.83651571041409 0
3131 23.71783549853664 16.78991826896675 0
3132 19.82878747853523 5.242712192292872 0
3133 20.07747154670201 5.300794526460418 0
3134 20.69682236747161 22.53311290091061 0
3135 20.80185500159769 22.24232386866233 0
3136 20.97429713975914 22.45388661459757 0
3137 20.30021187147645 5.406039491201833 0
3138 20.13322618464534 5.571879468460152 0
3139 23.94541708224399 22.666964947171 0
3140 24.22614761353111 22.53497783467849 0
3141 24.20004495323828 22.87152172009364 0
3142 5.244403584000686 19.84289976263046 0
3143 5.310029896076999 20.09987037565165 0
3144 5.582874739055502 20.16720911595016 0
3145 5.412105461598495 20.32052339739842 0
3146 23.14117185032537 17.66322690024449 0
3147 23.42257061054468 17.60513468729627 0
3148 23.36964665444793 17.79740047722386 0
3149 18.09360763353981 3.116198515561269 0
3150 18.30398196677193 3.268472921711228 0
3151 18.64803583194734 3.46005485223137 0
3152 18.33437778841382 3.594430670318613 0
3153 19.65564842583788 5.458656429786331 0
3154 19.5739500445022 5.234734118360466 0
3155 19.29985274991382 5.160572581882914 0
3156 19.47299180261116 4.944628344389455 0
3157 21.65949194883222 18.05900501974828 0
3158 21.50917931446747 18.35844609809347 0
3159 4.272899502103788 22.52750053168923 0
3160 4.015735441357059 22.38883715341249 0
3161 4.193962730650824 22.23385635093925 0
3162 2.594071053013997 7.929892242138969 0
3163 2.90614789620039 8.147729617534401 0
3164 2.634155469357817 8.247243841442607 0
3165 22.54647589380157 4.273319317460537 0
3166 22.26771237598592 4.173980084548908 0
3167 22.4258966466866 3.995000885552447 0
3168 2.279455857686419 8.312211924707206 0
3169 2.591532700872812 8.53004930010264 0
3170 2.772772179586157 3.717876458844158 0
3171 5.485299296591976 19.69589988607053 0
3172 5.248903707058657 19.59224355449759 0
3173 4.909226530748176 1.360547256026978 0
3174 4.615416113188246 1.623054592784186 0
3175 4.936687074644869 19.44876148657226 0
3176 5.177582787236159 19.30176161001232 0
3177 20.48547416233971 3.879528425529355 0
3178 20.72928636054172 3.76425180650086 0
3179 20.7236424354394 3.5242383589768 0
3180 3.597063600196134 3.497016428731969 0
3181 3.843325771821636 3.333777882345157 0
3182 3.373799985619049 3.633983373314597 0
3183 3.365893735181436 3.312272496369657 0
3184 15.61127729693933 11.68630182293999 0
3185 15.84285592098334 11.69942713368181 0
3186 15.7410474187168 11.93145751824188 0
3187 1.49036779538607 20.00987321470199 0
3188 1.762561185269035 20.31063243783066 0
3189 21.98810354362022 17.66128665429826 0
3190 22.30444480520222 17.43874330952383 0
3191 22.31274722174901 17.78570934536727 0
3192 3.551709047004863 17.32315393839212 0
3193 3.853083224182392 17.26948974705316 0
3194 3.753526586763347 17.5466054623559 0
3195 4.015483706204769 17.7969321005992 0
3196 3.714109529027241 17.85059629193817 0
3197 7.999027221764312 24.32219530353478 0
3198 8.004232586417489 23.99798128738531 0
3199 8.259583453529336 24.12972834962413 0
3200 7.770890900447089 23.86546443184362 0
3201 8.031447132212113 23.67299747793297 0
3202 24.34605032886805 8.003594029004887 0
3203 24.16525130306924 8.276455990194989 0
3204 24.03415979160676 8.019333431699462 0
3205 23.72300110016132 8.042274070954573 0
3206 23.90380012596014 7.76941210976447 0
3207 21.28590407851365 22.29809921713449 0
3208 3.166565625203092 17.63383892096897 0
3209 3.368825258419449 17.87438145392576 0
3210 3.083238474036722 17.90795072119985 0
3211 23.48741152882955 20.04420003764441 0
3212 23.22403781656394 20.33803006252437 0
3213 3.630782377860871 18.12470809216905 0
3214 17.51104690816965 22.92335601532256 0
3215 17.30324353254127 23.12483631106006 0
3216 17.2108717957197 22.86118405065169 0
3217 17.39245452661617 23.3859329417246 0
3218 17.09227941416622 23.32376097705373 0
3219 3.693250949847167 22.23168057731617 0
3220 16.4576510864758 23.22633180023044 0
3221 16.66875767379417 23.02480848817239 0
3222 16.79196183277294 23.26418765844724 0
3223 22.27634448550465 3.677743112378686 0
3224 16.55165157050128 22.74597247157258 0
3225 16.88596231679843 22.78382832978938 0
3226 17.03411074545033 24.35797012472307 0
3227 16.81188981861921 24.21758629037376 0
3228 17.053698105235 24.0873556988517 0
3229 17.0064837933225 23.76591473611033 0
3230 17.22870472015362 23.90629857045964 0
3231 22.95031482290266 7.403269748961495 0
3232 23.14407363069946 7.557261889446782 0
3233 22.88341577763304 7.639750671437056 0
3234 23.40180705524189 7.556566857995401 0
3235 23.33490800997227 7.793047780470962 0
3236 2.220548450438149 16.35912922752225 0
3237 2.54934202865994 16.25251411948397 0
3238 2.508412715672273 16.56017976563309 0
3239 2.631007061060815 15.94018540290865 0
3240 2.918871326294939 16.1412359410195 0
3241 7.402333408667175 22.93900283407407 0
3242 7.637776673681895 22.86410600969839 0
3243 7.558430630296979 23.11696661784945 0
3244 7.795989670776706 23.29127520793252 0
3245 7.560546405761986 23.3661720323082 0
3246 20.23896420588907 3.779788742087675 0
3247 19.91203916985805 3.686348072226376 0
3248 20.1442069673703 3.448387803177749 0
3249 2.047736622261295 15.55050425150609 0
3250 2.298695656843396 15.7435435103914 0
3251 2.010518728843715 15.85842432248781 0
3252 2.668224954478394 15.63226533192692 0
3253 3.058342800145424 3.717488862405529 0
3254 8.538777507036663 23.58474773411508 0
3255 8.784451202386069 23.731915068737 0
3256 8.51046251353192 23.95268166809658 0
3257 10.64224897021614 16.23285011138454 0
3258 10.5138826320348 16.53245431001611 0
3259 10.41673387289969 16.31759264387172 0
3260 8.021657790483321 23.10470061997122 0
3261 7.936032166787304 22.81340958715925 0
3262 8.163816061958928 22.8760404136567 0
3263 16.79439328535886 2.190028723587469 0
3264 16.83304308261214 2.496079133663136 0
3265 16.54254664301161 2.354098117449899 0
3266 17.05154700387199 2.671029711398666 0
3267 16.79970036152474 2.835099105261097 0
3268 24.2756193086181 15.71244539437764 0
3269 24.28164238498719 15.97554442734675 0
3270 24.05359427865916 15.85460934072769 0
3271 23.75731489117167 16.08087256984723 0
3272 23.75129181480258 15.81777353687811 0
3273 23.35262401887494 8.61631165199899 0
3274 23.54337988830133 8.280267931509844 0
3275 23.66260489638156 8.628239113378712 0
3276 24.00555579133564 8.529796085837404 0
3277 23.81479992190925 8.86583980632655 0
3278 19.88292648731236 18.18414584422244 0
3279 20.26755548065281 18.22813546599973 0
3280 19.9745188880994 18.52839668959512 0
3281 18.36390697785514 20.90152175501177 0
3282 17.99359197340793 20.86138142319318 0
3283 18.24941583242817 20.62232730594578 0
3284 13.59234387817676 1.389050373735771 0
3285 13.92151583360691 1.438602809111346 0
3286 13.77424501967605 1.633738096757235 0
3287 11.573016048018 2.629893117338074 0
3288 11.57372235482708 2.907253986826255 0
3289 11.31844019733564 2.745777031206194 0
3290 7.783550712744885 19.74283191515769 0
3291 7.479918771530703 19.55518408561705 0
3292 7.765689291223225 19.42040430317094 0
3293 7.112713744580333 19.68401451252666 0
3294 7.094852323058673 19.36158690053991 0
3295 8.047139828317976 19.25893046786018 0
3296 7.743507887103792 19.07128263831954 0
3297 11.05763399046599 2.882651529036648 0
3298 11.05692768365691 2.605290659548467 0
3299 15.22672944771591 21.16714252374516 0
3300 15.18248597541491 20.88069283078337 0
3301 15.45480489178525 21.01350819115584 0
3302 14.93232324794428 20.77445900173842 0
3303 13.68337280752657 2.435204480750359 0
3304 13.40504281213855 2.618036203928465 0
3305 13.34782424495013 2.323638325516138 0
3306 8.606263305371048 1.634734421366668 0
3307 8.491828908878006 1.278947832243129 0
3308 8.775954644204347 1.429508342583522 0
3309 13.53561365229203 1.862496131859846 0
3310 13.36165487956261 2.050729069218584 0
3311 13.27111429151649 1.772418598740398 0
3312 13.0833248841746 2.23356079239669 0
3313 18.31652174792606 4.325724899932746 0
3314 18.25481416292651 4.709503970184411 0
3315 17.97791316483941 4.487499012164749 0
3316 18.61291110957134 4.922777368490394 0
3317 18.27430252648469 5.084551480722396 0
3318 21.84672864695808 7.77393294882547 0
3319 21.61525630159353 7.59809844697807 0
3320 21.91858500032403 7.528790277475677 0
3321 21.34880070675133 7.611231905806306 0
3322 21.42065706011727 7.366089234456513 0
3323 0.9228768810537653 10.02922637122554 0
3324 0.6657110600177094 9.98006593178572 0
3325 0.7853402265770602 9.782168334577575 0
3326 0.4016238572472072 10.22869711933996 0
3327 0.2640872027705022 9.981639082691988 0
3328 2.796136516932676 20.60405337348258 0
3329 2.863331528148765 20.30334971522719 0
3330 3.021505090099084 20.48256429863043 0
3331 22.74807520560785 17.03569951377155 0
3332 22.78151570042714 16.75088504347143 0
3333 7.820334882272107 21.81422244161562 0
3334 7.518697504854894 21.9084503322356 0
3335 7.647247393584955 21.57895129702823 0
3336 7.278242750344251 21.3330934290666 0
3337 7.579880127761464 21.23886553844662 0
3338 15.35780253222529 0.5219980909294479 0
3339 15.50267462763401 0.7372419168045634 0
3340 15.20742245607326 0.2448506916431064 0
3341 15.51794764369209 0.2771473992863415 0
3342 21.63171776048378 17.1716071117406 0
3343 21.5999709272384 16.84109908535118 0
3344 21.94805429382805 16.9838125920654 0
3345 22.20720285816354 16.80129048024409 0
3346 22.23894969140892 17.13179850663351 0
3347 19.46159697270997 17.04038916253389 0
3348 19.58189874997873 16.78050391097727 0
3349 19.7509003992351 17.06678304114075 0
3350 21.32724508698596 2.860338772512065 0
3351 21.44182435625013 2.542828146545279 0
3352 21.5660806793833 2.766533334697748 0
3353 13.81705010121421 10.95648475501135 0
3354 13.48392085770178 10.91906766193365 0
3355 13.77393307928312 10.6886222706052 0
3356 5.978324057308702 9.383325782832319 0
3357 6.251275470584568 9.457621870795034 0
3358 6.072392663498377 9.634686265565787 0
3359 9.458663741011577 24.06390189065456 0
3360 9.420854298711319 24.36082536454091 0
3361 9.204348343393942 24.17899242631033 0
3362 9.645277155889058 24.62286741444257 0
3363 9.390961758271423 24.73795795009834 0
3364 22.89967266266112 10.83577278929463 0
3365 22.69405753275545 11.03424248420481 0
3366 22.64380295876429 10.77760427498828 0
3367 22.36976691369731 10.66231609241 0
3368 22.57538204360298 10.46384639749983 0
3369 1.010697028540623 11.34976001379532 0
3370 1.244239264330513 11.11581267831188 0
3371 1.337525841887774 11.35176443607472 0
3372 1.666483626156676 11.44342262139303 0
3373 1.432941390366787 11.67736995687647 0
3374 7.971247331864606 0.759088582370071 0
3375 8.176823890290203 0.506413695573838 0
3376 8.272318897056277 0.7689332655838356 0
3377 8.089768054431847 0.2482845061800367 0
3378 8.390839619623518 0.2581291893938013 0
3379 20.10969590980778 9.453876901143405 0
3380 20.48382410494209 9.592053140124184 0
3381 20.19236472099727 9.782786860819586 0
3382 4.278483540028638 16.3883311596782 0
3383 4.140648750706683 16.16053045188458 0
3384 4.41568481797581 16.13314818400203 0
3385 4.563688302844169 15.87170181631123 0
3386 4.701523092166125 16.09950252410485 0
3387 10.31601154688141 4.245498163825001 0
3388 10.55118608517198 4.317385578128771 0
3389 10.39500925111784 4.512838814066841 0
3390 10.40006283948548 4.796058002310813 0
3391 10.16488830119491 4.724170588007043 0
3392 11.5085585758885 23.32484663405733 0
3393 11.4260370515886 23.56954103038843 0
3394 11.23811606979993 23.37675926767162 0
3395 4.136302685701649 21.98885869399716 0
3396 4.393466746448379 22.1275220722739 0
3397 7.767125198903015 3.520801124124391 0
3398 7.563325842507583 3.731429812244106 0
3399 7.534498301841539 3.393300382888119 0
3400 22.14784891160919 4.358122755470477 0
3401 22.02726966449423 4.079804323562387 0
3402 7.482094645797456 4.07304097358327 0
3403 7.249467748735979 3.945540232346997 0
3404 3.048208148671572 8.823066870295504 0
3405 2.886208628407913 9.096622139377025 0
3406 2.784232792280551 8.73863648591956 0
3407 2.429533180609154 8.803604569184159 0
3408 11.58730787437088 23.78984069679736 0
3409 11.42426488446518 22.89312039844426 0
3410 11.14292584809872 22.9533375608095 0
3411 11.24655313846408 22.71439308791324 0
3412 19.56001962522823 7.661927684340812 0
3413 19.29606046957968 7.581710435928885 0
3414 19.49949241329592 7.333896765106353 0
3415 11.08536372558008 22.51214413378089 0
3416 11.36670276194654 22.45192697141566 0
3417 2.797520240749886 20.04609156560063 0
3418 2.572151667583479 20.16758064045278 0
3419 1.371407430546534 7.631931602697989 0
3420 1.425200857336607 7.918007614621522 0
3421 2.708308841422402 19.71495665815363 0
3422 2.999488701987688 19.85072573292804 0
3423 0.3393810401939263 8.312355858504255 0
3424 0.2746882991745617 8.073092950553896 0
3425 24.15052066377151 9.405778786074237 0
3426 24.25368631347089 9.177295499397275 0
3427 24.41276314789587 9.378698753375897 0
3428 24.75796439879763 9.382800041022101 0
3429 24.65479874909824 9.611283327699063 0
3430 8.098927222365361 3.967163609318747 0
3431 8.170326619135743 4.262503843393247 0
3432 7.867352136339441 4.15427078755488 0
3433 7.553494042567838 4.36838120765777 0
3434 23.6115512638082 13.12644089438816 0
3435 23.87987303223905 13.06715891308285 0
3436 23.74387967712021 13.32255549168492 0
3437 23.98857397653876 13.52094716263247 0
3438 23.72025220810792 13.58022914393778 0
3439 12.35837383918799 23.35662993424779 0
3440 12.62895446111848 23.3928353282059 0
3441 12.48697096203978 23.60448208746807 0
3442 12.93336689504595 23.41572105568985 0
3443 0.8573002917137589 15.04502698653569 0
3444 1.135971784461609 15.02983735636657 0
3445 0.9867839791154718 15.28565523722119 0
3446 1.380018405869247 14.90112835939989 0
3447 1.509502093270959 15.14175661008539 0
3448 17.64228326488091 21.78778846436946 0
3449 17.84522391837615 21.57197454625559 0
3450 17.95060455727728 21.85129662801041 0
3451 14.2278458249815 24.67378621934265 0
3452 11.95643494889323 23.54295254514204 0
3453 12.08517410174767 23.80570009029528 0
3454 11.82521871053162 23.78037594192737 0
3455 21.9641385075505 16.28386840192393 0
3456 21.66246433978158 16.48567487839026 0
3457 21.7102953867494 16.11623871463821 0
3458 11.71604702722531 24.05258824195059 0
3459 14.74742021949102 21.13835705282822 0
3460 14.47055998612425 21.0146348108834 0
3461 14.67755029797881 20.91060492142789 0
3462 9.387037270275663 0.9657459132303133 0
3463 9.154785634657109 0.9027834201313074 0
3464 9.306842350801674 0.6498744866159416 0
3465 9.331349411634442 0.2934559967584678 0
3466 9.563601047252995 0.3564184898574738 0
3467 14.65546301457752 20.6507367597936 0
3468 6.893664598773052 8.090402841333024 0
3469 6.667696989345008 7.920334529056341 0
3470 6.88968547994101 7.773456546742541 0
3471 6.424836520152652 8.051124146116971 0
3472 6.42085740132061 7.734177851526488 0
3473 13.10656658761905 6.140164317382805 0
3474 12.81335546051345 6.227279671125631 0
3475 12.87512096218466 5.908612471771176 0
3476 9.586827682383928 20.00423732789216 0
3477 9.95758769567556 20.06779511522145 0
3478 9.675561253950612 20.30893015661963 0
3479 12.64321900489174 5.673611473221302 0
3480 12.93643013199734 5.586496119478477 0
3481 9.796374683687969 7.253073632448552 0
3482 9.535415114563349 6.987289192002898 0
3483 9.842067471472687 6.994443815094506 0
3484 9.230497838895431 7.084890789367593 0
3485 5.483271497540478 17.35211348248879 0
3486 5.1217657259812 17.18784648802326 0
3487 5.426040135896445 16.95866547928432 0
3488 5.415804147818662 16.58523119371183 0
3489 5.777309919377941 16.74949818817736 0
3490 9.722353527174846 5.311728570630105 0
3491 9.820247193998664 5.026861255174481 0
3492 10.07204822273873 5.29225709170664 0
3493 17.38968822099896 17.27412208964993 0
3494 17.13381234348655 17.07644263958474 0
3495 17.45349994222869 17.00875407691919 0
3496 17.44818744162961 16.64891370520396 0
3497 17.70406331914201 16.84659315526915 0
3498 1.437948720280468 12.51002979101063 0
3499 1.6595929438047 12.31015665762222 0
3500 1.783377525982221 12.56944066419297 0
3501 1.538031656369318 12.00988696331733 0
3502 1.883460462071071 12.06929783649966 0
3503 21.88579063774517 2.672831539219582 0
3504 21.771211368481 2.990342165186368 0
3505 21.98979110589232 3.124574225186996 0
3506 21.67008114753045 3.218276020665162 0
3507 17.59069607104063 21.28012860944864 0
3508 17.87628631746819 21.09618335427091 0
3509 17.82249287240735 21.3245211274369 0
3510 17.54800824397081 4.921603501976013 0
3511 17.30995748543586 4.655291198287953 0
3512 17.67815482130492 4.604965778728355 0
3513 17.86151100411433 9.111013869698798 0
3514 17.91028535998882 8.851139312759033 0
3515 18.11286870766749 9.008408466989032 0
3516 17.3460689025826 19.68404194309134 0
3517 17.57521699350838 19.44719874034237 0
3518 17.71893645401538 19.75015521360914 0
3519 17.47831616594798 19.08334480689607 0
3520 17.85118371738075 19.14945807741387 0
3521 18.39204890888234 8.911382202383393 0
3522 18.34327455300785 9.17125675932316 0
3523 18.13081416480372 21.38802929107786 0
3524 22.6222551577499 9.487989004424772 0
3525 22.91285761217501 9.68720014870812 0
3526 22.66403726626891 9.848937137753818 0
3527 21.9392309236632 11.16200495487795 0
3528 22.16478833310079 10.94962600253885 0
3529 22.21263041942103 11.18845292223756 0
3530 22.07204526948479 9.775308170576626 0
3531 21.8118833717253 9.567385278594266 0
3532 22.11327291408432 9.441803101488109 0
3533 21.45378605453443 9.689103984316862 0
3534 21.49501369913396 9.355598915228345 0
3535 22.50002520023029 11.24819994805194 0
3536 22.2744677907927 11.46057890039104 0
3537 21.83241167352383 10.66368278461398 0
3538 21.66578837687574 10.88002008628383 0
3539 21.60681121305661 10.62052483571857 0
3540 14.77050966816396 2.708787322288728 0
3541 14.59185309966049 2.373079813349301 0
3542 14.93535482212737 2.383598573367497 0
3543 21.31293977812225 10.56426733122585 0
3544 21.47956307477034 10.347930029556 0
3545 15.26595724904492 2.416181006045241 0
3546 15.08730068054145 2.080473497105814 0
3547 15.00565998120036 1.759809469398823 0
3548 15.3362624081179 1.792391902076566 0
3549 11.30620437608356 2.219208748323298 0
3550 11.05984687358811 2.294361593419754 0
3551 11.04831735914511 2.045154180025039 0
3552 10.79904066671846 2.431236091250208 0
3553 3.46464840373584 9.24032079311764 0
3554 3.566367744815274 9.535810619799395 0
3555 3.251903325878367 9.476542350434725 0
3556 3.031664970023233 9.739482130704122 0
3557 2.929945628943799 9.443992304022366 0
3558 23.49916455689654 1.344196225446189 0
3559 23.80485830794071 1.350440152535145 0
3560 23.60652672642611 1.629848217074249 0
3561 13.52307283174454 10.36694804246792 0
3562 13.85620207525696 10.40436513554562 0
3563 23.65641609326179 23.50429512321297 0
3564 11.43961119329067 21.45488343819756 0
3565 11.69994642169966 21.41094284057666 0
3566 11.61535383269373 21.67405317191308 0
3567 11.81646478982188 21.09130898454275 0
3568 11.99220742922494 21.31047871825827 0
3569 20.47661534127388 14.89905205865879 0
3570 20.68357369109138 14.8285637025303 0
3571 20.64643035496275 15.09567574866267 0
3572 20.82516519950548 14.62892708191633 0
3573 20.99498021319435 14.82555077192021 0
3574 23.71138920203007 23.82665683941198 0
3575 23.43167863535067 23.63051388372794 0
3576 23.25502546756977 23.94639458964966 0
3577 23.92745671065108 14.45839721893033 0
3578 24.22533060056214 14.64606074618059 0
3579 23.86921391588669 14.78459800338817 0
3580 23.86173236980304 15.12443236408971 0
3581 23.56385847989198 14.93676883683946 0
3582 8.410019173224391 16.74370190763913 0
3583 8.178251772623529 16.9275047910612 0
3584 8.107555041342062 16.59688359996614 0
3585 8.115683221497738 17.21321342699461 0
3586 7.813219089615409 17.06639511932163 0
3587 16.73307777774615 18.0631945986569 0
3588 17.05276324201348 18.06642701340155 0
3589 16.92092531978052 18.29545758346006 0
3590 1.79494055920851 18.63668278752592 0
3591 1.6670826995583 18.31407919990865 0
3592 1.93426847127337 18.36697836496065 0
3593 9.957583438271865 22.30105754882987 0
3594 10.25912492479909 22.47385000082394 0
3595 10.02942848227558 22.62170120971166 0
3596 17.10241934235767 18.54444149598597 0
3597 16.78273387809035 18.54120908124132 0
3598 16.96745816111797 17.58798734045693 0
3599 16.67704409927394 17.61691433868491 0
3600 16.77958656041279 17.37073765054345 0
3601 16.53448716348674 17.16405324163282 0
3602 16.82490122533076 17.13512624340484 0
3603 12.33992969484811 1.782350790011021 0
3604 12.5314306466727 1.517143787307433 0
3605 12.669605993342 1.790054051804917 0
3606 12.97913123197683 1.742749292600233 0
3607 12.78763028015225 2.007956295303821 0
3608 9.603518577011753 2.742234194230557 0
3609 9.741505021809603 2.449482021304954 0
3610 10.00453726439593 2.684253802957547 0
3611 4.126104734507184 10.6230927107548 0
3612 4.247036109951722 10.43612036524323 0
3613 4.373292688557353 10.67406196194538 0
3614 13.91405654672409 2.996050381291404 0
3615 14.08379966020603 2.713935460716609 0
3616 14.25726483221514 2.980383482845327 0
3617 4.171429993822328 10.18166727294639 0
3618 4.418617947872496 10.23263652413697 0
3619 4.146709364454813 11.06687147322458 0
3620 4.399212823304225 11.05004537832972 0
3621 4.293560874646225 11.25588254409735 0
3622 24.42032318725852 10.88923054552067 0
3623 24.68786609477808 10.7264073976824 0
3624 24.73245709248044 11.06025904523272 0
3625 4.416182020591661 11.53242707539093 0
3626 4.163678561742248 11.54925317028579 0
3627 15.40952539596387 18.05975168608001 0
3628 15.7754154101821 18.09326163668445 0
3629 15.60935411845398 18.35964199201275 0
3630 15.91154789516349 17.80376399003389 0
3631 16.1113766176536 18.10365429596663 0
3632 3.65082355989637 12.56985785585385 0
3633 3.867095402876859 12.82177248799069 0
3634 3.61318078303749 12.96037953345353 0
3635 4.194488568913689 12.67091787368686 0
3636 4.156845792054808 13.06143955128654 0
3637 20.23594639908396 15.25544198568465 0
3638 20.4197982414348 15.45687695359555 0
3639 20.21627263537351 15.54615483448905 0
3640 20.64371733870993 15.3623649811889 0
3641 20.62404357499947 15.6530778299933 0
3642 19.18948497867835 16.08444081254378 0
3643 19.4526489925675 16.10525256369862 0
3644 19.35617968523916 16.31388804662576 0
3645 19.45596951129096 16.5444049150755 0
3646 19.19280549740181 16.52359316392066 0
3647 1.333096162835032 18.40393401328301 0
3648 1.472424074899892 18.13422959071774 0
3649 17.16310493834558 8.815272520251479 0
3650 17.47588540075542 8.719727543207465 0
3651 17.34614719402582 9.049289692512813 0
3652 17.54568157436752 8.440004772731935 0
3653 17.72872383004777 8.674021944993271 0
3654 6.474449466309422 8.908540613070752 0
3655 6.409612404866806 9.205965912264677 0
3656 6.222043925837509 8.908836088867643 0
3657 2.172998253668766 18.10511903294146 0
3658 2.300856113318976 18.42772262055873 0
3659 3.262133122565467 0.924534598026299 0
3660 3.004158556119069 1.134143549961296 0
3661 2.985683021959875 0.7844007471754975 0
3662 4.200918759516938 18.38170591916234 0
3663 4.25698807082656 17.99573201265803 0
3664 4.481840181874835 18.27651500163891 0
3665 5.924778463376882 9.075557285548157 0
3666 5.989615524819499 8.778131986354234 0
3667 19.16012854209063 22.77091667956962 0
3668 18.88555427016714 22.75351466657933 0
3669 13.16789459611352 12.6288549723501 0
3670 12.91225576415966 12.47124422710949 0
3671 13.25385365848787 12.34760508798527 0
3672 13.20495185787005 11.99543879064649 0
3673 13.46059068982392 12.15304953588711 0
3674 2.509376155903841 13.38946615249235 0
3675 2.811564990076648 13.48393866715136 0
3676 2.635392181232676 13.6544870453006 0
3677 2.941228497971887 13.22195051938935 0
3678 3.067244523300722 13.4869714121976 0
3679 10.91152289063013 4.97718069760295 0
3680 10.66564655109681 4.834392046854138 0
3681 10.87606012894172 4.727514879119425 0
3682 18.66075985124682 22.84431720393447 0
3683 18.35085402851357 22.90493482239598 0
3684 18.45433262162877 22.61788676675931 0
3685 10.43552560117388 5.045723820794339 0
3686 18.78207567705195 23.040562722216 0
3687 14.47534094810326 6.496885935979497 0
3688 14.16638308909929 6.281752451185019 0
3689 14.48185435171467 6.125718642827492 0
3690 14.42591013743651 5.798184087463603 0
3691 14.73486799644047 6.013317572258082 0
3692 16.6923701056561 7.178214885172686 0
3693 16.85740737611329 6.96730954333051 0
3694 16.97562986522789 7.224174237792921 0
3695 16.81230956837506 6.674920604821663 0
3696 17.09556932794685 6.720879957441898 0
3697 20.43530041138538 14.34336391206073 0
3698 20.67672826530418 14.12729774914265 0
3699 20.75518653132131 14.41587384960834 0
3700 23.54873991530245 24.40793883211795 0
3701 23.76539954455525 24.66479962629287 0
3702 23.50128908870503 24.74313920582509 0
3703 23.38564060178558 24.21957700578856 0
3704 23.64975105763581 24.14123742625634 0
3705 24.11221145317557 24.20407427214525 0
3706 23.87448851554693 24.01501866574137 0
3707 21.06659305342428 14.41286091899825 0
3708 24.39930535413725 1.457819576415301 0
3709 24.66420533862347 1.234600439945597 0
3710 24.73510001551378 1.505270418515787 0
3711 24.19121025424892 1.682290849574348 0
3712 24.12031557735861 1.411620871004158 0
3713 24.20263598856393 0.8878288702222892 0
3714 24.01295340782904 1.125968879376098 0
3715 1.765168698639591 0.2974466574643596 0
3716 2.050923612340576 0.2695140414660491 0
3717 1.933930148819254 0.5669606989304087 0
3718 12.44979888129419 11.45848791961239 0
3719 12.39051425577451 11.73598708695301 0
3720 12.11307701475608 11.52694012693859 0
3721 2.372004693421096 0.2695140414660491 0
3722 2.469137021185957 0.4785833962514289 0
3723 2.621456652086815 0.2090693547853798 0
3724 0.591037185945215 23.07039472332071 0
3725 0.8813554245077692 23.16382983033265 0
3726 0.8144756455835777 23.68942244826901 0
3727 0.9982838388580857 23.42843159989588 0
3728 1.171862745292772 23.73732957492455 0
3729 12.5364023742866 11.96475872261471 0
3730 12.19968050774849 12.03321092994091 0
3731 3.501780945813423 0.6685583785950755 0
3732 3.526153118525146 0.2873958976202502 0
3733 3.784276475932298 0.3811624809748252 0
3734 2.351965935986732 7.165239866869031 0
3735 2.071794371165663 7.324217609419215 0
3736 2.042139757262137 7.001013819055596 0
3737 2.054103458275724 7.630299046139077 0
3738 1.744277279551129 7.466072998325641 0
3739 0.8003864515802719 24.50460978632433 0
3740 0.7441946974429906 24.24290430785441 0
3741 2.024332496416307 7.90078045054634 0
3742 2.011569020558029 8.186482020083659 0
3743 1.713822890802913 8.057856004582822 0
3744 12.26547478337902 10.9062509512037 0
3745 11.8871983199129 11.05458536997051 0
3746 11.98031146301616 10.71139536157624 0
3747 2.298199408003396 10.17224283247557 0
3748 2.236342859400426 10.51391894395252 0
3749 1.99138272905777 10.31496084299726 0
3750 24.34511335302148 2.299795993451583 0
3751 11.69245104892424 10.50998665902124 0
3752 12.07072751239037 10.36165224025443 0
3753 7.03301562450922 15.69665753051736 0
3754 7.203032450746161 15.95761627263268 0
3755 6.892183119041461 15.99766199233918 0
3756 6.786557305929483 16.31299081841793 0
3757 6.616540479692541 16.0520320763026 0
3758 6.972007515221632 9.24451989474448 0
3759 7.073290453013337 9.546383786506151 0
3760 6.763300883130423 9.507534328229458 0
3761 6.604963948848185 9.759190286759814 0
3762 6.50368101105648 9.457326394998145 0
3763 18.42262815891788 16.39147970103176 0
3764 18.3633843980567 16.68134846622982 0
3765 18.14443633805947 16.47097340403671 0
3766 10.0005572855596 21.28045269326559 0
3767 1.968946252073025 8.46928747874369 0
3768 17.89197169787061 16.62379747639434 0
3769 17.95121545873179 16.33392871119628 0
3770 22.62403356668005 24.244230749712 0
3771 3.894248273136917 19.01054057913186 0
3772 4.086254023444613 18.70034901214829 0
3773 4.233765120257518 18.97268047512679 0
3774 22.42173890445072 13.43464550750073 0
3775 22.27627543522243 13.12573556087329 0
3776 22.64349693340979 13.1999955592329 0
3777 1.886825811784182 24.38702479003943 0
3778 22.81583968697716 12.89215878749847 0
3779 11.87253123914032 1.491212250428627 0
3780 11.7794677883343 1.19845027251863 0
3781 12.1086908973728 1.21667854760354 0
3782 12.39775623049714 1.227712118972925 0
3783 19.83346584246895 11.46192931466577 0
3784 19.8417606378082 11.77917705326684 0
3785 19.58694877861849 11.63482633024552 0
3786 19.26562663554797 11.82434718900606 0
3787 19.25733184020873 11.50709945040499 0
3788 6.928590085458215 10.14205002122667 0
3789 6.74243471619593 10.33834950247194 0
3790 6.678428451659845 10.0056977012364 0
3791 4.453562762386096 19.22057579209867 0
3792 4.645568512693792 18.9103842251151 0
3793 0.8820602349950475 1.744029888712823 0
3794 0.7723835481681764 1.490931032286214 0
3795 1.090314273295862 1.527461222786955 0
3796 6.418808579585902 9.955489768005087 0
3797 12.62462478036427 13.70960639753342 0
3798 12.86396375177162 13.57187190243809 0
3799 12.81371392107743 13.89116082685445 0
3800 1.444087617559135 0.2974466574643596 0
3801 13.05980472125907 14.03926043136761 0
3802 12.82046574985172 14.17699492646293 0
3803 12.39164115574537 13.16783159147995 0
3804 12.46735220110879 12.84891991065858 0
3805 12.75058565642189 13.0714057922957 0
3806 12.22698816334643 12.60366413772272 0
3807 12.58593266402294 12.50723833853847 0
3808 14.10929052955491 3.816778481638825 0
3809 14.4631789671038 3.908839421703726 0
3810 13.96272817101361 3.617206036129384 0
3811 14.23408407727451 3.462070848929563 0
3812 2.421211795244908 24.32293407400731 0
3813 12.73456117061377 2.567881486512223 0
3814 12.43886656659142 2.342276989419354 0
3815 12.77379964553976 2.280865551601375 0
3816 12.32098122925549 2.870988735375279 0
3817 12.0353162861775 2.952027309689245 0
3818 12.11396314858743 2.710331498644168 0
3819 12.0350211633424 3.256008397878322 0
3820 11.82800308267433 3.095351161147211 0
3821 17.16668780663952 8.214950348446706 0
3822 17.35035465434788 7.95144482355542 0
3823 17.47650999278353 8.222204846054845 0
3824 16.6886524180995 7.959632832052428 0
3825 16.57368248138292 7.705077458896335 0
3826 16.92556253148729 7.68963495279119 0
3827 2.176638688011268 24.40392208649377 0
3828 1.837758951422448 0.8828741554279682 0
3829 16.23756020900545 7.677583161377991 0
3830 16.47447032239324 7.407585282116752 0
3831 4.668932079614774 19.45887976640718 0
3832 19.30669861252522 10.83548150429653 0
3833 19.56114322125418 10.98909221917359 0
3834 19.32420937455028 11.16396787676739 0
3835 19.00288723147977 11.35348873552793 0
3836 19.50271358027101 10.38972001446295 0
3837 19.7315817800492 10.20093218146966 0
3838 19.77250065900731 10.47181801370944 0
3839 19.64001561358793 9.881722402030988 0
3840 19.90980269232423 9.963820401277481 0
3841 3.340217738208803 14.09951857575216 0
3842 3.013939290399693 14.05771342001882 0
3843 3.263859463214592 13.79076471569296 0
3844 2.822790957786356 14.25555176306196 0
3845 2.746432682792146 13.94679790300276 0
3846 11.933947135366 5.889261214521593 0
3847 12.297368603557 5.742825690580734 0
3848 12.21848836688805 6.14216334945486 0
3849 12.35867777336968 5.420709338288035 0
3850 21.80630315865909 12.00289130987832 0
3851 22.13231051658741 12.12855145541626 0
3852 21.85104073888313 12.26192040505457 0
3853 21.96538942986717 12.56523987161901 0
3854 21.63938207193884 12.43957972608107 0
3855 13.7427754841371 12.7452684861026 0
3856 13.86905682168337 12.44948440123633 0
3857 10.85028242795034 13.65101459328857 0
3858 1.773615319095184 10.07218597275994 0
3859 1.711758770492214 10.41386208423689 0
3860 24.39756509953989 24.35320155445749 0
3861 24.70578626759923 24.2187618253378 0
3862 24.69177883194066 24.49341408809054 0
3863 19.55188724418496 14.18341023941596 0
3864 19.28921996143043 14.04267194568595 0
3865 19.4902828874938 13.77923737182817 0
3866 19.04448531160214 14.20228484520434 0
3867 18.98288095491098 13.79811197761655 0
3868 17.11864352480949 20.31185569603468 0
3869 17.06556409164931 20.57378260843505 0
3870 16.89275381714933 20.34898538782028 0
3871 20.05489615780829 13.98738173857661 0
3872 19.95451180899084 13.66099935353188 0
3873 20.25645779655081 13.7284054265503 0
3874 19.9443272289431 21.76124928018903 0
3875 19.93686389274573 21.99655839621696 0
3876 19.68083866327578 21.93086803503603 0
3877 20.46811950950693 13.49578592807343 0
3878 20.56850385832438 13.82216831311817 0
3879 2.595960826806446 12.29609802747044 0
3880 2.373420239715125 12.49913042239097 0
3881 2.227562336597774 12.16653513588401 0
3882 2.463513723499835 12.79402078551932 0
3883 2.095115233291163 12.6644578939329 0
3884 2.670505830097594 11.6742772538717 0
3885 2.315787109539246 11.63551379702366 0
3886 2.536190015947744 11.34628830993188 0
3887 2.333396987381218 11.13031863329163 0
3888 2.688115707939565 11.16908209013966 0
3889 11.88261655201574 5.103951563495144 0
3890 12.04910116170546 4.828836115967105 0
3891 12.17931198172466 5.214808108119428 0
3892 20.14398265846668 22.11249647667179 0
3893 19.88049409279936 22.28211523151879 0
3894 24.35202313452088 0.6024819599258832 0
3895 24.21734956885904 0.2942540712997339 0
3896 24.49251140349899 0.3082278886261493 0
3897 24.6940695869635 13.19810063926843 0
3898 24.6940695869635 12.87758781875613 0
3899 12.5251623830594 5.145593890759996 0
3900 7.884990885686056 8.517079454185762 0
3901 7.649835749821635 8.509607190097938 0
3902 7.7875768983603 8.279984609495976 0
3903 7.688285027986836 8.004680915716406 0
3904 7.923440163851257 8.01215317980423 0
3905 21.80900224509306 13.57100043805397 0
3906 21.41791431324582 13.47535765534204 0
3907 21.66342947441611 13.26474272642919 0
3908 21.51303615274587 12.95599956818139 0
3909 21.90412408459311 13.05164235089332 0
3910 9.766637238257022 21.49570158448233 0
3911 9.751897716245434 21.15785957584627 0
3912 21.59617409789047 14.14832766503624 0
3913 21.31273774854915 14.35742382489796 0
3914 21.28005073458144 13.99071152682853 0
3915 21.38271641673332 14.57047705720596 0
3916 13.48700605004253 5.326032033253007 0
3917 13.44110223232635 5.649626718116799 0
3918 13.21423590700644 5.497902433164558 0
3919 12.98233394971352 5.262901434614685 0
3920 14.02073068004385 5.333390507851268 0
3921 14.25024273871798 5.54980492776515 0
3922 13.94338443403658 5.694170738119131 0
3923 0.2123292201447141 23.85099016358983 0
3924 0.3204483695744457 23.548100074457 0
3925 0.5327775897191598 23.68341456237318 0
3926 14.50325638344378 5.43740385719574 0
3927 4.708028463199954 15.08547709979406 0
3928 5.008401048985284 15.10828327181781 0
3929 4.758122471806402 15.39842382881934 0
3930 0.3204483695744457 23.22701899337436 0
3931 0.2820647549336809 1.794830930186498 0
3932 0.2820647549336809 1.473749849106041 0
3933 0.5920647540417302 1.390685599967361 0
3934 1.343878964323633 19.80652920405101 0
3935 0.4856376994176331 1.99117180663102 0
3936 0.2035729444839522 2.078503038605435 0
3937 1.280412415113893 19.51779453529307 0
3938 1.075723728987717 19.73046933214207 0
3939 4.954010817313108 15.62964307862857 0
3940 4.653638231527777 15.60683690660482 0
3941 13.42936890356053 3.946268782940083 0
3942 13.24498763778734 3.62365554996184 0
3943 13.65355335752083 3.649300435860403 0
3944 13.77834690524042 3.294592803151141 0
3945 8.042331500643519 10.32930405719688 0
3946 8.449889264176054 10.36047728360981 0
3947 8.180156054619239 10.64451853127874 0
3948 3.25491075256857 20.42789053748801 0
3949 3.187715741352481 20.7285941957434 0
3950 19.66390553049251 22.96747028794431 0
3951 19.41392625545107 22.89694263268301 0
3952 19.56336626325042 22.66260082953968 0
3953 8.420945157870829 11.01434680630098 0
3954 8.013387394338292 10.98317357988806 0
3955 19.26066780933272 23.07578613797426 0
3956 21.26022203135845 12.32462176866721 0
3957 20.86187236453234 12.12250248669007 0
3958 21.12668371412869 11.9341409775395 0
3959 16.59672624386484 20.46565748380355 0
3960 16.64980567702503 20.20373057140317 0
3961 19.74336043268513 22.44965281793247 0
3962 19.4933811576437 22.37912516267117 0
3963 8.868055481447211 0.8303168734884596 0
3964 8.56970785159659 0.794990066123793 0
3965 8.776243085332498 0.5515851861522691 0
3966 9.010268330554208 0.2934559967584678 0
3967 8.711920700703587 0.2581291893938013 0
3968 23.28483860378702 4.699401652916245 0
3969 23.00254158121515 4.789485406848291 0
3970 23.1220814523743 4.53838827409415 0
3971 0.706356496153846 23.99231253740185 0
3972 22.77222229715234 4.361406073245136 0
3973 17.21781080669956 20.03702844588901 0
3974 17.39062108119953 20.26182566650377 0
3975 0.4624966415785727 24.23689642195858 0
3976 19.85838481830109 7.693978230083715 0
3977 20.10257816429883 7.417238164107216 0
3978 20.19751141365544 7.697102380672652 0
3979 4.699069466971181 23.281100233637 0
3980 4.536924732741638 23.11868838164211 0
3981 4.79210718436134 23.00176839219344 0
3982 2.723148717682577 0.706074204340627 0
3983 4.362317331470908 22.76091893718051 0
3984 20.08460708214746 1.871964492449424 0
3985 20.25110799022231 1.633947973108098 0
3986 20.41246158469893 1.882400846539601 0
3987 21.98801041195972 21.72175776539723 0
3988 22.12085974400463 21.39781076675605 0
3989 4.80326459365453 3.315000752480858 0
3990 4.923955754435871 3.043915516852769 0
3991 5.258994384194751 3.072010855869491 0
3992 1.798237256914177 24.78784633617309 0
3993 4.560021919848289 3.494480670794455 0
3994 4.850668609241801 3.551961192493067 0
3995 0.2270501708497604 6.480695520173043 0
3996 0.2313402861715773 6.148253336286972 0
3997 0.4583904570213377 6.251651559175126 0
3998 0.6822447554547425 6.396573915257376 0
3999 0.6865348707765594 6.064131731371306 0
4000 21.06821890393451 11.652288087902 0
4001 21.46656857076063 11.85440736987913 0
4002 20.70483546701988 12.72874058557725 0
4003 21.13387611216548 12.84104161076752 0
4004 20.84330089742327 13.05679891852699 0
4005 2.492551050148932 21.2974078613635 0
4006 2.766286935071478 21.63244405497315 0
4007 20.27949611739525 8.067999353789258 0
4008 0.2313402861715773 5.82717225520706 0
4009 1.646280201938727 13.05415013414644 0
4010 1.434812754290524 13.21620978965819 0
4011 1.350265854809787 12.93137345309314 0
4012 0.6566151379014836 2.287573920651075 0
4013 0.7357999674860798 2.630116695277419 0
4014 0.4863307185525004 2.617386689676301 0
4015 24.47779782320389 0.9018026875487046 0
4016 24.81359248458042 0.9492535296491906 0
4017 0.2035729444839522 2.399584119685955 0
4018 19.15229342320415 1.047883968106015 0
4019 19.11748277293263 1.300678180681519 0
4020 18.85791624819231 1.202709763909764 0
4021 19.09254796287893 1.596574722830746 0
4022 24.22452085608637 5.778820213274425 0
4023 24.26009169018384 6.078213286065289 0
4024 24.00381390634151 5.865609124883505 0
4025 23.08401188598025 19.332303477927 0
4026 23.37180959133419 19.42062097487196 0
4027 24.2327536700896 5.462095202581338 0
4028 24.48903145393194 5.674699363763121 0
4029 24.74039931996435 5.880327571830761 0
4030 24.74863213396758 5.563602561137673 0
4031 23.63074859448666 19.84934982367848 0
4032 1.557596604669813 19.35230974270906 0
4033 1.874922740849462 19.25389547161097 0
4034 23.64933589128704 19.50343199566489 0
4035 23.85606581212895 19.71519799458878 0
4036 4.826964007824465 22.72146350772317 0
4037 4.989108742054008 22.88387535971807 0
4038 19.85486130224129 23.06508393253499 0
4039 20.00430131004062 22.83074212939166 0
4040 24.73510001551378 1.825783239027389 0
4041 19.95047919840608 22.56559089838729 0
4042 5.236945964736108 22.90516571243435 0
4043 5.202089141272983 23.18547059690462 0
4044 16.23555671383272 12.01935163569989 0
4045 16.20719769184351 12.31912655348999 0
4046 15.9442670207716 12.2443577467738 0
4047 24.09820401751699 24.47872653489798 0
4048 24.05075319091957 24.81392690860511 0
4049 5.321387702024117 22.59802889637416 0
4050 5.534368101243092 22.89962413356071 0
4051 5.153272522195095 22.32560967531391 0
4052 5.450694658702079 22.32006809644027 0
4053 5.085479858604427 1.867234314529102 0
4054 4.80033282268251 1.883601183447339 0
4055 3.058054582030764 3.132825435280727 0
4056 2.857059500045085 3.449627037390913 0
4057 1.958017909247669 13.14916736388637 0
4058 1.873471009766931 12.86433102732131 0
4059 3.016877502660734 21.86966618216507 0
4060 3.387379252920603 22.08037441044004 0
4061 1.461079374646474 13.52013833083806 0
4062 1.165065027517534 13.39736164978475 0
4063 22.14710836354006 3.406166326391172 0
4064 8.257453267034816 5.696686119220758 0
4065 8.1488093176843 6.009757656043641 0
4066 7.971081681429736 5.778349076568878 0
4067 21.55612142885884 22.15893490149013 0
4068 21.87217379828758 21.9409391744673 0
4069 19.99286901530011 1.330084742023412 0
4070 19.21217831747859 24.21615182987382 0
4071 18.91506070263793 24.2542253860601 0
4072 19.12495465116786 23.99338152495981 0
4073 23.18077626819448 24.74313920582509 0
4074 23.79320638718129 5.004170591510382 0
4075 23.47990517602587 4.759149270399396 0
4076 23.36036530486673 5.010246403153538 0
4077 4.757482182911076 23.47563065593387 0
4078 5.004563267239171 23.79135333405335 0
4079 5.012664634530777 23.35871066648521 0
4080 20.01011973387175 23.81293866678901 0
4081 20.27886545903865 23.54963536409647 0
4082 20.07107723764251 23.24783687502019 0
4083 0.7351069483512125 2.003901812232138 0
4084 1.062352610766301 2.563283022125467 0
4085 1.474193077373476 4.676218524400609 0
4086 1.188416172404526 4.929303534192636 0
4087 24.37126601143012 24.81392690860511 0
4088 24.81359248458042 0.6287407091377144 0
4089 24.26190636251522 20.49065362595628 0
4090 24.52324400373268 20.52370649232761 0
4091 24.28971797952993 20.73911350597658 0
4092 0.2501674214338586 24.42266301512414 0
4093 0.2501674214338586 24.74374409620557 0
4094 24.74771619335898 20.39403356255162 0
4095 24.77552781037369 20.64249344257192 0
4096 0.5706802419489588 24.74374409620557 0
4097 0.8707318506615135 24.76086569011876 0
4098 4.464626616308369 0.6960256552869819 0
4099 4.220443099483892 0.6482040576711632 0
4100 4.406413145938524 0.4137863782398851 0
4101 4.306520219959413 0.1829823903120331 0
4102 4.550703736783889 0.2308039879278519 0
4103 19.52485445537472 24.22842943858874 0
4104 19.31496050684479 24.48927329968903 0
4105 22.39018859907186 19.80179811406421 0
4106 22.52376840251215 19.53999078737127 0
4107 19.11652679987944 24.73849784548705 0
4108 19.42920293777557 24.75077545420198 0
4109 2.546748612734656 19.45830834524343 0
4110 8.433428118586033 6.199954226674375 0
4111 8.147056532980953 6.281617184022496 0
4112 7.668766546329615 5.826868113395837 0
4113 7.77741049568013 5.513796576572954 0
4114 5.780758771664603 24.22455296810054 0
4115 5.867701423856361 24.00398037775731 0
4116 6.079187914678551 24.26075489917829 0
4117 5.676594024474261 24.4891960634245 0
4118 5.465107533652071 24.23242154200352 0
4119 0.2123292201447141 24.17207124467157 0
4120 16.50517733106666 12.42283188596196 0
4121 16.21388763800554 12.64783799703587 0
4122 24.77552781037369 20.96300626308649 0
4123 24.69177883194066 24.81392690860511 0
4124 24.38154036796576 20.99472260151743 0
4125 5.880738015879292 24.74066374476076 0
4126 5.565086777866759 24.74853231866374 0
4127 17.54232712106343 0.3038480687321897 0
4128 17.31818452548319 0.4115508215481135 0
4129 17.86340820214486 0.3038480687321897 0
4130 20.630949837222 20.89021348349797 0
4131 24.81359248458042 0.3082278886261493 0
4132 8.045583134462188 1.566916314702701 0
4133 8.24393146833161 1.751274996946159 0
4134 7.967377032749093 1.834017400622584 0
4135 1.963210466964839 24.59258996880052 0
4136 8.528057203657953 1.901835507286552 0
4137 22.88669267217367 4.982923281891251 0
4138 22.72393552076096 4.821909903069155 0
4139 22.61403802645166 4.540385272241597 0
4140 22.49818911741018 4.733823147284556 0
4141 4.540544620764674 22.60593813470727 0
4142 4.737546178457343 22.48804510223189 0
4143 22.9950154749331 24.49486593100569 0
4144 16.75047648709031 12.24207253871592 0
4145 16.75716643325234 12.5707839822618 0
4146 24.54222592921063 1.997239169644084 0
4147 20.42715766045485 21.06058822696168 0
4148 23.18677847159137 5.198551183155862 0
4149 22.90817241113718 5.230975679376726 0
4150 22.90127048736856 5.531702313616327 0
4151 22.60118468795086 5.316074412351716 0
4152 22.33207886305652 5.1482761342382 0
4153 22.32517693928791 5.449002768477801 0
4154 8.02377356594833 23.35390603442997 0
4155 8.25711525191873 23.48642288997166 0
4156 2.578675909436319 5.226036868976021 0
4157 2.590171936992196 5.469076260501803 0
4158 3.644741573323563 21.63273208459479 0
4159 3.353483429032105 21.53577671163912 0
4160 2.942537733167449 0.2090693547853798 0
4161 2.665970272552778 9.359561919646422 0
4162 2.414471403401795 9.473082238363592 0
4163 2.370734402865909 9.125712073718251 0
4164 8.531103940772878 23.26565629061209 0
4165 2.178034311458171 8.917124887901331 0
4166 19.25723178436668 23.38361294303488 0
4167 19.00343407100623 23.2575869899215 0
4168 19.46826889435084 23.57856002993059 0
4169 19.21103515602435 23.76036088187782 0
4170 19.73068145809439 23.38456503357284 0
4171 19.68448482975207 23.76131297241579 0
4172 7.292814063159069 22.41388011215324 0
4173 7.397866833904046 22.14266973760324 0
4174 7.586732222797069 22.414931851373 0
4175 7.779934945157502 22.63544580338387 0
4176 7.884987715902477 22.36423542883386 0
4177 2.362014138996712 5.925310977350386 0
4178 2.139147802539416 6.060312219385464 0
4179 2.078765713507071 6.339928316727763 0
4180 2.346221266399265 6.519081520376222 0
4181 2.054855769191013 6.662882872856954 0
4182 20.16856793116733 20.99378313085335 0
4183 20.29313164184661 21.27342571386314 0
4184 1.847782305331163 6.204113571866195 0
4185 23.82662006374618 18.8638713266836 0
4186 23.97651723910331 19.1440014168316 0
4187 23.72475593357221 19.08915007642719 0
4188 23.44722963361937 19.00633905563426 0
4189 23.59712680897649 19.28646914578226 0
4190 18.92622532412341 6.819905462091865 0
4191 19.22705786695243 6.90933734460749 0
4192 18.93470071481835 7.164247634178802 0
4193 19.25643502046236 4.081458563418322 0
4194 19.51967193845234 4.157741135245244 0
4195 19.36785211578358 4.377105029023783 0
4196 19.70752562575397 3.939921840388043 0
4197 19.81894272107519 4.235568305993503 0
4198 18.71745740297446 2.349164962369325 0
4199 18.90220932591569 2.405348779356402 0
4200 19.04584514381072 2.19791834008159 0
4201 19.16455111593845 2.50177771649013 0
4202 19.29512181347044 2.747924464476761 0
4203 19.43875763136546 2.540494025201951 0
4204 17.38444581381874 1.743369754359195 0
4205 17.37230805217486 2.139730228799229 0
4206 17.09702748660326 1.935649265360671 0
4207 3.63092697297753 21.94388680578637 0
4208 17.6564657974175 2.361807033004487 0
4209 17.36904747020203 2.554086544005963 0
4210 16.26966378038341 2.623223865192431 0
4211 16.70925037959513 3.115133057194619 0
4212 16.49074645833527 2.940182479459089 0
4213 22.13473421090746 7.414317755216471 0
4214 22.40453402298128 7.304884631030819 0
4215 22.41985715776241 7.595191655137423 0
4216 0.9065194426965428 6.50832682862004 0
4217 22.09587569302308 8.077697817353304 0
4218 22.39251694382508 7.889202691112577 0
4219 22.33833529115957 8.262275729142804 0
4220 22.66231675589891 7.779769566926925 0
4221 5.767319774023752 22.79315159723814 0
4222 5.901748653045048 22.60061777488049 0
4223 6.0502585885377 22.80128205461811 0
4224 6.295658400173622 22.8723465683379 0
4225 6.500560371077103 22.65243438955005 0
4226 6.61153130369173 22.91603272562749 0
4227 6.161229521152326 23.06488039069555 0
4228 21.83433778584998 5.108889084758756 0
4229 21.80861193386435 4.834064837474971 0
4230 22.03034526240794 5.006380243080501 0
4231 21.72065354744934 5.380769577139823 0
4232 22.32265369147525 20.0170266601529 0
4233 22.13157863449084 19.83426128996654 0
4234 22.4624783697343 20.21237644573276 0
4235 22.20386840515329 20.24483962163509 0
4236 22.0551922209779 5.584117366980219 0
4237 21.71977465403367 5.683682453755756 0
4238 22.79437731415382 5.764787511473701 0
4239 22.80111651023157 6.048159615984007 0
4240 22.60102196025999 5.900173151101622 0
4241 22.87212002230778 6.294484617701368 0
4242 22.91581547927234 6.611162823014346 0
4243 22.6514566133023 6.500223460924907 0
4244 21.02625355692469 13.37932437917928 0
4245 20.59721291177909 13.26702335398901 0
4246 23.0654753762016 6.159098978073446 0
4247 22.85866818877981 17.70932934538246 0
4248 22.91159214487657 17.51706355545487 0
4249 22.86858303260808 18.03861427321884 0
4250 22.63900332715928 17.89245092842923 0
4251 5.154467005931997 21.83086446601526 0
4252 5.031840808321659 22.02484427200585 0
4253 4.903728335380599 21.80805986264108 0
4254 5.390476310574989 21.74621264802514 0
4255 5.584835515342734 22.05100267448748 0
4256 5.692732347044665 21.7495664471326 0
4257 2.64946452168778 5.765102313212635 0
4258 2.657581593406391 6.03591830010928 0
4259 2.885739391401875 5.579683583260698 0
4260 18.86037043496416 6.49297246246118 0
4261 18.56801328283008 6.747882752032491 0
4262 18.7856179817943 6.175014929633191 0
4263 19.14383002308764 6.247037639692564 0
4264 6.344639463751525 1.660824699358142 0
4265 6.117551131273016 1.763633999074205 0
4266 6.047550687110959 1.496311925962736 0
4267 23.15528679811228 8.031041641026231 0
4268 22.93418777637815 8.1710605365161 0
4269 22.85607556369571 7.93376170741221 0
4270 23.00189536044687 8.481014450154712 0
4271 22.70268412603031 8.38373451654069 0
4272 23.1211203685271 8.82898563202358 0
4273 22.33103724194998 6.03528774960404 0
4274 22.32429804587223 5.751915645093733 0
4275 3.985439138879034 0.1829823903120331 0
4276 3.961066966167311 0.5641448712868584 0
4277 1.385359788575351 5.457437306838646 0
4278 1.226752367152772 5.240488598118807 0
4279 21.53393045793683 4.688269096262694 0
4280 21.72993793449479 4.585760254584438 0
4281 22.3063530110709 4.873451886954415 0
4282 22.1964555167616 4.591927256126857 0
4283 21.95601280526991 4.497751495140336 0
4284 4.675126537828794 21.74706455671099 0
4285 4.797752735439132 21.55308475072039 0
4286 4.902533851643697 22.30280507193974 0
4287 4.616114464583907 22.18727969892383 0
4288 21.3461278064373 16.67346939806546 0
4289 11.31098659036194 9.345523354087733 0
4290 11.68326052862983 9.247329004525689 0
4291 11.59383918914586 9.603635461282167 0
4292 4.558454419634732 21.94228204198174 0
4293 4.452478819693265 21.68730693006106 0
4294 2.375934187820359 18.8040205745716 0
4295 2.436480983763122 19.15774253078555 0
4296 2.122673126866344 19.04330390879187 0
4297 2.80000967368867 19.21902501102316 0
4298 1.756554204470107 15.33921633836061 0
4299 1.512507583062468 15.46792533532729 0
4300 1.168916506753674 15.51192824519197 0
4301 0.8902450140058249 15.52711787536109 0
4302 1.415968617952822 15.70938797346719 0
4303 0.8775798291947432 13.73850484054145 0
4304 0.5881956834280287 13.46153080172452 0
4305 0.9019475021067695 13.42431615214768 0
4306 0.2819140052580012 13.60840028558392 0
4307 5.752950695171755 22.32342189554773 0
4308 6.035889509685703 22.3315523529277 0
4309 3.165386154725434 7.309438195518775 0
4310 3.193549601517963 6.988590152037112 0
4311 3.462689425512759 7.150390260447987 0
4312 3.703507976018626 7.331115949286552 0
4313 3.731671422811154 7.01026790580489 0
4314 2.981123284128974 0.49646525240563 0
4315 3.205072037444747 0.2873958976202502 0
4316 3.907787888874498 2.461092030375766 0
4317 5.141928387081673 1.560994354119937 0
4318 5.141090426619346 1.295957580004087 0
4319 5.459351886959152 1.252344132900132 0
4320 5.226650030625656 1.051897034807173 0
4321 12.80242592741188 0.7090091647878319 0
4322 13.11060062564069 0.7641901499639419 0
4323 0.5134151328060543 7.527455959118065 0
4324 0.7468410808474316 7.352109285621987 0
4325 0.2746882991745617 7.752011869474195 0
4326 0.2387268336314927 7.43706571124963 0
4327 24.47915241807389 16.08951337088043 0
4328 24.75183370747307 15.92951075329431 0
4329 24.72731871060082 16.18564364317805 0
4330 24.72731871060082 16.50615646369262 0
4331 7.435056124394825 3.133436688088945 0
4332 7.291785028065155 2.893060860906468 0
4333 7.595026561907302 2.942295867585927 0
4334 7.860560007745984 2.884062485465931 0
4335 7.717288911416314 2.643686658283453 0
4336 3.12642590495378 5.375642376942825 0
4337 2.997524140602487 5.106189626158733 0
4338 11.8744901128561 9.832842324709773 0
4339 11.50221617458821 9.931036674271818 0
4340 3.950613270250127 21.78403825147092 0
4341 3.185718489649364 5.671668429653657 0
4342 4.150117286047681 21.67770397280557 0
4343 12.7236246295326 0.4591214298682937 0
4344 21.00266552022902 19.03644254429279 0
4345 20.88816763553091 19.2902670729505 0
4346 20.76679359735271 19.58545857043156 0
4347 20.57745924460017 19.37270106272505 0
4348 20.97438133190652 19.77225881675205 0
4349 20.66367294097578 19.85469280652661 0
4350 19.8963663420489 2.7750597007103 0
4351 19.67067450695399 2.503823814320207 0
4352 6.137414045005249 0.7617588999365481 0
4353 5.926900711053488 0.8051727233861856 0
4354 6.019222513859184 0.5546195894362415 0
4355 5.982435491468003 0.255602882993302 0
4356 5.771922157516243 0.2990167064429395 0
4357 6.303516572547917 0.255602882993302 0
4358 24.13777124595482 19.86767185639913 0
4359 24.46674818164951 19.97473725125159 0
4360 24.16645545102327 20.16818121745484 0
4361 24.71903198829053 19.77301138098134 0
4362 24.74771619335898 20.07352074203705 0
4363 3.574968243610674 20.47375215182463 0
4364 5.094159664687631 0.8106175466732146 0
4365 4.779492616524425 0.7785592288834162 0
4366 4.965263710926205 0.4936662936455023 0
4367 5.186451866027006 0.2628623057176504 0
4368 4.8717848178638 0.2308039879278519 0
4369 5.824864333720171 1.922717754055987 0
4370 5.545080769403121 2.177599440674276 0
4371 5.5406787903154 1.854002912297088 0
4372 5.626671899074677 2.508927359996343 0
4373 3.751916437612262 19.48518607890696 0
4374 3.39392432443251 19.40395350768168 0
4375 3.68376725677007 19.20163947088507 0
4376 3.536256159957165 18.92930800790658 0
4377 2.936705736840073 6.826199274767824 0
4378 3.234009007627399 6.667151339697035 0
4379 3.519546571714866 6.477970571051305 0
4380 3.262702707036976 6.315579693782015 0
4381 22.08686322977801 6.821092153667236 0
4382 21.77979155435172 6.994830394701729 0
4383 21.74724370800341 6.691911817259099 0
4384 21.79674536366342 6.354413341507152 0
4385 21.48967368823713 6.528151582541645 0
4386 3.86019842738449 2.748422868870102 0
4387 3.599825439109512 2.873233968307298 0
4388 3.849530338033499 3.050494452349834 0
4389 12.90500633044748 0.2360173085716747 0
4390 12.6175372179718 0.223104121296619 0
4391 22.25356134921774 21.13447894144368 0
4392 22.53270652417534 21.0869282007155 0
4393 22.3959860873037 20.87219174156753 0
4394 7.662463648020127 1.925445268918522 0
4395 7.860811981889549 2.10980395116198 0
4396 16.32416789875325 1.009736994938688 0
4397 16.53436942642286 0.6922313285087471 0
4398 16.63075880570848 1.047816406239974 0
4399 16.43983520566793 0.3270759586037305 0
4400 16.74642611262316 0.3651553699050167 0
4401 8.074273861936756 2.30191467951475 0
4402 7.76936047720779 2.393342547810687 0
4403 7.503827031369108 2.451575929930684 0
4404 15.80056180887732 23.2798358595349 0
4405 16.01271697894236 22.97432360834337 0
4406 16.12229175743198 23.29246488114712 0
4407 15.87452076650782 22.63997835526184 0
4408 16.19625071506248 22.65260737687406 0
4409 17.77127592049914 24.17320350528463 0
4410 18.06480138317061 24.11423529628634 0
4411 18.02212198334452 24.43262839651935 0
4412 20.96024912419012 2.495867273412523 0
4413 21.19207625287619 2.353462586459651 0
4414 9.881504919195091 5.852780548723178 0
4415 9.55064008472382 5.845333563609908 0
4416 9.643289721443638 5.569677422048995 0
4417 17.83865723472055 24.74579830275882 0
4418 16.02936789370843 0.89150916450026 0
4419 15.74964249389668 0.8415806051828709 0
4420 15.94805311965587 0.604223357890072 0
4421 16.11875412458537 0.3270759586037305 0
4422 15.83902872477362 0.2771473992863415 0
4423 2.617186873723541 21.05718075792477 0
4424 9.171545927403056 5.869194682448258 0
4425 8.955197826814178 20.98423361668603 0
4426 9.179718427633556 20.760305993846 0
4427 9.241588324511198 21.01640708420163 0
4428 20.37603691477359 21.58358522567072 0
4429 20.45740856928271 21.84755930554481 0
4430 24.18330443093397 7.220628203851991 0
4431 24.12609339938846 6.925922107630324 0
4432 24.43711079049954 6.974572560688935 0
4433 24.74716091102253 7.160280354080274 0
4434 4.50568444466025 1.881071746088697 0
4435 7.226239042646261 24.17137606239527 0
4436 6.974556171698921 24.43558688389896 0
4437 6.929321632119875 24.11872872278336 0
4438 8.505257148878744 24.27689568424605 0
4439 7.161377816778742 24.74411711175544 0
4440 22.74864165874036 20.59767934106177 0
4441 23.06644157300838 20.50974677682324 0
4442 22.50941217283683 20.63241520402715 0
4443 22.58292256931588 20.40545354424956 0
4444 6.81120550257226 22.10158324189054 0
4445 6.658718013724362 21.81850773394676 0
4446 6.951461185418148 21.8585424904397 0
4447 6.354731528052945 21.80150376726768 0
4448 6.494987210898833 21.55846301581683 0
4449 2.306272541318283 20.57496549980715 0
4450 1.942811267012662 20.48721415772425 0
4451 2.420004215522148 20.38927232918525 0
4452 2.524231280778493 20.61053196070124 0
4453 18.9139175411837 23.7984344380641 0
4454 18.61168058389664 23.90381353901771 0
4455 18.69776108875314 23.67079289593573 0
4456 18.77863965208591 23.34838952727663 0
4457 18.47640269479885 23.45376862823024 0
4458 20.62908171217418 3.243950627351304 0
4459 20.34726817930083 3.152653550635533 0
4460 20.88159214421226 3.226360513289056 0
4461 1.796191364083358 9.790305820221427 0
4462 1.829189492110452 9.423279650678982 0
4463 2.086237405687833 9.606258561977867 0
4464 2.381473275374702 9.840108407906037 0
4465 23.80568864841301 6.079797798958228 0
4466 23.91306301492005 6.380492829137129 0
4467 23.67936692289408 6.295288430420989 0
4468 23.35423572233243 6.200008690016447 0
4469 23.46161008883947 6.500703720195348 0
4470 6.0812042277804 23.80621775318609 0
4471 6.297386224805418 23.67985482800039 0
4472 6.382312563895327 23.91381938364935 0
4473 6.407876776382679 0.7405015751068268 0
4474 6.315554973576985 0.991054709056771 0
4475 6.201453610739371 23.35409905097623 0
4476 6.502561946854296 23.46170068143949 0
4477 18.24427652974573 1.399060525287743 0
4478 18.54626871792119 1.279976598852507 0
4479 18.52111340974534 1.574587902920503 0
4480 18.50131228767891 1.8975806161518 0
4481 18.80330447585438 1.778496689716565 0
4482 0.7502740351926237 18.92482522483257 0
4483 0.5250797412957362 18.70510721277131 0
4484 0.7765295755037844 18.61235656250322 0
4485 2.85741134382674 16.74772501710359 0
4486 3.097430043783866 16.43981524690281 0
4487 3.117635093716543 16.73397560641159 0
4488 2.52861776560495 16.85434012514187 0
4489 3.179095076184741 16.1274865303275 0
4490 0.2494121004922878 18.79797712673025 0
4491 0.2756676408034485 18.48550846440091 0
4492 6.671892321925297 2.800645973519586 0
4493 6.318563907760907 2.88297711874836 0
4494 6.491859493260404 2.556357916052374 0
4495 6.159007430544182 3.206053052200495 0
4496 5.97897460187929 2.961764994733283 0
4497 0.8448864098917606 18.30836147726703 0
4498 0.625480771652275 18.11263713552214 0
4499 0.9190318999371385 18.0283600623472 0
4500 0.2756676408034485 18.16442738331899 0
4501 0.3498131308488265 17.88442596839916 0
4502 0.7539344480779144 19.5411734255602 0
4503 0.4972179586812133 19.32909403141846 0
4504 0.7555406903812767 19.22965526924239 0
4505 24.81839032057228 8.853476916989869 0
4506 24.75796439879763 9.062287220509804 0
4507 24.57635471936991 8.941405163179002 0
4508 24.39726572900395 8.749995819222155 0
4509 24.33683980722929 8.958806122742089 0
4510 24.81839032057228 8.532964096477574 0
4511 16.57313846180931 24.03163440516792 0
4512 16.44782749533465 23.79100395816938 0
4513 16.70616621192922 23.70634141750384 0
4514 16.88117282684785 23.52528428911178 0
4515 16.55355110202464 24.30224883103929 0
4516 17.20150675336332 4.160936837501584 0
4517 17.19983006743769 3.78451106455757 0
4518 17.43842737684435 3.962227702096281 0
4519 17.73986240630446 4.221186708476689 0
4520 17.73818572037884 3.844760935532675 0
4521 0.2478058581889255 19.43057636413069 0
4522 0.2494121004922878 19.11905820781288 0
4523 5.403896690546111 5.572917201394731 0
4524 5.66932671577482 5.634066015956536 0
4525 5.463222487418175 5.810648398687773 0
4526 5.920755207171955 5.344924749229987 0
4527 5.98008100404402 5.58265594652303 0
4528 6.815205663489239 3.105733428812529 0
4529 6.969325891839286 3.3637019229561 0
4530 6.652716964775847 3.385233670359142 0
4531 0.2095046080873624 4.926553657583857 0
4532 0.2095046080873624 4.605472576503946 0
4533 0.5977602306599399 4.558543501747444 0
4534 0.6803520201664344 4.817958841584408 0
4535 6.346706438292513 3.39495841007347 0
4536 6.500826666642559 3.652926904217041 0
4537 21.80861491389042 19.97627621600486 0
4538 21.93338530729548 20.27073589730992 0
4539 21.67795649429166 20.19752227725955 0
4540 21.87614982148702 19.76104766991617 0
4541 15.80353904149007 24.36163027165911 0
4542 16.03154367249527 24.13542339490801 0
4543 16.08679511420953 24.34250382258456 0
4544 16.33602978403221 24.37724644988368 0
4545 16.108025153027 24.60345332663479 0
4546 15.94221575445455 24.78435534966783 0
4547 16.19145042427724 24.81909797696695 0
4548 21.47762492404333 20.47137195053232 0
4549 21.35285453063826 20.17691226922726 0
4550 21.34732136942064 20.71887892259844 0
4551 3.186175403967453 19.60354547059231 0
4552 17.94795819124194 1.465942188320912 0
4553 17.93942380048011 1.820561273576746 0
4554 17.66826077015217 1.59283163254192 0
4555 18.20238569384863 2.009553082046885 0
4556 17.92268827275887 2.136442526267893 0
4557 20.99501009239991 2.791353183011578 0
4558 21.11926641553308 3.015058371164048 0
4559 20.02034314326981 3.059212880774234 0
4560 19.69330513011836 3.070793953252516 0
4561 0.7681257457333723 15.72826129481425 0
4562 0.8539081221555644 15.97531301970503 0
4563 0.5496563262449091 15.95018343118741 0
4564 0.2319369749113585 15.85643071799987 0
4565 0.3177193513335506 16.10348244289065 0
4566 23.65023440717647 18.31050056032863 0
4567 23.77861798841644 18.57386444376353 0
4568 23.44647517697512 18.54565610284429 0
4569 23.09707016856369 18.51187501794115 0
4570 23.22545374980366 18.77523890137606 0
4571 0.6616463355692477 9.260608125021729 0
4572 0.7322877927026612 9.498587157997331 0
4573 0.4575329484075908 9.495028862162149 0
4574 0.1934457456370887 9.422578968636152 0
4575 0.2640872027705022 9.660558001611758 0
4576 21.22752809287597 6.032382275923705 0
4577 21.15055841117996 5.677223054486537 0
4578 21.46220566220113 5.83549388535253 0
4579 20.84100408385957 5.58574304718468 0
4580 21.07568165318473 5.388854656613503 0
4581 6.032616731463714 21.23241209790888 0
4582 5.844686933752168 21.493117734904 0
4583 5.686302939988465 21.18407078367514 0
4584 5.586394743026467 20.84886701254857 0
4585 5.398464945314922 21.10957264954369 0
4586 4.052346224065882 5.822125902736754 0
4587 4.281984954858941 5.566893302384934 0
4588 9.024339820979765 21.50161539630489 0
4589 9.267522696317341 21.30672158705234 0
4590 9.274794793605285 21.56800227631556 0
4591 10.37577269301862 7.066568527044423 0
4592 10.10306474299426 6.948789525456522 0
4593 10.37581039541558 6.755129796960784 0
4594 19.01088587287234 21.16614124664278 0
4595 18.71723026442633 21.03276416176785 0
4596 18.91338644532137 20.79584472263931 0
4597 11.59537294686641 3.825879846068231 0
4598 11.60592435553361 3.518188970212382 0
4599 11.81715655117203 3.707023125192137 0
4600 19.27178170004239 20.62817995983031 0
4601 18.97812609159639 20.49480287495537 0
4602 1.065226794211648 6.337704171560926 0
4603 1.157430964336919 6.093984105823671 0
4604 1.312268589338604 6.222634189931041 0
4605 1.503732317756076 6.475041962438395 0
4606 1.595936487881347 6.231321896701139 0
4607 8.746081167333518 24.36384580993547 0
4608 8.495202107330934 24.54089249146302 0
4609 8.534679729589136 24.81392130857622 0
4610 8.293855711134361 24.7269711828868 0
4611 12.0838551021647 3.53582053759231 0
4612 12.0733036934975 3.843511413448159 0
4613 19.36347340615635 12.2247351442251 0
4614 19.70134444574408 12.25704547025954 0
4615 19.46957427794269 12.52970654563805 0
4616 18.65896590748233 24.42532793924758 0
4617 18.5717422411716 24.20255763433357 0
4618 19.93340341081771 12.08753851002902 0
4619 20.03950428260405 12.39250991144197 0
4620 18.7960139793689 24.73849784548705 0
4621 12.08596271045093 4.157432567708387 0
4622 12.3526612614436 3.986229980108559 0
4623 11.96567997825049 17.15063571318029 0
4624 11.75644499986024 17.33949542737219 0
4625 11.62235452917645 17.02719964172734 0
4626 16.1755604401929 16.1873814896164 0
4627 16.46727259851415 16.10397102093993 0
4628 16.43124893663837 16.42828486139819 0
4629 24.31744632859693 8.514056683142829 0
4630 24.55696124073755 8.496655723579742 0
4631 24.73857092016527 8.297024960398247 0
4632 24.43034919944137 6.335645419461739 0
4633 24.2096422496965 6.422434331070818 0
4634 24.74039931996435 6.200840392341918 0
4635 22.07320998555453 20.46608568288978 0
4636 22.23026699787923 20.67996594475533 0
4637 6.421884664021421 24.21156092656106 0
4638 6.334942011829663 24.43213351690428 0
4639 6.201250836394388 24.74066374476076 0
4640 18.30808850458881 23.20643720733131 0
4641 18.22720994125604 23.5288405759904 0
4642 17.93642553568562 23.56815978007155 0
4643 18.10473972589566 23.81549120097048 0
4644 1.517204774910312 17.56230090249298 0
4645 1.804392233726877 17.75581410945058 0
4646 1.519223152806595 17.85086157038578 0
4647 16.35966930336092 16.72006858228443 0
4648 2.07178338415688 17.52851885595229 0
4649 2.073801762053163 17.81707952384509 0
4650 2.682404842728812 20.78974654410448 0
4651 2.889092109877724 21.05070217070611 0
4652 3.16811083044812 21.0311203706269 0
4653 3.102892861442848 21.29855458444719 0
4654 15.93619030589928 15.61373522507008 0
4655 15.99244121010914 15.33398162123802 0
4656 16.26783500627854 15.58331404532608 0
4657 15.86947063590324 15.04566312256495 0
4658 16.2011153362825 15.01524194282095 0
4659 23.23770142211085 6.634688136346579 0
4660 23.5628326226725 6.72996787675112 0
4661 23.60560549788339 7.017965021847866 0
4662 23.829514164612 6.883980605696635 0
4663 6.636728476606937 23.23389723392935 0
4664 6.732661090672986 23.5596530109535 0
4665 7.889242167734448 9.049921502338933 0
4666 7.656615841713025 9.318255161455657 0
4667 7.51462341112597 9.015035693904448 0
4668 7.02391606174642 23.59318373236151 0
4669 6.889749531993779 23.82098717987166 0
4670 7.163705450620034 8.948861150865891 0
4671 7.396331776641457 8.680527491749165 0
4672 5.694931905015615 3.579051095338689 0
4673 5.332178484208353 3.622871268335715 0
4674 5.456664703855304 3.328661101182444 0
4675 8.17164965426092 9.699201889709048 0
4676 8.460400571438598 9.399523712841322 0
4677 8.600815627378013 9.745584632660229 0
4678 8.980357708789652 9.808981443162164 0
4679 8.691606791611974 10.10865962002989 0
4680 13.23855880111306 7.037880428518802 0
4681 12.99117343140461 6.793463620193651 0
4682 13.2921864556563 6.703248325062411 0
4683 12.67519351500746 6.897267676901594 0
4684 12.7288211695507 6.562635573445203 0
4685 18.28802482087895 5.422629399711259 0
4686 17.92992787423412 5.209356001405277 0
4687 13.82958368256556 7.195429904489835 0
4688 13.84972075542632 6.800292438862293 0
4689 14.13973261262713 7.048057209964565 0
4690 5.283682226966297 3.969289390362001 0
4691 5.045415025805987 3.718899396205757 0
4692 4.352460064660156 3.611845661854975 0
4693 14.41475302528995 6.91422298507651 0
4694 14.3946159524292 7.309360450704052 0
4695 19.73717224543692 1.091255124953337 0
4696 12.57699368898299 15.04882466542003 0
4697 12.89278225518777 14.87258035599661 0
4698 12.91850143086149 15.18485191429305 0
4699 20.14308684953551 24.31691338599888 0
4700 19.92023413478202 24.53840916144087 0
4701 19.8504893594944 24.28005513296196 0
4702 20.04231324832722 24.7876337072389 0
4703 19.74971575828611 24.75077545420198 0
4704 20.1279993442925 0.7446673382161622 0
4705 19.86245962006617 0.7872012955257337 0
4706 19.92797442142929 0.4952107687129915 0
4707 20.028108424173 0.22633840570171 0
4708 19.76256869994667 0.2688723630112815 0
4709 4.866560691741514 24.3024039964818 0
4710 5.1494959852347 24.26326510832605 0
4711 5.078007492968542 24.53620352548323 0
4712 12.80891553167132 14.53082381904985 0
4713 13.15042327354982 14.66685106792286 0
4714 4.961638663858476 24.78767120681949 0
4715 5.244573957351662 24.74853231866374 0
4716 0.7147949696927693 5.081402932822887 0
4717 0.4534521657010598 5.023578433441592 0
4718 0.2439475576136974 5.189997748822336 0
4719 20.36282606883776 24.7876337072389 0
4720 12.6859355753689 15.68834566152034 0
4721 12.4394901847686 15.91390142290187 0
4722 12.35626747405641 15.586651985098 0
4723 20.4163062894689 24.39761326597514 0
4724 12.52352950622473 16.22144458290048 0
4725 12.19386140491224 16.11975090647814 0
4726 4.64112584334338 24.78767120681949 0
4727 4.591557837441501 24.38034453984361 0
4728 24.78803125661274 4.960369682003522 0
4729 24.78803125661274 4.639856861492364 0
4730 24.38028384565554 4.593797014171493 0
4731 24.30352170524124 4.865440699104061 0
4732 12.73958237372096 10.10112606419847 0
4733 12.67051090495028 10.44232859251866 0
4734 12.42765939525296 10.22185841448924 0
4735 12.94728433986134 10.66178026758629 0
4736 12.63536136139334 10.78251261787706 0
4737 12.62048134586746 9.497036745219775 0
4738 12.23142199571869 9.693048498944586 0
4739 12.35517247756252 9.30942935799531 0
4740 23.41302022265471 8.030346609574853 0
4741 12.02637386782932 9.123289183378555 0
4742 12.41543321797808 8.927277429653744 0
4743 13.08377880521377 8.523050654419215 0
4744 13.10411539844985 8.901258287887764 0
4745 12.7238952344752 8.73520997080195 0
4746 12.395096624742 8.549069796185195 0
4747 24.53666339058033 5.07525429444704 0
4748 24.26412258259609 5.148160757727055 0
4749 24.74863213396758 5.243089740626516 0
4750 0.8230168051935434 20.11005096831533 0
4751 0.5012275242837407 19.92075506173345 0
4752 0.8174009972876538 19.82990809431814 0
4753 0.2534216660948151 20.03180031921051 0
4754 0.2478058581889255 19.75165744521332 0
4755 6.058530043662269 3.969578878517319 0
4756 5.746344816266989 4.074883687797614 0
4757 5.882630912763945 3.767956453211665 0
4758 5.607789902039277 4.393875931689275 0
4759 5.431890771140953 4.19225350638362 0
4760 2.828526784159806 18.39207481833356 0
4761 2.903604858661188 18.76837277234644 0
4762 2.614663970215755 18.54216124255241 0
4763 3.221621408097779 18.86934662389369 0
4764 3.007758594153727 19.01943304811254 0
4765 20.67335845566196 6.31011432663106 0
4766 20.68390459728084 6.021254470121984 0
4767 20.90533470023593 6.162971301566789 0
4768 20.40394743106333 5.922760964193911 0
4769 20.63592367563729 5.775617939129639 0
4770 19.15194785264591 15.15547736173289 0
4771 19.08837549987536 14.74967996163004 0
4772 19.41439667089215 14.85264221337659 0
4773 11.47025415080147 18.52703168194235 0
4774 11.19667141321292 18.4211487336952 0
4775 11.39432283869663 18.3098463641143 0
4776 13.64210068514587 19.40060463810743 0
4777 13.80356662739029 19.07649210164585 0
4778 13.97537403475682 19.38655231295733 0
4779 0.2439475576136974 5.511078829902567 0
4780 0.4752878437852747 5.603115949984564 0
4781 13.59643801838143 18.7083286840331 0
4782 13.92971136799238 18.694276358883 0
4783 0.7405238929988958 5.70868142205355 0
4784 0.9643781914323006 5.8536037781358 0
4785 14.0964923020482 19.93926481550399 0
4786 13.76172876026502 20.11371171122711 0
4787 9.492043297136718 21.0827939642123 0
4788 11.06774580176035 18.59969807153809 0
4789 10.9918144896555 18.38251275371005 0
4790 0.7531311644410159 5.392587996749057 0
4791 10.17685327723404 16.30875309146762 0
4792 10.30521961541539 16.00914889283605 0
4793 4.190617060353992 17.20000009616022 0
4794 3.988799520595507 16.97654857219645 0
4795 17.91636480387258 15.37669657879627 0
4796 17.56810545234459 15.41906570938748 0
4797 17.74959502701459 15.04202862033384 0
4798 4.296405128562666 17.69174118307576 0
4799 17.33182281873317 15.70885229265879 0
4800 17.16505304187517 15.37418433419636 0
4801 12.84491234245776 16.35226818642737 0
4802 13.07411251481948 16.10556981506402 0
4803 13.14986657119615 16.44224290216718 0
4804 18.50216365309639 0.8127295660763356 0
4805 18.81381118336751 0.7354627311335924 0
4806 18.58107936819271 1.027182386277004 0
4807 18.24711034440275 0.7924313097189999 0
4808 18.47984215957754 0.5007116545755884 0
4809 9.967543667298715 16.54184460232373 0
4810 9.856029409814418 16.23340085128806 0
4811 13.85799277964918 14.77252418249706 0
4812 13.63322481655031 15.01976869606128 0
4813 13.45905796016514 14.76136309130541 0
4814 13.37519123664869 14.41960655435864 0
4815 11.7605513690924 16.5331147313771 0
4816 11.56100114746943 16.7372155704619 0
4817 11.48996300899512 16.43199037430355 0
4818 18.65663692331552 0.2605049554664621 0
4819 18.40158361462188 0.2402066991091263 0
4820 7.084942760828891 0.7535235632657914 0
4821 6.964869858255827 0.994876364278781 0
4822 6.706090607527479 0.72844458321406 0
4823 11.35176616907917 16.9260752846538 0
4824 0.1934457456370887 9.101497887555922 0
4825 0.2442935380283833 8.859334181055047 0
4826 0.4377392836654719 9.01488612268567 0
4827 15.25180762784764 10.06053188831728 0
4828 15.02085799933393 9.946707374642305 0
4829 15.28151951688902 9.83875036201372 0
4830 0.7124941279605423 9.018444418520854 0
4831 15.23805585061593 9.565221163707054 0
4832 15.46900547912963 9.679045677382025 0
4833 14.70179071265169 18.60944859477005 0
4834 14.51371909212951 18.97390137112234 0
4835 14.32491159752342 18.69798700014346 0
4836 0.9800310189063905 5.186968404891873 0
4837 7.113456124825509 0.4543419904316638 0
4838 7.372235375553857 0.7207737714963847 0
4839 18.12993531337076 18.91864447822179 0
4840 18.22683614093116 19.28249841166809 0
4841 14.11778298851456 18.32982358253071 0
4842 18.31482911813643 19.67827246091059 0
4843 18.59358071412645 19.44745886171852 0
4844 1.41243738147833 8.203709184158839 0
4845 1.39229549174427 8.484549801256204 0
4846 14.87822366114068 18.32983313259974 0
4847 15.06703115574677 18.60574750357863 0
4848 14.7022609491742 18.00394147638925 0
4849 15.06750139226928 18.00024038519783 0
4850 10.80259552870138 16.69980420543575 0
4851 11.0149052583617 16.54190149545865 0
4852 11.07810305771183 16.79399392336546 0
4853 10.91687155421784 16.20852750177487 0
4854 11.19237908322829 16.30271721970458 0
4855 15.27699717102239 14.24641473562146 0
4856 15.56156857636781 13.96966014599419 0
4857 15.59482673541572 14.3764885630741 0
4858 6.922811484772919 0.2435458911005353 0
4859 7.210104099497885 0.2107960993311286 0
4860 15.97877145141887 14.41332870879735 0
4861 15.69420004607345 14.69008329842462 0
4862 17.93301418550948 13.71487398506963 0
4863 18.1261397716226 13.95128860811542 0
4864 17.84127853891756 14.07025939395115 0
4865 6.374125668583708 4.390620436975849 0
4866 6.065833672222142 4.460986588476974 0
4867 6.230535943526878 4.206139961602144 0
4868 5.968019026982317 4.738052101473848 0
4869 5.824429301925487 4.553571626100142 0
4870 18.47801086164861 13.77681403818442 0
4871 18.38627521505669 14.13219944706594 0
4872 1.57841256147997 5.697817634526516 0
4873 1.211419986559256 5.738533796505915 0
4874 3.952944986114979 13.77635942806137 0
4875 3.70979526852084 13.52243201850834 0
4876 4.072602343612118 13.4662215751434 0
4877 1.656318576913692 5.951705799358841 0
4878 3.393522971109832 13.52877656793094 0
4879 3.51318032860697 13.21863871501297 0
4880 6.340945525470269 20.75808246174696 0
4881 6.184205629325579 20.97001232605096 0
4882 6.030972633844701 20.71143528237602 0
4883 6.466902621251007 14.13546059057085 0
4884 6.816534680441642 14.04255619914573 0
4885 6.755981685140577 14.38394350783036 0
4886 5.936331417283195 20.44368377788447 0
4887 5.779591521138505 20.65561364218848 0
4888 12.09884943851563 16.90217119927462 0
4889 12.23293990919942 17.21446698491946 0
4890 24.24424889589035 18.54587750594007 0
4891 24.29225097122011 18.83588438886014 0
4892 24.03037929394753 18.62871578416794 0
4893 6.013327765159032 14.47518935730759 0
4894 6.285537758401832 14.76336093879045 0
4895 5.892515897610921 14.76170239684257 0
4896 24.26876111059488 18.27094026953676 0
4897 24.53063278786746 18.47810887422897 0
4898 5.869978216384737 15.12971589626025 0
4899 5.597768223141939 14.84154431477739 0
4900 24.75306028658147 18.67139485017039 0
4901 24.777572501286 18.39645761376708 0
4902 11.74371155213534 5.352223262497563 0
4903 11.70793041179145 5.642326845138789 0
4904 11.43881459189184 5.504626551988885 0
4905 6.527949678955743 0.4991487740938372 0
4906 6.601730403692716 0.2435458911005353 0
4907 19.7477071701282 24.00693366314675 0
4908 2.518695778856035 4.922813372741476 0
4909 11.36385787173848 12.60172330862974 0
4910 11.04729794438409 12.53229882461181 0
4911 11.33591783755438 12.28717406939954 0
4912 10.69111322768956 12.66169571968488 0
4913 10.66317319350546 12.34714648045469 0
4914 23.99961198475052 5.252281607238359 0
4915 8.33596572920397 13.72991134161147 0
4916 8.549163018283256 13.87845308939148 0
4917 8.297278149756327 13.9975115074963 0
4918 5.253660732425042 23.99862201300209 0
4919 17.0296452391318 10.62078524037478 0
4920 17.43332417360445 10.67676732205336 0
4921 17.13812659725443 10.92705215756503 0
4922 8.849275613952127 13.7797388344084 0
4923 8.810588034504484 14.04733900029323 0
4924 18.979200885872 0.5561456028791043 0
4925 19.05811660096832 0.7705984230797724 0
4926 18.97771800439815 0.2605049554664621 0
4927 19.22202342199897 0.2956406474126422 0
4928 14.75807163342261 10.22788118108316 0
4929 14.9139817221064 10.43108202812858 0
4930 14.68090724523645 10.49047430826587 0
4931 15.22024735182128 10.3584764689515 0
4932 15.14308296363512 10.62106959613422 0
4933 24.46347021083671 18.99510337390913 0
4934 24.24960060889389 19.077941652137 0
4935 24.75306028658147 18.99190767068497 0
4936 24.71040992425525 19.23396493396182 0
4937 20.8968972270188 22.01563827603448 0
4938 2.766466676126006 4.980434034315319 0
4939 2.937544010022203 4.802966129924187 0
4940 18.49824846544219 9.416951915846887 0
4941 18.85956976790265 9.378010761291517 0
4942 18.73536347912213 9.720732182420882 0
4943 14.3160297396741 10.50665641245167 0
4944 14.13080119094912 10.41448561777455 0
4945 14.33976860782768 10.19510266654332 0
4946 5.49175352646496 20.58111550805703 0
4947 16.55404796711536 9.456398928697515 0
4948 16.69585218131459 9.134055684100208 0
4949 16.89156251741676 9.467177914154135 0
4950 24.07459732310493 8.985886155440429 0
4951 17.31823268727197 9.412820906685427 0
4952 17.17642847307274 9.735164151282735 0
4953 13.87994094341054 10.09281138963726 0
4954 18.6274760592994 10.05214291216288 0
4955 18.98879736175986 10.01320175760751 0
4956 0.9894536137387171 9.547747597437155 0
4957 23.92045478791459 17.2560179696172 0
4958 23.97777757138116 16.98541918264378 0
4959 24.29418727745865 17.16672119064028 0
4960 23.62754524825217 17.40701211294817 0
4961 24.61843224699604 17.37250614263196 0
4962 24.67575503046261 17.10190735565854 0
4963 16.7549190190663 12.8504108610096 0
4964 16.80098299820794 13.17309862378707 0
4965 16.55793125637033 13.0742310922853 0
4966 6.132098221946421 12.88989142769612 0
4967 6.027448630645765 12.55199123927418 0
4968 6.429038855630472 12.69642483727078 0
4969 5.680679722183638 12.37214104655106 0
4970 5.977620355867687 12.17867445612573 0
4971 4.906609767183142 5.366038065901497 0
4972 5.198614363748955 5.457750858743086 0
4973 7.891533637100224 15.30842967273594 0
4974 7.730189999294252 15.6659777776057 0
4975 7.505208594019891 15.2990637059411 0
4976 5.463025460997052 4.998319636228611 0
4977 5.246386061110842 4.838623941817743 0
4978 5.509975256799452 4.670941444686147 0
4979 4.373219105246956 20.05856549378061 0
4980 19.30183827620317 3.601964262731446 0
4981 19.50635182030725 3.348390494569779 0
4982 19.6127683872352 3.608520901478117 0
4983 7.867434372423205 15.97984612132758 0
4984 7.481109329342873 15.97048015453274 0
4985 17.0567130418913 13.29951244882526 0
4986 16.85972527919534 13.52333268010095 0
4987 20.56104691764206 5.487249541256606 0
4988 5.621747805002013 3.028190682872465 0
4989 9.716996835093616 11.30834878590764 0
4990 9.558141971185929 11.54419754052954 0
4991 9.455776975619081 11.29583455301028 0
4992 4.802172351999745 3.898379314519353 0
4993 15.61764623866812 17.14714683858085 0
4994 15.77724121453836 17.48286705359696 0
4995 15.41599171182175 17.4576511157356 0
4996 18.93692668143223 3.563923228330931 0
4997 15.2335626839974 17.73386002986953 0
4998 15.07396770812716 17.39813981485342 0
4999 11.21829957226086 5.609357759352056 0
5000 11.25408071260475 5.31925417671083 0
5001 14.5031264287212 7.611564327857474 0
5002 14.77814684138402 7.477730102969419 0
5003 21.66455123375383 19.55108634981631 0
5004 21.31534404458503 19.70304358830574 0
5005 14.06254736065648 8.624487830975703 0
5006 13.82965763002778 8.869022743569943 0
5007 13.69688869981712 8.444564058910792 0
5008 21.21222338820809 19.97227782440079 0
5009 1.366096390833368 17.32561657944017 0
5010 22.37473372684828 6.667537621231245 0
5011 22.4072815731966 6.970456198673876 0
5012 3.922850110467613 8.072520082785037 0
5013 3.669336568621495 8.203918383967185 0
5014 3.667090116796846 7.907354952587367 0
5015 13.85204683148683 9.218131664584511 0
5016 13.48638817064747 9.038207892519601 0
5017 15.06622876769706 11.56923066648721 0
5018 15.39686797850636 11.57639301365796 0
5019 3.118026223125261 19.31999886257042 0
5020 21.79674433572968 6.038841675192925 0
5021 22.05431435549596 6.202601909910379 0
5022 3.946546815979993 7.483475123024337 0
5023 4.256382336387671 7.386311939390433 0
5024 4.230439179050642 7.678793467771316 0
5025 15.62827647320765 11.08532691362773 0
5026 15.36680787784497 10.89145892838649 0
5027 15.71081718871269 10.74233202219837 0
5028 15.77834456359812 10.40693164775487 0
5029 16.0398131589608 10.6007996329961 0
5030 15.7578037736436 8.190925169710303 0
5031 15.99195745635161 7.915999230329532 0
5032 16.10261868528712 8.250001277538345 0
5033 16.48819431565411 8.276064296065972 0
5034 16.2540406329461 8.550990235446744 0
5035 15.26689993119206 7.818428551312165 0
5036 15.15656958425949 7.476768174527399 0
5037 15.53681219777553 7.515262745716722 0
5038 6.667447802736843 22.37883451611863 0
5039 6.960190974430629 22.41886927261157 0
5040 15.04805910796749 7.174564297373976 0
5041 6.202776941345443 22.05795247949628 0
5042 6.039046138519914 21.79790776136635 0
5043 22.95306237311797 7.068841316604552 0
5044 22.69240452005155 7.151330098594828 0
5045 23.54162985789598 7.2463793588823 0
5046 23.73246423716879 7.482165249906481 0
5047 9.130228700151893 11.34496529141787 0
5048 9.289083564059577 11.10911653679598 0
5049 15.40387704285872 2.982586149207366 0
5050 15.53607125556639 2.65280264258311 0
5051 13.19771886673171 18.8078550164268 0
5052 13.3238636073338 18.42563927366395 0
5053 7.069710319938736 22.94399199453239 0
5054 7.149056363323652 22.69113138638133 0
5055 1.562531210789934 6.682803215250313 0
5056 1.278863312247191 6.674115508480215 0
5057 11.12517341120276 8.67695110371009 0
5058 11.1973710985211 8.28433769833984 0
5059 11.47260561716426 8.596603491961005 0
5060 1.061357067698227 6.636976912727412 0
5061 1.120155960732085 6.844738165539329 0
5062 0.2534216660948151 20.35288140029218 0
5063 11.81571895636375 8.472563670813871 0
5064 11.7435212690454 8.865177076184121 0
5065 0.7481179041230045 20.43828424555863 0
5066 10.46310562491745 8.386925806757857 0
5067 10.25406329265838 8.142826377975293 0
5068 10.64089656030053 8.120585881306361 0
5069 9.878018244323748 8.111316155561674 0
5070 10.05580917970683 7.844976230110179 0
5071 20.34918950525466 0.22633840570171 0
5072 20.43118329209987 0.6915501953611242 0
5073 10.90201536948308 6.673529146663657 0
5074 10.54569017021258 6.514637914013757 0
5075 24.73245709248044 11.38077186574501 0
5076 7.489554974654464 23.69749926183547 0
5077 7.251995934174737 23.5231906717524 0
5078 10.27298222018822 6.396858912425856 0
5079 11.45114315979926 6.728516949133745 0
5080 11.50528964611163 6.381374184087173 0
5081 11.80092041238468 6.63574163844229 0
5082 12.1339540759253 6.477519251774432 0
5083 12.07980758961293 6.824662016821003 0
5084 7.519214869973462 10.80935008606141 0
5085 7.129213899427261 10.74002834485962 0
5086 7.382597320540501 10.54402356366401 0
5087 7.235472304797165 10.26432170144124 0
5088 7.625473275343366 10.33364344264303 0
5089 15.58398940168657 1.024527723414751 0
5090 9.62760992755911 13.2332148823582 0
5091 9.972713477891574 13.09327391493912 0
5092 10.01713329399049 13.40822493794413 0
5093 22.76248345618988 18.48159683636926 0
5094 19.38237501908634 3.064237314505845 0
5095 2.961098559523484 6.190235049199638 0
5096 3.246636123610951 6.001054280553907 0
5097 2.649738232516357 6.673398269466579 0
5098 2.609278826406921 6.994837081806657 0
5099 9.945089294135554 12.69740361744047 0
5100 10.33461266056693 12.8724136730264 0
5101 17.66639802333907 12.53521279448816 0
5102 17.4704336976188 12.44740816049191 0
5103 17.64259175532249 12.3006305670633 0
5104 17.63945112329657 12.08305801419012 0
5105 17.83541544901684 12.17086264818638 0
5106 17.24610536326964 12.81563439021407 0
5107 17.53487290390809 12.96623660281384 0
5108 17.28673830154235 13.09988060511114 0
5109 3.202138929236222 15.59153130319554 0
5110 2.962936869266566 15.45110734898399 0
5111 3.164539439806975 15.21373142773536 0
5112 17.34548058252975 13.45011466142503 0
5113 8.855192550104233 24.81392130857622 0
5114 8.951282513439697 24.55187925867456 0
5115 9.070448937758222 24.73795795009834 0
5116 9.629792899047487 10.26715264960806 0
5117 9.868935474818876 10.30737854556216 0
5118 9.753590318946518 10.54176661207259 0
5119 8.961337554987507 24.28788245145759 0
5120 10.04688637399182 10.10845232859646 0
5121 10.17068379389086 10.38306629106099 0
5122 9.564539791350947 10.78076325725344 0
5123 9.383695543972244 10.88611133474946 0
5124 9.333603495796426 10.60688879361451 0
5125 3.589796029142964 15.56222074495516 0
5126 3.388193458602556 15.7995966662038 0
5127 9.058147268505056 10.93524207315705 0
5128 10.93503129699813 10.69948891654431 0
5129 11.30077654074783 10.60212397290333 0
5130 11.23628975580033 10.95709472398404 0
5131 11.49120930365945 11.22982317396383 0
5132 11.12546405990974 11.32718811760481 0
5133 9.803682367122338 10.82098915320754 0
5134 10.1096219685068 10.83156368725849 0
5135 9.920571440911228 11.07056033243934 0
5136 19.86142195601612 21.45108976838146 0
5137 19.55669068659451 21.51482268061358 0
5138 19.72981064313748 21.27035352998694 0
5139 7.482475473473428 13.0817930966502 0
5140 7.411186634446077 13.39672312957179 0
5141 7.181920901398533 13.20665248949884 0
5142 19.39816450016467 21.81992545228356 0
5143 19.3907011639673 22.05523456831148 0
5144 7.621912412993392 13.55916762698059 0
5145 7.321357840918497 13.68402701982924 0
5146 12.45101305547415 21.7613616960229 0
5147 12.10258624117713 21.81232391006615 0
5148 12.22411587539974 21.57915036024892 0
5149 12.0705434795377 22.12046876648406 0
5150 11.8436462994633 21.93825743071008 0
5151 19.26655318728603 21.63918921388904 0
5152 4.9638401182339 14.45463243254615 0
5153 5.294839550228543 14.29372956882974 0
5154 5.289306472373479 14.63443367907612 0
5155 5.266768791147296 15.00244717849381 0
5156 18.48457675995768 2.213461868842947 0
5157 17.70868698265822 23.52090934039128 0
5158 17.49772286428318 23.71983400638494 0
5159 4.64256262864761 13.9170386534981 0
5160 4.648203400002355 13.59871509144957 0
5161 4.975013967443709 13.79560476025124 0
5162 4.399995509648948 13.31536696083957 0
5163 4.732446848445045 13.19393306759272 0
5164 21.01189181795976 20.24612749767357 0
5165 15.81497899183595 13.83058939882331 0
5166 16.0312312173005 13.62895775901628 0
5167 16.0956503662257 13.8981023336398 0
5168 16.51196324478778 24.81909797696695 0
5169 16.57478114084211 24.56319833508952 0
5170 16.72948456278021 24.74410035812257 0
5171 15.92777399966554 13.38759181219238 0
5172 16.20844537405529 13.45510474700887 0
5173 9.498498096931087 9.101340335855785 0
5174 9.243159847429752 9.438631753036383 0
5175 9.144904794057027 9.108615038611903 0
5176 14.9860896393085 14.71098185927305 0
5177 14.74530094050567 14.53547796637221 0
5178 15.06946663126747 14.47773925980053 0
5179 7.070237804557822 1.207336048975554 0
5180 7.232296899382566 1.398955686221171 0
5181 6.958812692383148 1.586336390866212 0
5182 14.47653276009065 14.5911498647071 0
5183 14.55990975204961 14.35790726523458 0
5184 11.6290501751225 6.041664504012914 0
5185 7.917885518755176 1.335633435379597 0
5186 8.194439954337692 1.252891031703172 0
5187 17.87392272194337 22.93275633047587 0
5188 17.7815509851218 22.6691040700675 0
5189 8.364131293170992 1.047664952920026 0
5190 5.544319969498417 0.5618790121605899 0
5191 5.507532947107237 0.2628623057176504 0
5192 9.333498110991108 16.47220883331451 0
5193 9.243139319519148 16.21849741802785 0
5194 9.556361008407126 16.21278094685751 0
5195 13.39985414814109 20.56432575178309 0
5196 13.54192043675594 20.75257115495684 0
5197 13.23222515687938 20.80013833370464 0
5198 8.255899780947578 12.3611763044277 0
5199 7.853078410987298 12.2761254160061 0
5200 8.14223792319018 12.00470630396912 0
5201 7.996796525409891 11.63632863522891 0
5202 8.39961789537017 11.72137952365051 0
5203 13.09134661527836 20.99154085439859 0
5204 12.94928032666351 20.80329545122485 0
5205 4.193862402375423 15.23090670270405 0
5206 4.152619850584301 14.94939111153604 0
5207 4.41650733422995 15.09410206562758 0
5208 5.676810335436443 0.8031585002945485 0
5209 5.795001866582508 1.010297810794855 0
5210 5.412421125027437 0.7670040995692595 0
5211 6.605696752735994 1.661431763045104 0
5212 6.767755847560737 1.85305140029072 0
5213 3.948199708452811 14.75716273352687 0
5214 4.170844640307338 14.6203580964504 0
5215 11.8386223541911 7.331049162819111 0
5216 12.05772679203825 7.099106188695044 0
5217 12.14957522015704 7.447270948025293 0
5218 12.36334003317654 7.531044683957745 0
5219 12.14423559532939 7.762987658081812 0
5220 19.44148761886404 0.2688723630112815 0
5221 19.44297050033789 0.5645130104239238 0
5222 15.48552591990009 15.0088229768417 0
5223 19.31768312570864 0.8685668398515271 0
5224 19.53714732257372 0.8417985554501664 0
5225 6.691385651256409 1.182257068923823 0
5226 3.861401912396337 18.41956602316741 0
5227 3.516117641788545 18.44335118515501 0
5228 2.912542001483725 18.15717827134809 0
5229 2.710282368267369 17.9166357383913 0
5230 3.487322637162856 5.797013074236036 0
5231 13.29388785556833 10.20214357481811 0
5232 13.01316500362127 10.01895974221479 0
5233 13.32461897577132 9.899507074805015 0
5234 13.27633674796538 9.551820027867933 0
5235 13.55705959991245 9.735003860471252 0
5236 7.549426155652534 6.191245218363681 0
5237 7.355754969902928 5.926692718367757 0
5238 24.80502979968595 17.5268940749539 0
5239 3.782234613206536 6.702481024337644 0
5240 3.810928312616113 6.350909378422624 0
5241 4.023053163712402 6.883206713176209 0
5242 24.71903198829053 19.45249856046676 0
5243 24.42944191254578 19.45569426369094 0
5244 24.14773647871991 19.30322040188059 0
5245 7.021924437544897 6.02786723050558 0
5246 7.141264828221978 5.663490125537735 0
5247 8.475616276038565 15.79045355341262 0
5248 8.587019975822734 16.15932203948438 0
5249 8.227918742158757 16.0442122304723 0
5250 24.1563585427552 19.52175402838554 0
5251 7.978838072207376 16.34871460739934 0
5252 18.61478039289937 15.27940443088044 0
5253 18.91602265948833 15.29515073652019 0
5254 18.70487637075857 15.52204005741428 0
5255 18.83501780218327 15.75309607866271 0
5256 18.53377553559432 15.73734977302296 0
5257 10.67498779060998 20.56159602548004 0
5258 10.94897122004084 20.57242558087954 0
5259 10.78008100547383 20.8269338333344 0
5260 10.98538133785188 21.06010256873707 0
5261 10.71139790842103 21.04927301333757 0
5262 10.72284625006172 7.152712694018172 0
5263 10.4501005976404 7.346372422513909 0
5264 10.61451419136248 7.654501521005729 0
5265 10.26744063431939 7.56835735403198 0
5266 24.64178669766326 14.21121203212007 0
5267 24.64178669766326 14.53172485263237 0
5268 10.90750755990465 7.001379071042059 0
5269 10.98183546452643 7.281182966511547 0
5270 11.28518567627206 7.339206762730296 0
5271 11.10052436642913 7.490540385706408 0
5272 6.672832566507168 3.889487987301866 0
5273 6.366822040023834 3.899212727016193 0
5274 6.987536872575872 3.965176779094437 0
5275 6.853532245957147 4.211462601893589 0
5276 18.87177785280414 17.67863803672272 0
5277 19.04697726543467 17.92270850298085 0
5278 18.78906137910993 17.94548602517881 0
5279 18.6892893607924 18.26319281653615 0
5280 18.51408994816187 18.01912235027802 0
5281 22.62799285961501 10.19835324847935 0
5282 22.3373904051899 9.999142104196006 0
5283 18.7776471233505 17.45432238084644 0
5284 19.03556300967525 17.43154485864848 0
5285 18.47706488893289 17.45244080690787 0
5286 18.640850045804 17.20534762883363 0
5287 15.90716036088387 16.58088959243954 0
5288 15.67665843387359 16.38212614519969 0
5289 15.90903485130684 16.31293188283481 0
5290 3.074464708461709 21.55535851171832 0
5291 15.58217287767319 3.535968361032106 0
5292 15.31695150698339 3.57895975508584 0
5293 15.42852132439682 3.288857610161543 0
5294 15.19498771558168 3.807779084868108 0
5295 15.04133616230531 3.560668333997544 0
5296 6.638066661046439 24.08519800137535 0
5297 24.08332052417757 6.637924962533579 0
5298 1.750297129066232 10.88722702753275 0
5299 2.055498737922099 10.98208090377903 0
5300 1.87626968653353 11.21267097683756 0
5301 18.35558578874104 24.0749160922052 0
5302 6.85229375924153 19.15465053951245 0
5303 7.219498786191901 19.02582011260284 0
5304 2.207424429913919 10.80487468398681 0
5305 1.386580068976888 10.89981687801868 0
5306 1.565809120365456 10.66922680496015 0
5307 1.34804171040287 10.42645193472283 0
5308 3.424051276835479 7.754995778849583 0
5309 3.677564818681597 7.623597477667435 0
5310 8.752505541326883 5.264879311576977 0
5311 9.07726467724568 5.284705341540806 0
5312 8.987665751053569 5.542404406971897 0
5313 0.209126433047973 16.87481485896957 0
5314 0.4076576458040873 16.70455414257394 0
5315 9.156328482976889 5.026756490121916 0
5316 9.391488692703573 5.304281585516835 0
5317 3.22351804925781 10.03490590791133 0
5318 2.901560352323242 10.00235586149897 0
5319 2.818286484951936 10.3344902860685 0
5320 2.626433405717358 10.0390665088613 0
5321 8.371316122957513 5.493927958377031 0
5322 8.549043759212076 5.725336537851795 0
5323 3.432102424464625 18.67824773214048 0
5324 6.007117132410896 3.473746286058393 0
5325 7.468877040945961 18.96226080153155 0
5326 7.750327578040711 18.80078696622079 0
5327 7.578283459063495 18.50817645265514 0
5328 7.852914305221326 18.61719828944313 0
5329 6.988501248988736 2.779114226116544 0
5330 13.21445477967151 23.94260711962529 0
5331 13.49279984463143 24.03427078722009 0
5332 13.35299298109146 24.26367654910118 0
5333 13.68602611248127 23.68945773613921 0
5334 13.82456431390122 24.01052716561511 0
5335 3.201482889929158 18.38338980114212 0
5336 23.24763619803114 10.06489710889446 0
5337 23.11930665769997 9.790216622493077 0
5338 23.41230313503709 9.80696544935037 0
5339 3.1502947292884 7.650808161080207 0
5340 2.881154905293604 7.489008052669331 0
5341 3.139820027403649 7.934565636000139 0
5342 23.52762376275894 9.555890692067592 0
5343 23.65595330309011 9.830571178468976 0
5344 15.4149301156443 5.513860725576099 0
5345 15.79093509604587 5.521830529956706 0
5346 15.62465940179678 5.808837242706943 0
5347 15.78059680400801 6.128591387810262 0
5348 15.40459182360643 6.120621583429656 0
5349 13.56155689318493 0.2678672464862558 0
5350 13.88263797426732 0.2678672464862558 0
5351 0.2319369749113585 15.53534963691834 0
5352 0.3540562431838111 15.33420621746518 0
5353 0.5859932180951696 15.50198828684347 0
5354 5.145127312738586 4.288281634253661 0
5355 15.8524568383733 5.18957594024481 0
5356 16.06218612452578 5.484552457375653 0
5357 24.27308745483842 2.03104637879299 0
5358 17.91942769078603 2.550798841474626 0
5359 15.10947446910422 5.529409905310943 0
5360 15.27575016335331 5.242403192560706 0
5361 17.39298020458057 1.388750669103361 0
5362 14.96378910177876 5.743325227610265 0
5363 14.82460914948777 5.471867694594872 0
5364 5.194784662850062 19.0023087873119 0
5365 5.507001295263851 19.14579085523723 0
5366 4.96943297648467 18.87684780701316 0
5367 5.298851484512362 18.72087705223807 0
5368 18.96137834641674 21.67367633566516 0
5369 19.11990453284658 21.36857356399519 0
5370 19.561456478689 21.07992553996299 0
5371 19.8661877481106 21.01619262773086 0
5372 19.61150430276357 20.3487217967837 0
5373 19.60897629386632 20.12422549858675 0
5374 23.99409767805978 1.984847673381847 0
5375 10.06372447698578 22.92070797166214 0
5376 10.29997389796494 23.09618064960055 0
5377 10.03272840614791 23.22239495955696 0
5378 10.01460477708481 23.5249721267555 0
5379 9.778355356105646 23.3494994488171 0
5380 0.5836745782223096 8.546825174714073 0
5381 0.2442935380283833 8.53825309997498 0
5382 20.15930285032027 16.95398241990907 0
5383 20.03900107305151 17.21386767146569 0
5384 8.582922999473112 19.03740833708754 0
5385 8.279908040298249 19.10348214082153 0
5386 0.7860593223003358 8.699132222288531 0
5387 8.829649271945311 18.99215085545145 0
5388 8.781583928870154 19.25189799699818 0
5389 15.94505851318262 15.98861804237654 0
5390 3.032726621118169 4.562172834124527 0
5391 3.263784085594651 4.68792842596794 0
5392 22.77050002248532 15.25731639305539 0
5393 22.85008193796833 15.01125637091132 0
5394 23.04862507727562 15.22743804546386 0
5395 23.34229196328348 15.1289906104304 0
5396 23.26271004780046 15.37505063257446 0
5397 0.35243513267091 12.1369723350559 0
5398 0.259987402195514 11.88287885333594 0
5399 0.6124225348664241 11.86309443166562 0
5400 0.259987402195514 11.56179777225571 0
5401 19.51717746498976 20.57645137492664 0
5402 21.46390491166072 14.80739206739877 0
5403 21.21776021653586 14.86282916149906 0
5404 21.78533139818325 14.84708425813489 0
5405 21.62037519798579 15.13943636242798 0
5406 4.506499895612499 9.22442578635108 0
5407 4.228858780116131 9.134171572805487 0
5408 20.3700863983626 16.73258111930385 0
5409 4.048181103044904 9.365741525535086 0
5410 3.959790499743973 9.068019109752711 0
5411 1.636811863471234 8.665787302935499 0
5412 1.328047940270869 8.806779530071562 0
5413 19.52482163576276 7.08043534485136 0
5414 19.78878079141132 7.160652593263286 0
5415 19.51634624506783 6.736093172764423 0
5416 0.6779850847202897 10.47117848338109 0
5417 1.002669887385264 10.45447031193989 0
5418 0.8774072576111387 10.69852482688728 0
5419 24.68786609477808 10.4058945771701 0
5420 1.148619537512021 10.19910559121663 0
5421 16.94445032023508 5.531957690625368 0
5422 16.96073051006185 5.785665611644535 0
5423 16.63927994998588 5.63585130012121 0
5424 19.89850700008012 8.57828405770457 0
5425 20.03887640176803 8.882815514839459 0
5426 19.73491837775152 8.825157805979496 0
5427 14.30361096364071 23.39346282084168 0
5428 14.66141415392637 23.47228563109199 0
5429 14.37559377203672 23.74453692478454 0
5430 19.60007956473778 9.122256340909216 0
5431 19.45971016304988 8.817724883774327 0
5432 14.90967299336302 23.25995994204444 0
5433 14.98165580175904 23.6110340459873 0
5434 7.557271378078076 5.259715629860774 0
5435 7.859586513178196 5.211196593033815 0
5436 15.62170293394211 24.78435534966783 0
5437 5.317343754475596 1.802644638506211 0
5438 5.597127318792646 1.547762951887922 0
5439 21.2971867489261 7.12243637578917 0
5440 21.56364234376829 7.109302916960933 0
5441 21.9032618655429 7.238483253369072 0
5442 10.70920114269646 0.2976204203326233 0
5443 10.38812006161623 0.2976204203326233 0
5444 7.958392114995022 4.976822029443062 0
5445 8.178531232597077 5.230902976155241 0
5446 1.009966374204112 8.944854224624589 0
5447 1.904698700599624 8.79151720755905 0
5448 7.072291856368996 21.62432308507206 0
5449 7.004924590545505 21.28423732649046 0
5450 7.224779345216894 21.90739859301585 0
5451 6.121953110360739 2.087230527451393 0
5452 6.2765854935048 2.28341791687538 0
5453 5.983898695951955 2.442501671857161 0
5454 20.07789154587716 8.304892106606841 0
5455 19.77393352186066 8.247234397746878 0
5456 19.4755683287878 8.215183852003975 0
5457 19.65495287458484 7.941791900906247 0
5458 8.737767154620128 15.01245750236312 0
5459 8.899827932849867 15.21738731732865 0
5460 8.588586507979667 15.2176888888866 0
5461 10.65915938610839 21.29274737333026 0
5462 10.78794137832345 21.5552023500987 0
5463 15.59046489289969 24.53596606842613 0
5464 15.53521345118544 24.32888564074957 0
5465 15.35337734363749 24.75161071875829 0
5466 6.444994240844215 20.53332909186638 0
5467 6.383227987055939 20.29143264793529 0
5468 6.640509697910762 20.32525632172965 0
5469 6.10817851465473 20.18076127117214 0
5470 6.303693971721277 19.97268850103541 0
5471 20.11269401634439 6.394998014261003 0
5472 20.09628930193914 6.787956622398678 0
5473 19.83051472828341 6.514232564870618 0
5474 19.53275095947308 6.343134564626748 0
5475 13.78038202575098 22.91005443670549 0
5476 13.80454945075471 23.1429935200096 0
5477 13.58226742331214 23.04238180981397 0
5478 19.41499177089817 4.661927204381303 0
5479 5.781304282218738 2.70511474942033 0
5480 14.0102273174723 23.33819013071767 0
5481 13.81211271503346 23.47051750382616 0
5482 1.774684204369943 6.821860615407136 0
5483 1.389098343436472 7.325850165978126 0
5484 19.45243781871474 20.87749322261057 0
5485 19.31606071374162 21.13165412486666 0
5486 23.50569468056171 15.66031998176932 0
5487 23.8019740680492 15.43405675264979 0
5488 14.95507064936331 4.488942303056181 0
5489 15.22782698571422 4.544428795597355 0
5490 15.0314829016171 4.756659929634959 0
5491 15.57195683605018 4.666599675790989 0
5492 4.684436848579766 5.254147753999741 0
5493 4.463191506858242 5.37055487130724 0
5494 8.205646568657553 21.28620764886855 0
5495 8.50373896162373 21.337627777709 0
5496 8.246977163968346 21.5361435352487 0
5497 8.489006143999344 21.83769142288723 0
5498 8.190913751033166 21.78627129404677 0
5499 8.20795530739297 20.95388633206357 0
5500 8.185050110469755 20.74269851766711 0
5501 8.43950316938972 20.87650407693238 0
5502 8.040310641562124 20.52659114568701 0
5503 8.271858503558875 20.44920889055583 0
5504 20.30181015892461 8.949542473506268 0
5505 20.13822153659601 9.196416221781194 0
5506 0.7350664529647633 10.91452062718048 0
5507 0.6554974774532316 11.13987733171911 0
5508 0.4731534794346333 10.94058970286711 0
5509 0.9594391053074997 7.1496541700685 0
5510 20.93484332391109 5.088390573045384 0
5511 5.024213142507466 4.726733629915986 0
5512 4.977263346705067 5.05411182145845 0
5513 24.58354390289887 14.8579256370902 0
5514 24.10732950404391 15.2818859191985 0
5515 5.113676484667303 20.96626267162428 0
5516 0.1967922519615508 11.01918941990622 0
5517 0.2763612274730825 10.79383271536759 0
5518 0.1994856810138052 17.71362232539261 0
5519 24.42919448687706 9.806797505228268 0
5520 24.28946921438338 10.04681010655799 0
5521 24.1698722257028 9.847194641382583 0
5522 23.90071044201054 9.833351831949251 0
5523 24.04043571450422 9.593339230619527 0
5524 6.356626727244858 16.91233373747076 0
5525 6.165973402506181 17.119890617276 0
5526 5.978199232194401 16.91537559394461 0
5527 5.967963244116619 16.54194130837212 0
5528 6.138994298940361 16.37171240249311 0
5529 6.339883611756821 16.53758980826036 0
5530 6.805522877842677 18.61139151351174 0
5531 6.878863275284784 18.34551256486346 0
5532 7.050280619816865 18.55300480292708 0
5533 6.527657782068601 16.74210483159175 0
5534 6.694260023878952 18.11433619119752 0
5535 6.939017765853141 18.05594948061287 0
5536 8.730456540886868 23.04435565849333 0
5537 8.945631721905754 22.79890713838249 0
5538 9.027941376909697 23.11853261464466 0
5539 8.540544808473545 22.40627468195823 0
5540 8.363168662072917 22.65473978153794 0
5541 8.255566584663537 22.33628428126501 0
5542 6.220466446360064 4.96949087182358 0
5543 5.979062076063408 5.062075909446747 0
5544 6.583374442519354 4.413338692261199 0
5545 6.418672171214618 4.668185319136029 0
5546 8.999146997287763 23.99095897757124 0
5547 2.638933440310448 7.318040872170275 0
5548 15.106886831939 24.41579586034626 0
5549 15.03286452312467 24.75161071875829 0
5550 6.429715220295709 4.99220912710893 0
5551 18.29993265366823 22.36306214768289 0
5552 17.94604535133878 22.37280746567255 0
5553 18.10155120611149 22.05736522813462 0
5554 2.623842014873415 7.659410837731706 0
5555 9.062684797414246 1.50197488922637 0
5556 8.948250400921202 1.146188300102831 0
5557 2.351849588030841 7.758925061639912 0
5558 24.67575503046261 16.78139453514397 0
5559 24.09156798808071 16.70062148998984 0
5560 18.63508410020911 21.72534029795814 0
5561 18.78173275464856 21.99595594785198 0
5562 15.01965760244994 23.89552876666162 0
5563 15.09877630193022 24.14803404073217 0
5564 15.2679164418866 23.68320307761407 0
5565 20.59117861889276 16.48110275315595 0
5566 20.59202863081192 16.2089424689008 0
5567 20.89043797711615 16.32595003368306 0
5568 21.1499546040079 16.18591747026623 0
5569 21.14910459208874 16.45807775452138 0
5570 9.603103184739961 19.71278018474839 0
5571 9.529069929664534 19.3627196855891 0
5572 9.794820869033449 19.41304178733468 0
5573 18.65065226410354 20.25285027436269 0
5574 19.00904751882456 20.08518551155369 0
5575 9.1828312233567 19.43454929918244 0
5576 9.374548907650187 19.13481090176874 0
5577 17.35922148045077 21.07774982202574 0
5578 17.30542803538992 21.30608759519174 0
5579 17.76179517204122 20.81698890520492 0
5580 3.566752176091484 16.09817597208711 0
5581 16.16239548891697 6.110504929034423 0
5582 16.3281122610055 5.853183134113963 0
5583 16.48984336772412 6.146881016060838 0
5584 5.673719480325964 8.615824771711186 0
5585 5.382885599448743 8.790574173366203 0
5586 5.364255017415838 8.461545762042642 0
5587 0.2202399289078856 15.1444359509901 0
5588 0.5742961720916966 15.11107460091522 0
5589 0.2202399289078856 14.82335486990867 0
5590 18.4614064054061 21.27181827901525 0
5591 23.17146226530559 9.145267424623466 0
5592 22.82073360687752 9.009970222779188 0
5593 22.4060428752283 8.572229642781416 0
5594 6.629913907669188 2.201086771646606 0
5595 7.208487275658986 7.165562726613617 0
5596 7.416423314523852 7.063216016433612 0
5597 7.404309029471555 7.317968452232896 0
5598 17.92504827964294 2.802855819767644 0
5599 17.82176456934153 3.089506044004847 0
5600 10.75683414670214 24.70330801181653 0
5601 10.43632132618932 24.70330801181653 0
5602 7.52514989252819 6.826832340190169 0
5603 7.720971646340759 6.979238065809447 0
5604 22.89289317440768 16.26726047400521 0
5605 22.75362077321122 16.47219401070551 0
5606 22.58158080250902 16.18696079258007 0
5607 13.54643825382719 24.67767010834799 0
5608 13.86695107434001 24.67767010834799 0
5609 22.47020332852848 16.67058536204628 0
5610 5.390277961295464 8.123532769255224 0
5611 5.099444080418243 8.298282170910241 0
5612 1.516567405517803 9.889207061461057 0
5613 9.554970272095359 21.62757181446924 0
5614 9.311787396757783 21.8224656237218 0
5615 17.09163766515566 0.7767061914531302 0
5616 17.06750719370562 0.3651553699050167 0
5617 10.59768245010437 3.224814113353851 0
5618 10.49479045823253 3.480425354621616 0
5619 10.2830525764272 3.246162495598209 0
5620 10.02335570207672 3.239389856374562 0
5621 10.12624769394856 2.983778615106797 0
5622 17.22574012259017 1.181195217008431 0
5623 4.330130607580082 9.705038710213991 0
5624 4.103364244233992 9.915605579808082 0
5625 4.090483020070971 9.642460858181952 0
5626 3.821414739698814 9.576308395129177 0
5627 16.24952542104065 19.05244880364096 0
5628 16.49344222488579 18.99177658668054 0
5629 16.41020956384009 19.23277015048789 0
5630 16.97506279081261 1.134799765365335 0
5631 16.60397140893208 19.4234407707478 0
5632 16.36005460508694 19.48411298770823 0
5633 16.15400110737928 18.6023035912254 0
5634 16.2882419940927 18.3426885556663 0
5635 16.46699896879977 18.55184020427451 0
5636 16.4243744790741 18.05319090901573 0
5637 24.09345201288439 18.09934699372954 0
5638 23.81671131664251 18.03900858276175 0
5639 10.68268072818827 22.09032742074476 0
5640 10.44672841066206 22.25294911498726 0
5641 10.93234893245518 22.03882048437023 0
5642 10.95584514479564 22.30118495365783 0
5643 13.95179788926599 0.7941213623976708 0
5644 14.01844399048815 0.5142533904384148 0
5645 14.28820917443383 0.772640259863574 0
5646 19.87870265127978 5.793954230225841 0
5647 19.62386521724676 5.785976156293434 0
5648 21.47817368348088 10.09628143637304 0
5649 21.16130401088953 9.884495073007116 0
5650 22.03600086283089 10.12472428130216 0
5651 14.21904925943516 0.246386143952159 0
5652 5.935989416029808 16.03446313614288 0
5653 6.30790978367001 16.03011163603112 0
5654 14.99101685227881 22.76847188702084 0
5655 14.8695245122598 23.02076044462272 0
5656 15.18976616009247 23.15950885951802 0
5657 20.10144297605422 5.899199194967255 0
5658 3.669675633388995 8.998697414526086 0
5659 3.850353310460222 8.767127461796488 0
5660 0.3177193513335506 16.42456352397321 0
5661 0.7253769971376379 16.47722577467891 0
5662 3.742667503198752 8.533444640367359 0
5663 4.032782369553731 8.602766335593984 0
5664 1.138190354536813 16.53263336339779 0
5665 1.480611252571079 16.65096756448404 0
5666 1.048252060066276 16.25264274479706 0
5667 0.2819140052580012 13.92948136666631 0
5668 1.057714745108957 13.94423277785106 0
5669 0.7439629264302168 13.9814474274279 0
5670 19.89838946405209 19.58176120996995 0
5671 19.63149099181737 19.82948714226875 0
5672 19.64844921445421 19.48993546721156 0
5673 13.38015588808285 24.49725348018264 0
5674 13.10181082312292 24.40558981258784 0
5675 1.176945349856463 7.186792765821304 0
5676 1.549815198861058 7.020934161448956 0
5677 13.29525609585865 24.81958337183465 0
5678 21.11653452301217 15.62659748502051 0
5679 21.13819718139252 15.87420943094114 0
5680 20.86962533065496 15.80617780350729 0
5681 21.39686379636511 16.00633715177945 0
5682 6.323586686483438 17.38718660905254 0
5683 5.94515919143298 17.39022846552639 0
5684 13.4460701072967 0.796040087878523 0
5685 13.3465632236643 0.5038845550579305 0
5686 13.22608741152892 0.2360173085716747 0
5687 8.266075974544934 18.05317503723371 0
5688 8.036597996049245 18.12850535640935 0
5689 8.102063298533988 17.83136888378514 0
5690 19.35903604426845 20.03239975582836 0
5691 7.94074042915215 18.3374496428677 0
5692 7.776727753141204 18.11564348941913 0
5693 6.649407706001973 17.47081093387454 0
5694 6.428593494928772 17.74114878212493 0
5695 7.531185180578118 0.2107960993311286 0
5696 7.768686973352146 0.2482845061800367 0
5697 7.638250532324504 0.4590806055111653 0
5698 7.609737168327886 0.7582621783452929 0
5699 22.61013570087599 19.28898522152732 0
5700 23.73164642815085 9.084329182981737 0
5701 23.88135888007925 9.391935976640905 0
5702 23.62156147888356 9.271889627527027 0
5703 22.86223600216454 19.1012033236688 0
5704 24.18259611040401 11.10058650182703 0
5705 24.20359129145868 11.39789534583465 0
5706 23.9212732169018 11.27539965459069 0
5707 23.6968017837732 11.4212307094968 0
5708 23.67580660271854 11.12392186548918 0
5709 20.18571644655545 19.45505104755944 0
5710 5.668307787794208 5.113485978880255 0
5711 5.404718592105599 5.28116847601185 0
5712 1.185236616083327 17.94071638376014 0
5713 2.440389404098769 17.87782377944316 0
5714 23.96404620717569 11.91986403515331 0
5715 23.71902069560886 12.08347104687217 0
5716 23.69724288638963 11.73631551031716 0
5717 23.45177627220637 11.58483772121566 0
5718 16.31803112573465 4.966396541740467 0
5719 16.5676770723876 5.08131929745961 0
5720 16.37335381350616 5.267220623382901 0
5721 20.76903583784784 9.370230400699473 0
5722 20.85170464903732 9.699140360375655 0
5723 5.464825905505983 7.284396063452025 0
5724 5.711180602842495 7.472987046393316 0
5725 5.383870730674777 7.563529636909192 0
5726 5.377846226154579 7.856194898986653 0
5727 5.131491528818067 7.667603916045362 0
5728 20.87561316391017 18.82260112971199 0
5729 9.058230040128468 3.275061729448658 0
5730 8.931348805073339 3.539070979614021 0
5731 8.801409766201239 3.294920569913033 0
5732 8.525383947859179 3.32278716589401 0
5733 8.652265182914308 3.058777915728646 0
5734 15.4604508357917 23.18020147183545 0
5735 15.57002561428131 23.4983427446392 0
5736 16.33788892565471 22.14240094132604 0
5737 16.10441846377401 21.93006151753646 0
5738 16.38425288680079 21.75420033506997 0
5739 16.69328978109352 22.23576603602456 0
5740 16.41345535806673 22.41162721849105 0
5741 9.275341371326459 3.769605322630418 0
5742 9.440909201299906 3.536876799983282 0
5743 9.528081493625798 3.787269983464053 0
5744 7.717992023507417 24.59522412064798 0
5745 7.973342890619264 24.7269711828868 0
5746 7.462340428859839 24.02248307128782 0
5747 15.54181828202974 22.72808016371532 0
5748 15.72535201814985 22.40636393224601 0
5749 9.79467818638517 3.789657679387558 0
5750 9.629110356411722 4.022386202034694 0
5751 24.60747940870279 7.719389581390809 0
5752 24.73857092016527 7.976512139886338 0
5753 3.580294399829868 4.701086180857326 0
5754 24.04362292861423 7.459224610651369 0
5755 21.99019575162853 2.410246236848601 0
5756 21.69655698101997 2.156072727971745 0
5757 18.08050253353996 0.2402066991091263 0
5758 18.00769451948881 0.544054767841316 0
5759 5.846770964570446 17.89710630157313 0
5760 6.178043258007564 17.88742510233935 0
5761 5.922041747167775 18.12700694660954 0
5762 24.77439573777882 10.13141161338677 0
5763 24.77439573777882 9.81089879287447 0
5764 6.164470059971794 18.3406363227023 0
5765 5.833197766534676 18.35031752193609 0
5766 18.03001601300765 0.8560726793420632 0
5767 24.4622618325569 10.28089593418701 0
5768 9.339436716715831 22.10419261446942 0
5769 9.059261238225758 22.04462307631574 0
5770 9.659924935498104 22.16547195979653 0
5771 9.407398776966078 22.38762941239047 0
5772 5.332134625938814 18.36605210889132 0
5773 5.557486312304205 18.49151308919006 0
5774 5.030738509389995 4.515059195097521 0
5775 8.179530860913623 2.83604889393654 0
5776 8.057268511404612 3.134658103239014 0
5777 5.754721836427036 19.90428660923783 0
5778 5.759221959485007 19.65363040110496 0
5779 6.899520818490423 5.428637781174059 0
5780 6.519471895652551 5.529089658736019 0
5781 6.611558418279027 5.19306280223452 0
5782 21.66345402912903 15.43687883280923 0
5783 21.97688561951332 15.54678039566799 0
5784 21.69853796413403 15.80453067531312 0
5785 5.799914625108225 18.70514246528283 0
5786 14.88634137499183 0.2448506916431064 0
5787 17.9731134994178 1.171330884252917 0
5788 5.25290136228848 5.980390851747318 0
5789 5.017440895190058 6.248394662578779 0
5790 5.241334327555066 6.514615933407315 0
5791 4.950764960357631 6.551728476617424 0
5792 9.027461990792506 23.62302504358974 0
5793 9.099637961293833 23.34579663928609 0
5794 9.314333756195527 23.60484054812032 0
5795 9.573370726869701 23.48984437991615 0
5796 9.501194756368372 23.76707278421981 0
5797 21.16748029559709 6.658740608184728 0
5798 21.13076622251697 6.904463195664226 0
5799 20.85807448553694 6.697553745555364 0
5800 20.11744718548606 21.51678012956239 0
5801 20.98778093886595 7.161249513159806 0
5802 21.27940789026255 4.659685505075641 0
5803 7.789099464342982 4.703363333975508 0
5804 7.403841973800997 4.622133520003898 0
5805 4.748973579434504 21.32512295481087 0
5806 19.07274684081251 1.919567436062044 0
5807 4.864528690821477 6.8779773560489 0
5808 4.64063525845647 6.611756085220365 0
5809 4.31400767151405 6.756712398180403 0
5810 7.315527368346521 5.024863285497098 0
5811 7.079921946571376 4.68988115917936 0
5812 15.60802741497222 23.78283746531352 0
5813 20.60518913906296 9.017030819324004 0
5814 20.9730696831582 9.124118039575475 0
5815 16.31183207117873 5.599475213094796 0
5816 7.556375355218455 1.334807031354819 0
5817 7.705232175093959 1.020781748355291 0
5818 16.17601440937422 4.650774072611512 0
5819 16.10941086100229 4.35466990997859 0
5820 5.856797401948532 20.1249396309846 0
5821 16.2176307310704 3.989871471881218 0
5822 13.98058888265965 1.123211658956356 0
5823 13.71082369871397 0.8648247895311969 0
5824 13.47486110069035 1.125130384437208 0
5825 24.77183264230339 15.02433061652122 0
5826 24.35537654520227 15.13866651006943 0
5827 24.77183264230339 15.34484343703351 0
5828 19.38014618054761 17.49126440361107 0
5829 19.28601545109398 17.26694874773478 0
5830 19.11701380183761 16.9806696175713 0
5831 20.5050965486242 0.3968125590009576 0
5832 20.74276569506845 0.6356859429586617 0
5833 20.66077190822324 0.1704741532992476 0
5834 8.732277324665937 21.92535763362671 0
5835 8.759926644623985 22.20708462437433 0
5836 6.530812301610602 5.919062539109055 0
5837 6.242849901399207 5.683487560169517 0
5838 8.867528722033367 22.52554012464726 0
5839 21.9474025283412 8.84232553244464 0
5840 22.20692909899783 8.760076222577094 0
5841 22.11263758698145 9.151630899638203 0
5842 22.57127793386855 8.88153500997498 0
5843 19.84676215265119 9.387149942476595 0
5844 19.57155393794955 9.379717020271427 0
5845 1.266721479554739 16.03072060842391 0
5846 5.070193214138011 17.87729011682512 0
5847 5.384883270677946 17.85899131853553 0
5848 5.276079397190722 18.15498694413292 0
5849 8.927496965902838 16.19174433345478 0
5850 9.150359863318855 15.93231644699777 0
5851 18.01497233653868 3.753284340855778 0
5852 17.71353730707857 3.494325334475369 0
5853 8.395864899942685 2.243079322740575 0
5854 8.304413395260926 2.526617919389282 0
5855 17.5449779531817 3.180982638681744 0
5856 18.35902620171409 3.944866271375919 0
5857 23.09782462520793 18.97255797073112 0
5858 14.18545906454272 24.00664327660976 0
5859 13.99223279669288 24.35145632769064 0
5860 8.758196736982123 2.126538747161083 0
5861 5.017444569398879 18.38435090718092 0
5862 4.978051357520185 9.168714475599927 0
5863 5.166886721885525 8.978383265391606 0
5864 20.50584400423498 8.70343011238227 0
5865 5.476351184795652 9.132662275060152 0
5866 9.165013558056195 22.59971708079858 0
5867 6.898078748588057 4.48902748405377 0
5868 6.809764143133581 4.89175724954697 0
5869 9.485501776838465 22.6609964261257 0
5870 4.616513479799741 12.07233811851875 0
5871 4.684572269575095 11.68152090699561 0
5872 5.014786041687151 11.92806132393499 0
5873 5.288789349658678 12.15885139943038 0
5874 5.356848139434033 11.76803418790723 0
5875 4.552818070027136 7.892497655178447 0
5876 4.242982549619459 7.989660838812352 0
5877 4.245229001444107 8.286224270192168 0
5878 16.46618419775169 3.96776509311721 0
5879 16.75806527579392 3.865231747822979 0
5880 16.30466764094987 3.769349674447095 0
5881 16.12575727299406 1.247094242231487 0
5882 21.2169819512571 6.321242132432783 0
5883 20.8655189590154 17.0649803276302 0
5884 21.09112932977096 17.33817320957486 0
5885 20.67301389489224 17.37425993217867 0
5886 22.81357031940115 17.34264431666188 0
5887 23.09607398094671 17.2965418715239 0
5888 15.54278948836302 1.300297143081317 0
5889 9.863981059762814 24.39024698946947 0
5890 9.944541210982244 24.08766159162397 0
5891 10.1333525744161 24.2321737522083 0
5892 12.97474327534583 24.81958337183465 0
5893 12.70559160461946 24.78191977743524 0
5894 12.85982205938793 24.60150314926989 0
5895 12.83265915239655 24.36792621818843 0
5896 10.96986024460911 23.44993340717603 0
5897 11.052381768909 23.20523901084493 0
5898 1.97128286649084 17.30958699567119 0
5899 2.240692394817126 17.37085241006569 0
5900 1.651265471753651 17.23056911850497 0
5901 22.56359336953771 17.25622119770252 0
5902 10.72259967955322 23.5242356695278 0
5903 10.10936544100703 0.2939491610729132 0
5904 9.788284359926802 0.2939491610729132 0
5905 21.43091184527353 2.259657148645334 0
5906 1.820174482413896 17.07290267261838 0
5907 10.26721523237704 0.5915695814055365 0
5908 5.432593563099607 17.60393651233626 0
5909 5.638479746152318 17.88163333964405 0
5910 1.814375944906699 18.90017351539701 0
5911 1.547190173191629 18.84727435034502 0
5912 1.264739328447056 18.7079290985192 0
5913 1.070080703788648 18.52807948932828 0
5914 5.894481256992108 17.64205149537386 0
5915 5.736867973014851 17.37475550359732 0
5916 7.068768069286 3.623565617755273 0
5917 18.08430040983234 18.56121664280146 0
5918 18.45995283338276 18.69425697705569 0
5919 7.231256767999392 3.34406537620866 0
5920 8.062363862303105 22.11577032925414 0
5921 23.39907044412961 17.27283853596879 0
5922 6.351574899218734 22.33514835882903 0
5923 6.342589623089281 21.27905927727982 0
5924 18.44986302672789 6.154980088772213 0
5925 18.17747178970693 6.338255999184868 0
5926 18.12517642276399 6.072286335555276 0
5927 18.17060891420667 5.71822217276838 0
5928 18.51498356645724 5.593417652085499 0
5929 22.33103826988372 6.350859415918268 0
5930 19.15175485290819 4.585644632554382 0
5931 18.89615862701798 4.709098332932156 0
5932 18.84901897190338 4.424276157574634 0
5933 18.32653294016996 6.984861755171021 0
5934 18.26067805101071 6.657928755540336 0
5935 9.717700711685749 23.94890572245039 0
5936 9.987072226339038 23.79083248518922 0
5937 6.956575718109899 20.78008021807287 0
5938 6.873842162987962 20.40592581606376 0
5939 7.128141929398822 20.61885326847589 0
5940 6.852527002735952 21.00483358795345 0
5941 6.598227236325092 20.79190613554132 0
5942 3.504459739048788 16.7360520296501 0
5943 3.68055063321659 16.42088963188579 0
5944 3.82735657859171 16.73087582532507 0
5945 1.290824749059547 9.719327841469969 0
5946 1.268248704071372 10.00120799400849 0
5947 1.237772315185148 9.435746664889727 0
5948 4.16489041476331 16.66138617443213 0
5949 15.82921209357137 23.8762634881606 0
5950 15.52710292117666 24.06112382113548 0
5951 16.11246816629083 23.85713703908605 0
5952 5.682686922798956 1.303702406691008 0
5953 23.08793281551029 16.0130320109387 0
5954 5.932777298416002 1.305716629782645 0
5955 6.159865630894511 1.202907330066583 0
5956 18.89152342569141 4.043417529017807 0
5957 18.63592719980119 4.166871229395581 0
5958 20.30709048473366 19.15985955007838 0
5959 20.13724778406439 18.9072979231426 0
5960 20.52899058210912 18.82494793830821 0
5961 20.70577046324091 18.57003950277621 0
5962 9.227858058169573 1.819799461392597 0
5963 9.400153814886426 1.536479418911907 0
5964 16.764861263143 1.452305431795275 0
5965 20.14942389769777 6.1448357259596 0
5966 20.4151984713535 6.418559783487659 0
5967 20.63662857430859 6.560276614932464 0
5968 20.44921168968546 18.03124950303997 0
5969 20.53729367275678 17.7656687173752 0
5970 7.233351350848454 5.327463269036237 0
5971 15.58084507451821 1.631784794364327 0
5972 15.66248577385931 1.952448822071318 0
5973 20.54080409047251 18.37550034841265 0
5974 15.68801711398047 2.349677566321426 0
5975 16.95789830117726 3.734589158053085 0
5976 17.19481892465829 3.535880022647782 0
5977 16.98554572059123 3.248003899569962 0
5978 16.67659181740176 3.353087273767954 0
5979 17.22747748685166 3.297925806074447 0
5980 9.68732850928753 1.512511863622216 0
5981 9.522155248532204 1.194687291455988 0
5982 11.06428341802722 3.241107436535816 0
5983 11.35164362768636 3.330091795891426 0
5984 11.09678054156885 3.548061331732867 0
5985 20.66849574466683 16.84958868408611 0
5986 21.08661117954556 16.8135019614823 0
5987 7.53430956913494 18.06320196580165 0
5988 7.630167136032034 17.8542576793433 0
5989 17.45162835297582 6.342026632450491 0
5990 17.15818620025983 6.055131510540871 0
5991 7.811617929263958 17.62940147910791 0
5992 8.041095907759647 17.55407115993227 0
5993 7.569199745257693 17.57695995549043 0
5994 17.29180566990654 24.61386976660051 0
5995 17.04999738329075 24.74410035812257 0
5996 17.54493717619567 24.04127496912632 0
5997 1.84589992285638 9.11362471209314 0
5998 1.555853881251906 9.297671970336701 0
5999 11.57342723199198 3.211235075015331 0
6000 5.991421410002072 5.972628826896067 0
6001 6.646576108760698 21.29606324395891 0
6002 10.20850827545007 5.866745718320547 0
6003 10.11585863873025 6.14240185988146 0
6004 6.535696308573936 1.394109689933634 0
6005 9.674211964676767 0.9417783579406221 0
6006 9.763777299094034 0.6503676509303871 0
6007 9.898895277350576 0.8793090291560615 0
6008 4.749635334356093 18.62895249004127 0
6009 6.430328362271942 1.181650005236861 0
6010 18.60983847640147 22.30244452922138 0
6011 9.945978863933245 6.382893742828488 0
6012 20.70744857575306 8.466537359564686 0
6013 20.9207746751862 8.242089140333981 0
6014 21.02254908380647 8.546470238969302 0
6015 24.75183370747307 15.60899793278163 0
6016 10.9077508915949 1.081023332383154 0
6017 10.87046799220324 0.8307557073097502 0
6018 11.08218838733247 0.8341988487166974 0
6019 16.89944612973444 22.00118551204296 0
6020 16.80653104700274 1.793668249147434 0
6021 16.75305413301451 3.616600705913192 0
6022 0.2763612274730825 10.47275163428735 0
6023 16.47675879201842 3.483729863537849 0
6024 17.33570474911463 2.893106515603924 0
6025 10.79543767046352 0.5895860321542699 0
6026 11.28291988622607 0.665115526425424 0
6027 11.32020278561773 0.9153831514988284 0
6028 3.851373039298084 6.101469062141356 0
6029 7.271594283664624 20.06115528203529 0
6030 6.886527835192593 19.86755809695815 0
6031 7.812449613851804 20.05535660808976 0
6032 8.098220133544327 19.92057682564365 0
6033 9.792731118238221 18.71472704866505 0
6034 9.471796158353056 18.84324440512228 0
6035 9.543739662633255 18.49499016561194 0
6036 3.749213455892241 5.847055765731684 0
6037 17.08328867137156 19.0856392317959 0
6038 17.35925539524392 18.7878985688674 0
6039 9.125557452045221 18.91507401871563 0
6040 8.410051199800023 20.28535097943611 0
6041 8.554790668707652 20.50145835141621 0
6042 8.448794285768935 22.94603081434992 0
6043 3.164884401672618 17.32107751515361 0
6044 2.879297617289891 17.35464678242771 0
6045 3.264441039091662 17.04396179985087 0
6046 8.65496295120152 20.69672439443316 0
6047 8.677868148124738 20.90791220882962 0
6048 8.793155647442667 20.53286648331345 0
6049 11.93457353934934 24.25582765038986 0
6050 12.18996623306088 24.0734074142491 0
6051 12.17058190902417 24.28611157755834 0
6052 6.983029847316342 2.125991399467715 0
6053 12.50832249569864 24.33376544814403 0
6054 12.25292980198709 24.5161856842848 0
6055 12.04733819743217 24.73426590684956 0
6056 12.38507878410664 24.78191977743524 0
6057 7.444950243043781 1.713807373245477 0
6058 23.01703801310538 6.840426979570118 0
6059 15.86901285410443 1.460354063076069 0
6060 23.27494831595648 7.092366629936786 0
6061 2.673648176832416 6.350443713337389 0
6062 2.015228427281213 14.23961909363168 0
6063 1.79506190310625 14.47356760635368 0
6064 1.684603409356809 14.18318738845013 0
6065 1.939617817854626 14.77152346232697 0
6066 1.608992799930222 14.71509175714542 0
6067 6.38925331427369 19.3357963405528 0
6068 6.378145897714184 19.67621722586089 0
6069 6.039751915879573 19.52159623896416 0
6070 4.584120870513937 17.61142716233709 0
6071 4.342616505892146 17.41262725027826 0
6072 4.478332802305262 17.11968607542155 0
6073 1.327884266527665 14.05921304606837 0
6074 1.548050790702628 13.82526453334637 0
6075 20.31168330200122 17.49247583543053 0
6076 19.90328085091605 17.60527645666221 0
6077 20.40406959561471 8.39904901374695 0
6078 19.45799850630322 6.02517703179876 0
6079 17.93599144704681 6.575235002323399 0
6080 9.11543768756141 2.146378672142512 0
6081 8.983245383846143 2.487622487596535 0
6082 8.608855893091135 11.25562456505694 0
6083 8.919268469582743 11.38756691170899 0
6084 8.564589074081487 11.48494420156236 0
6085 8.501121898919553 2.777213537162365 0
6086 21.79254699429258 8.147005986855698 0
6087 21.63878461179859 8.386396437561064 0
6088 21.3896375657336 8.08263156903323 0
6089 8.775624553372083 10.91696951644762 0
6090 1.194267363763139 14.30215563295482 0
6091 19.04334324836017 3.824053635239269 0
6092 7.148471686501212 2.587973405613525 0
6093 3.253235378324727 8.581443491703951 0
6094 3.179904443747469 8.251917235303777 0
6095 3.486907509527986 8.368279510169689 0
6096 6.593441412724006 19.18475319458043 0
6097 6.255047430889396 19.0301322076837 0
6098 6.718087875857234 18.84898640664335 0
6099 6.267430804339204 18.72151797987009 0
6100 6.063242705888888 18.87256112584246 0
6101 20.12790738676566 7.163776743852223 0
6102 20.41008667482664 7.044542193242608 0
6103 8.731171150858215 6.323986341307011 0
6104 8.701474342447458 6.697838162015737 0
6105 1.059751255629737 10.89781245573928 0
6106 19.38323382625827 18.83171415184274 0
6107 19.75261879072394 18.86330830136529 0
6108 19.54596272222326 19.21061538539022 0
6109 18.92907572454465 19.51112707341434 0
6110 18.84108274733939 19.11535302417185 0
6111 10.88497116416108 4.39063768844942 0
6112 10.80597345992465 4.123297038207579 0
6113 11.1308475036944 4.533426339198233 0
6114 6.841630447510418 23.0139850551415 0
6115 5.518331387517188 6.041539666309125 0
6116 5.74953206027582 6.189244414886076 0
6117 5.539210935146125 6.358986867945621 0
6118 7.094907492853943 23.26185650283424 0
6119 4.263444481118668 7.064499279647649 0
6120 4.547336844189318 7.259817624394627 0
6121 6.012300957631007 6.290076028532563 0
6122 5.472535000313698 6.662320681984266 0
6123 7.481890637293839 24.74411711175544 0
6124 7.507574968438886 24.33934123240342 0
6125 1.610312555863533 15.98671769855922 0
6126 7.951329883555621 6.992890418558889 0
6127 7.842603305551283 7.229274094802333 0
6128 7.718196680907109 7.476235614038775 0
6129 7.510260642042242 7.57858232421878 0
6130 20.87609227798378 10.10631781243183 0
6131 24.74716091102253 7.480793174591431 0
6132 24.35464031972531 7.50787506370998 0
6133 7.948554918121969 7.489887966788217 0
6134 18.96211170195397 7.52389094989304 0
6135 19.02263891388628 7.8519218691275 0
6136 8.679799432023028 16.44550301051446 0
6137 8.750496163304495 16.77612420160952 0
6138 18.91564699057615 5.084145843470141 0
6139 18.66127915912495 7.434459067377416 0
6140 9.131445692004522 16.7567829575502 0
6141 8.861665433205886 17.05498185467487 0
6142 14.652219031829 4.428604493031116 0
6143 14.84856311592612 4.216373358993512 0
6144 16.50009835085006 21.53331277601249 0
6145 16.73356881273076 21.74565219980206 0
6146 16.34336866355471 21.26702081144989 0
6147 16.69268458948468 21.25847267618199 0
6148 16.96168386079005 21.31423672425671 0
6149 16.8049541734947 21.04794475969412 0
6150 3.281318196607849 2.995858490698099 0
6151 2.630625465049147 15.25446545646674 0
6152 2.044731132469787 15.22433552626419 0
6153 23.20316974498188 18.06889245479073 0
6154 22.98350488336135 18.2520140378375 0
6155 23.4845685052012 18.01080024184252 0
6156 19.1590882947187 8.801099023341093 0
6157 18.97366305212942 9.094526956710784 0
6158 18.80787999681198 8.78080256134783 0
6159 18.84099769283092 8.140738505534898 0
6160 19.17494646045662 8.198557991570741 0
6161 2.582819239168672 14.38534502180521 0
6162 2.340485635604731 14.33731777879057 0
6163 2.85032584677622 14.49626053882126 0
6164 3.007817472615611 14.71988737680091 0
6165 15.78243502546265 22.11076142281188 0
6166 15.82879898660873 21.72256081655581 0
6167 1.820342277457967 16.48742260359365 0
6168 1.839888112563595 16.83033983456176 0
6169 15.44973254098457 22.19886323126535 0
6170 18.48413745137491 21.51927169783393 0
6171 18.30449185960673 21.84155131002075 0
6172 10.15460133983574 24.76737957502691 0
6173 9.834088519322918 24.76737957502691 0
6174 10.80429885288615 24.2557535901185 0
6175 11.1160010339489 24.30595324419836 0
6176 10.92793457696659 24.45681567771292 0
6177 10.33451240955025 24.47068758684343 0
6178 19.0315622167756 19.79044715523568 0
6179 19.27906424998854 19.45834131768901 0
6180 17.51814441421001 24.74579830275882 0
6181 17.50225777636959 24.35966806935933 0
6182 11.35888647454696 24.28453416430668 0
6183 17.35903576838359 21.7721488239205 0
6184 6.327071022790312 7.020153100172425 0
6185 16.24549591641075 23.53184405142197 0
6186 19.01660523246719 5.374251617441152 0
6187 19.23494428086132 5.689879231359249 0
6188 18.85073852152365 5.613452492946477 0
6189 8.108044183761862 4.723069717096934 0
6190 18.10166127497076 22.98000677015614 0
6191 17.83115719801861 23.2342587154112 0
6192 1.861271590445634 16.17975695744452 0
6193 2.611085876651766 17.62859622929493 0
6194 2.609404653121292 17.31583482347957 0
6195 9.853925392417764 2.122902810555039 0
6196 9.937726502285441 1.728167944372993 0
6197 10.05972793593122 1.386375816917074 0
6198 8.425094840840984 20.0245905216629 0
6199 8.396195939734064 19.71206582873083 0
6200 1.254482745931076 9.126091726303885 0
6201 14.59267091972674 0.7318622330540751 0
6202 14.70106631013122 0.4912368355952655 0
6203 7.338385192184238 1.989593923784873 0
6204 14.54013034051659 0.246386143952159 0
6205 5.770329376044513 19.31320951579686 0
6206 10.1446060368122 19.8212637503625 0
6207 10.12617927600816 19.55949555340465 0
6208 10.40193118871148 19.61765701727319 0
6209 10.66494234904129 19.77367518329557 0
6210 10.64651558823724 19.51190698633772 0
6211 15.34271113820181 19.62407289198953 0
6212 15.22921201000654 19.88906951606824 0
6213 15.0827011859833 19.68523191998097 0
6214 14.87279886599222 19.49347834045324 0
6215 14.75929973779695 19.75847496453195 0
6216 24.40307374106343 16.62088433221551 0
6217 8.426519279619008 4.757598325643531 0
6218 8.257226628966968 4.484139630175977 0
6219 2.508904135455251 17.09690296319848 0
6220 2.159905507300784 16.90935771172798 0
6221 7.200543252292688 2.337629295140759 0
6222 16.08340576863136 19.54402855082524 0
6223 15.82194177217042 19.57909104596045 0
6224 15.90482876353402 19.32850486258353 0
6225 18.21273019429234 16.98215411206492 0
6226 18.02482181556374 17.20494979093972 0
6227 17.89728419846969 16.98363784810957 0
6228 18.49092201515075 16.90266040905997 0
6229 15.74487036974641 19.81126261113948 0
6230 15.56629336464907 19.59573892289777 0
6231 16.27716761372335 19.73469917108515 0
6232 20.3623663438616 22.07424489817267 0
6233 20.61942245473126 22.09486456234752 0
6234 14.7325419346477 3.97276160637413 0
6235 15.03539355218201 4.033099416399194 0
6236 9.889621378021619 22.01762075090882 0
6237 9.803629841409521 21.75016493188857 0
6238 7.299658874570927 18.4894454918558 0
6239 7.402245601751542 18.30585681507814 0
6240 7.226318477128819 18.75532444050408 0
6241 23.15926708647496 12.04975179613808 0
6242 22.95420719946084 11.89155817232381 0
6243 23.24715748780868 11.74172889822174 0
6244 23.24671638519225 11.42664409740138 0
6245 20.98185298930468 0.1704741532992476 0
6246 21.0074647260338 0.5302304538686236 0
6247 16.85301583001064 6.159025120036715 0
6248 16.68729905792211 6.416346914957174 0
6249 18.4223520972367 7.911482056616015 0
6250 18.54606401107189 8.107668051587051 0
6251 18.27972596204802 8.225047725111413 0
6252 18.10097893977154 8.407766447300094 0
6253 18.41386859800485 7.657181154841703 0
6254 10.44509963620962 20.33978785848705 0
6255 18.73332261485137 5.909045266003599 0
6256 17.38212093266503 5.13179225806309 0
6257 17.42516591876968 5.48671379836963 0
6258 17.2228558942064 5.326850461842152 0
6259 17.76404056292835 5.419544757492354 0
6260 17.75031826853409 5.081466838503491 0
6261 14.22543397609105 21.24387735939861 0
6262 14.64465623806349 20.34122781084659 0
6263 11.6966627031886 24.26529240525984 0
6264 11.57741298667098 24.48777357274595 0
6265 11.72682537691935 24.73426590684956 0
6266 11.38904914827771 24.75350766589639 0
6267 14.51519077741368 22.27359270897503 0
6268 14.85128905574267 22.37536563636817 0
6269 11.8077162551534 13.47311190359689 0
6270 11.74471300020958 13.8340141555104 0
6271 24.21512932493582 11.71394088259397 0
6272 24.23690713415505 12.06109641914897 0
6273 10.52088878583179 13.56467045923642 0
6274 10.43859300665759 13.82359745157489 0
6275 10.27994106514875 13.52721096286351 0
6276 24.47645221843803 11.53912772983031 0
6277 24.29561824344843 15.44829089862951 0
6278 24.52366634977647 15.56922598524857 0
6279 22.22713897791544 16.15316328372612 0
6280 22.36641137911191 15.94822974702582 0
6281 22.17930793094762 16.52259944747817 0
6282 14.25773432703843 22.06976480788442 0
6283 14.61270563554172 21.93026895970034 0
6284 14.92189241990224 21.89239376764587 0
6285 14.66443596952699 21.68856586655526 0
6286 10.46764101873915 14.09412691681437 0
6287 10.22669329805612 14.05666742044146 0
6288 14.72472939553994 1.204668495918729 0
6289 14.42026765024703 1.245446522728228 0
6290 14.52602481850458 1.011730205013331 0
6291 11.8996676570371 16.02004864084914 0
6292 11.62095455172677 15.91006517893152 0
6293 11.83110897814578 15.7022242845619 0
6294 14.3611946011943 1.560837672883218 0
6295 14.68783524045315 1.743137939030848 0
6296 14.43005761436505 1.86559079828044 0
6297 14.16249002415893 1.36789938197782 0
6298 18.00008007526477 20.3484115580795 0
6299 18.37039507971197 20.3885518898981 0
6300 18.40131650694014 19.97893452649642 0
6301 15.13140580979438 22.31428130074521 0
6302 15.18848881710718 22.01867879131108 0
6303 4.026850293581576 15.83781679208591 0
6304 4.116800222265185 15.5729518823795 0
6305 4.367799957337462 15.640482566502 0
6306 3.889649015634405 16.09299976776208 0
6307 15.24021915109244 21.776975698166 0
6308 11.39192930485126 16.09861638061977 0
6309 11.32337062595994 15.78079202433254 0
6310 17.01529159378372 21.78029795298548 0
6311 15.50293195619182 21.60160930297442 0
6312 15.82491539450317 21.42090939769901 0
6313 18.79150424956837 16.90454198299853 0
6314 18.96708577118436 16.67798239779764 0
6315 17.33738573186778 7.196071647394407 0
6316 17.33005615564632 6.903744879812239 0
6317 17.52677475182902 7.086547631255902 0
6318 13.62891800306701 16.40824244614954 0
6319 13.64565910681256 16.1332458567777 0
6320 13.89551036632171 16.34594377212341 0
6321 17.28495834790809 6.611355941303392 0
6322 17.17234846141059 7.406976989236583 0
6323 15.23633555898688 21.47532427930921 0
6324 0.9044269357198522 11.85144984247187 0
6325 1.209073872100416 11.91822877799902 0
6326 1.009517201722384 12.18396684891273 0
6327 17.63707516650704 17.98725203469537 0
6328 17.52543254604401 18.25058823373267 0
6329 17.35225340451088 18.03535379916741 0
6330 0.2446427096848915 14.56994772325502 0
6331 0.464882638592777 14.66789718778649 0
6332 0.7234839774378334 14.85525672006061 0
6333 0.7478867582148394 14.60184957340696 0
6334 17.78226859893025 18.4940453066141 0
6335 17.49744683693409 18.54214707108614 0
6336 24.47807768404009 12.67173813857591 0
6337 24.78400809707659 12.614663140288 0
6338 14.18300673628844 16.11125197553726 0
6339 14.16626563254289 16.3862485649091 0
6340 11.73763704339625 7.941602004370058 0
6341 12.04558180054325 7.978484707562631 0
6342 11.85274806162961 8.240872789783328 0
6343 24.78400809707659 12.2941503197757 0
6344 8.981752377084472 4.769931441020682 0
6345 8.708903096171554 4.76292424243423 0
6346 12.25934661356275 8.062258443495082 0
6347 15.31402877258629 24.2354596179025 0
6348 8.559720650966449 5.001854329355187 0
6349 16.13308059972121 6.627134275392821 0
6350 16.44913710608854 6.662776500845787 0
6351 16.25809111017416 6.885707965257311 0
6352 16.0401913269113 7.115078362201377 0
6353 16.35624783327864 7.150720587654342 0
6354 23.34977350936714 14.78915624972885 0
6355 22.9801808472644 14.72925999330859 0
6356 23.20174736387289 14.53703821971765 0
6357 22.70205579247409 14.75913834090012 0
6358 12.89109224333205 7.419167846399431 0
6359 12.60665918390345 7.462783971525024 0
6360 12.65311271743277 7.171711848775635 0
6361 6.655556644184911 15.22238184211716 0
6362 6.782465711748661 15.40567562113321 0
6363 6.595257225240769 15.55340947120779 0
6364 6.286626529218238 15.53148903093631 0
6365 6.134815395806589 15.37136817400316 0
6366 6.31653702426537 15.20999483525858 0
6367 6.413535596781989 15.71478280995237 0
6368 6.503745510773261 15.062260985184 0
6369 12.60131955907581 7.778500681581542 0
6370 8.287034704003093 3.3207339931715 0
6371 8.436179287290024 3.556876647355886 0
6372 8.299865874297799 3.815110069895246 0
6373 7.996891391501498 3.706877014056878 0
6374 8.538215118153886 3.817163242617755 0
6375 0.706691630857107 14.30083270293517 0
6376 0.5265567149428927 14.09510476562556 0
6377 0.2446427096848915 14.24886664217358 0
6378 21.63845599511983 9.044537536299904 0
6379 21.7327475071362 8.652982859238797 0
6380 21.32983807857721 8.58860844141633 0
6381 4.693580105608 18.41788732528287 0
6382 4.749649416917622 18.03191341877856 0
6383 4.858453290404846 17.73591779318116 0
6384 6.812075909199685 20.16402937213267 0
6385 6.653195370115394 19.78688860262404 0
6386 10.68807069274424 19.21514636184001 0
6387 10.38293706762843 19.06094488174799 0
6388 10.68750333246523 18.92020242327266 0
6389 3.522887534913316 10.56578580040449 0
6390 3.294664643552996 10.58396064599897 0
6391 3.321636322918139 10.27960479311169 0
6392 3.747882005724863 10.62764638367221 0
6393 10.62262929277617 18.66353151736678 0
6394 10.92776291789198 18.81773299745881 0
6395 0.2117910460266766 20.66131093317451 0
6396 0.2117910460266766 20.98239201425595 0
6397 0.5975025221052533 21.01476499178799 0
6398 0.7064872840548659 20.74671377844097 0
6399 15.63939112407216 19.14559419390775 0
6400 15.9008551205331 19.11053169877254 0
6401 15.41978254062583 19.3919013268105 0
6402 15.41580889762491 19.17392816299951 0
6403 22.38763152817205 14.85772058361948 0
6404 22.51773043746811 14.57572420601674 0
6405 22.23230208883227 14.35953490699196 0
6406 22.54672635313431 14.2609526642726 0
6407 19.34279698206672 17.76674467289889 0
6408 19.26008050837251 18.03359266135498 0
6409 19.57289505988176 18.18101794954542 0
6410 19.27707534324971 18.33698177962738 0
6411 20.61816305334143 10.21486596459206 0
6412 20.33560102466839 10.39589950504995 0
6413 20.28393088745854 10.10199664025826 0
6414 20.445803814805 10.76159893606834 0
6415 20.11157164892211 10.64872961173455 0
6416 5.14410220959187 16.50961517385996 0
6417 4.809026985817466 16.57767368830722 0
6418 4.888594831072171 16.29289037734839 0
6419 5.036598315940529 16.03144400965759 0
6420 10.83569552131317 22.56365107015542 0
6421 10.51857345466577 22.57359277586905 0
6422 10.64809203545021 22.78455195599211 0
6423 21.17185973064431 17.60870374588857 0
6424 21.38383656656912 17.83985601350432 0
6425 21.71244816135713 17.44213764805431 0
6426 21.36436479476748 17.29942414134009 0
6427 10.05214602093273 19.20943505424536 0
6428 10.05157866065372 18.91449111567802 0
6429 10.12352216493392 18.56623687616768 0
6430 7.255684984642372 18.04447100500231 0
6431 7.685761060923491 11.6038618973825 0
6432 7.433960802774301 11.73431993452716 0
6433 7.38030531046789 11.41852641636214 0
6434 7.071081733236539 17.81329463133637 0
6435 17.48025397001081 16.34704042755786 0
6436 23.70564314123436 12.38697868428744 0
6437 23.4388398204483 12.20343015945129 0
6438 8.846786791484259 5.849368652484429 0
6439 8.732923935561562 6.052126813328156 0
6440 7.197168250589461 11.27716966038191 0
6441 7.448968508738651 11.14671162323726 0
6442 8.998892302803888 20.29148640479342 0
6443 9.099064585297757 20.48675244781037 0
6444 8.708027005989759 20.07683998252328 0
6445 5.018088298824003 13.16724159584994 0
6446 5.287957887965375 13.10221048474528 0
6447 5.250524327939825 13.41225008709805 0
6448 9.013935943844849 20.03072594702021 0
6449 5.393014927905633 12.80132991159834 0
6450 5.625450957021455 13.04633840284645 0
6451 13.48034824576367 23.49426112543114 0
6452 13.35780852721874 23.2330377615358 0
6453 13.33364110221501 23.00009867823169 0
6454 13.23172192466655 23.45197799384885 0
6455 23.14588953210045 12.35325943355335 0
6456 5.202424926360775 13.66026379163681 0
6457 5.472294515502146 13.59523268053215 0
6458 7.383001680855079 20.72482576446799 0
6459 7.754315062831202 20.63836231562464 0
6460 7.582188866496882 20.90654422164165 0
6461 7.841123455920322 20.34487268851336 0
6462 5.723148486972858 13.6132290958014 0
6463 5.675049085393807 13.86124280034016 0
6464 22.47690471220973 15.27847157552616 0
6465 22.67544785151702 15.4946532500787 0
6466 13.19576180395617 19.21900076624918 0
6467 12.92318739290853 18.93631135588004 0
6468 22.55135287247346 15.74891784421462 0
6469 22.84494818274905 15.72776266174384 0
6470 8.623125854652729 17.69191105601261 0
6471 8.406128590767768 17.41518083167185 0
6472 8.69771316839082 17.35105332307496 0
6473 9.078662697090849 17.33171207901564 0
6474 12.62565505128822 19.23259444006002 0
6475 12.62761211406375 18.82144869023764 0
6476 13.51775498792087 22.57529926408657 0
6477 13.27539471679481 22.71755652954904 0
6478 13.23504970640727 22.48341306712575 0
6479 8.470121724774337 5.259553394786278 0
6480 6.590126997203305 11.37600402469512 0
6481 6.966679832863953 11.32183512883976 0
6482 6.751952216658053 11.60315334936215 0
6483 13.22550202414237 22.17163565297995 0
6484 12.98314175301631 22.31389291844241 0
6485 7.035343031134714 11.05002033571488 0
6486 13.3653560643077 8.404852320156323 0
6487 13.5982457949364 8.160317407562083 0
6488 13.35596106892369 7.854646150047824 0
6489 13.68749370443311 7.894357888802292 0
6490 8.249957510609541 13.51815458704432 0
6491 7.897911033599007 13.56041674821972 0
6492 8.063787683531507 13.22960157554775 0
6493 9.591494355932801 23.18726721271761 0
6494 9.314813142312719 23.10034811917524 0
6495 10.17529081442034 14.63563009550154 0
6496 9.808427744430748 14.74374287481596 0
6497 9.888878240148088 14.43530966499535 0
6498 7.808082240071426 13.84772063847716 0
6499 9.519797771548664 22.96000318807618 0
6500 19.29392710773244 8.504000488411373 0
6501 5.787531251658416 19.01375669309644 0
6502 10.52655188542262 23.33814039392235 0
6503 8.73973804500238 21.16401329918526 0
6504 8.781068640313173 21.41394918556541 0
6505 8.788340737601118 21.67522987482863 0
6506 17.46797165770547 20.79422187646605 0
6507 17.58527731364521 20.55941994538831 0
6508 17.18270362205476 20.82018086220914 0
6509 7.968063850835454 3.36874758470089 0
6510 13.0647306725841 18.18243613939192 0
6511 12.78562387474858 18.1952285365211 0
6512 12.92521009164861 17.85249906985536 0
6513 17.19315845137991 21.51661551167961 0
6514 12.55082192376742 18.32442369635891 0
6515 12.41130134283193 17.99448662682235 0
6516 11.11619689223396 1.760609832447244 0
6517 12.64338788414948 16.82747187227216 0
6518 12.84965635276557 17.01507821296443 0
6519 12.57237783808064 17.15360881170606 0
6520 10.46932259299051 2.566833393705433 0
6521 20.64570623337983 15.90068977591393 0
6522 20.34644687515643 16.05584249538682 0
6523 15.13726687739062 5.035049397235841 0
6524 14.86451054103971 4.979562904694667 0
6525 15.4427225239307 5.019500217500998 0
6526 15.71044012201287 4.873953471115854 0
6527 12.4392083778155 17.40207332561173 0
6528 10.071192108793 8.672659992552688 0
6529 10.34664696602904 8.605677958691526 0
6530 10.34156671754674 8.869171647817424 0
6531 18.28254046971259 8.584883815065858 0
6532 18.51294631505295 8.747732107399987 0
6533 17.98008153360093 8.571416542283504 0
6534 10.65469920511065 9.056957743047427 0
6535 10.37924434787461 9.123939776908589 0
6536 3.439668180945469 15.06622052059018 0
6537 3.70278489042204 14.93224070392298 0
6538 3.666858209253203 15.22017556527971 0
6539 3.721009680145077 14.60320768883734 0
6540 9.670945602611827 9.732060816688946 0
6541 9.890980762525151 9.526743496791656 0
6542 9.965173214833168 9.827447263200341 0
6543 10.26692153390515 9.903135008699167 0
6544 0.4652127121214917 20.50932746861298 0
6545 8.130601991098672 14.17352111794893 0
6546 7.915290500821973 14.44010373544874 0
6547 7.868769370400343 14.1155523772161 0
6548 9.276243670162177 3.282324308066163 0
6549 9.528983792461515 3.299988968899798 0
6550 9.615434540460932 3.011221226432914 0
6551 9.78010007159866 3.265773718350033 0
6552 7.592770749794727 14.11430325597698 0
6553 14.38348015958854 11.40180408020367 0
6554 14.75613651562245 11.55066943120209 0
6555 16.95681391439461 20.85731055399475 0
6556 14.10496999189095 11.16615808742232 0
6557 14.38557249049314 10.96168535646425 0
6558 16.68781464308924 20.80154650592002 0
6559 16.44486650296493 20.65629168950291 0
6560 9.36208115992369 13.45212165017716 0
6561 9.317661343824772 13.13717062717215 0
6562 6.819043839461626 13.65782790215333 0
6563 7.108122903351196 13.90631081941284 0
6564 15.80533080687172 18.66038648635698 0
6565 15.9840877815788 18.86953813496519 0
6566 7.318848681898512 14.06875531682164 0
6567 15.4394407926535 18.62687653575254 0
6568 10.32322379336774 15.22188147874801 0
6569 10.22292217794243 15.47055443056665 0
6570 9.994538703277684 15.19273625714079 0
6571 10.30847314389111 15.75000449630292 0
6572 9.979788053801059 15.72085927469569 0
6573 15.75337049268144 9.500196988371989 0
6574 15.60154166168099 9.256766696539056 0
6575 15.92937034150589 9.351447205835687 0
6576 20.63153258605499 7.181819323865508 0
6577 20.59991450122847 6.805999202411963 0
6578 16.06793957075931 9.11564680632317 0
6579 16.21976840175976 9.359077098156105 0
6580 9.390771932792607 15.7222058526333 0
6581 9.604889368251207 15.46337569132759 0
6582 9.680119652393767 15.70023937026514 0
6583 8.997661394880472 13.13964745851609 0
6584 9.263190162515894 12.92074069069713 0
6585 9.765670618342458 15.9796894360014 0
6586 12.36939401357371 19.44399723945593 0
6587 12.15014740747657 19.60846097786715 0
6588 12.11083316634629 19.28219551282884 0
6589 12.14325888067004 19.90155396485595 0
6590 11.88469803344261 19.73975223822886 0
6591 6.166126341407232 14.17804355743245 0
6592 6.226679336708295 13.83665624874782 0
6593 5.77310448061632 14.17638501548456 0
6594 11.48880954972604 17.52791988655125 0
6595 11.22565884145696 17.71672914662227 0
6596 11.14996884251712 17.40486861599027 0
6597 6.443709786957745 18.26061251141194 0
6598 6.354865806324646 18.48392308673849 0
6599 6.5038642775261 17.97104942716134 0
6600 23.21202779455385 15.75876741680278 0
6601 12.24282640761832 18.87546209023937 0
6602 12.54035874923864 18.57917900605939 0
6603 23.5978178228651 10.55959614159252 0
6604 23.44793299846862 10.36384645603473 0
6605 24.13800511270165 10.76673485427671 0
6606 23.87034018000418 10.72561805872521 0
6607 12.16603621732198 18.37843709636064 0
6608 11.33543648764179 19.0290287270867 0
6609 11.56669965996819 19.26186841721625 0
6610 11.22390012990743 19.30724359349423 0
6611 23.62775567870806 10.81206889345039 0
6612 11.18234502540044 19.60400421799195 0
6613 10.95108185307404 19.3711645278624 0
6614 11.87049947025833 17.98173110192171 0
6615 11.83213499880008 17.65135595800419 0
6616 12.13813492039252 17.79330664274265 0
6617 15.42030235468848 22.94100197441372 0
6618 15.27113360633051 22.70738755139789 0
6619 15.11253277962007 22.55555007632243 0
6620 17.44893777141297 11.80183970594897 0
6621 17.45019863987842 11.57127724601096 0
6622 17.83353568545636 11.72272763537518 0
6623 13.06409082412474 3.037742444993256 0
6624 13.38182587772411 3.123364025484228 0
6625 13.15143703814827 3.241065622391188 0
6626 17.30370312878105 11.31671177791418 0
6627 17.68830104282445 11.23759970734039 0
6628 13.51753551920778 2.824821603624491 0
6629 13.18198695663135 2.71325544839027 0
6630 21.72075057790392 17.78910368389774 0
6631 13.60488173323131 3.028144781022423 0
6632 12.9515981170555 2.830957045297231 0
6633 18.06612925178663 14.65316675336978 0
6634 18.32678188538434 14.43637032316138 0
6635 18.35850701214029 14.78286305953422 0
6636 21.26742946600195 7.846545839027806 0
6637 21.11366708350796 8.085936289733173 0
6638 18.72254316368356 14.80929086965608 0
6639 18.46189053008586 15.02608729986448 0
6640 16.49897694716314 8.850164976308978 0
6641 16.11340131679615 8.824101957781352 0
6642 14.27688162316801 4.862154379069074 0
6643 13.99812511820821 4.978484506392205 0
6644 22.19691104787988 15.71512033536068 0
6645 22.16182711287487 15.34746849285679 0
6646 22.25687928384317 15.11013163583348 0
6647 6.176583687320461 9.938158391928958 0
6648 5.903632274044595 9.863862303966243 0
6649 4.84595751112929 7.156471809309872 0
6650 4.838895366398293 7.478284469052657 0
6651 5.602462740961469 9.758308316653752 0
6652 5.706653764783552 10.06178044301692 0
6653 8.773622026618233 3.804770135510744 0
6654 9.030442300545461 3.78491129504637 0
6655 16.92823790488042 19.27659170167601 0
6656 16.87808294612727 19.52793453889635 0
6657 16.80917713417637 18.98114546364734 0
6658 16.64849299137693 18.80082411680042 0
6659 5.156087213030452 7.09644420070693 0
6660 20.85067568852743 15.29187662506042 0
6661 21.07616870812176 15.06246578211303 0
6662 21.07345569186893 15.32915501463926 0
6663 14.49279368455014 13.64107458387602 0
6664 14.61138803977374 13.36540378066148 0
6665 14.7431658658275 13.58523975163866 0
6666 6.546670531325154 18.64149416857973 0
6667 14.49245041343848 4.618228748867324 0
6668 14.72662472153427 14.08157296087645 0
6669 14.93415526128919 13.85024843669738 0
6670 15.03620847221955 14.07091084272063 0
6671 15.05274961651279 13.57457763348284 0
6672 13.3275902867595 1.320265672083097 0
6673 13.15309000470625 1.554516355241495 0
6674 11.66648640443495 19.78646425442072 0
6675 11.67337493124149 19.49337126743193 0
6676 9.725963344439293 20.86754507299556 0
6677 9.756215096286411 20.58248370265526 0
6678 11.78491128897585 19.21515640102439 0
6679 12.00415789507299 19.05069266261317 0
6680 14.54315777499572 4.945099067295537 0
6681 10.41100355105786 14.88163468517313 0
6682 10.63938702572259 15.15945285859899 0
6683 13.39749409215149 5.995195653265018 0
6684 13.67026423518758 5.823325253353467 0
6685 13.33572859048028 6.313862852619472 0
6686 10.84362258148159 15.36106760773062 0
6687 10.93140233917171 15.02082081415574 0
6688 14.08144176105197 22.71187735203011 0
6689 14.29604769936195 23.06593883702512 0
6690 14.41049895643491 8.782537209771661 0
6691 14.72858605120138 8.863380838855079 0
6692 14.51340338563361 9.129790144718271 0
6693 13.8591597336094 22.61126564183449 0
6694 14.962831150976 8.679098934430062 0
6695 15.06573558017471 9.026351869376672 0
6696 6.858544962156286 8.425816886178715 0
6697 6.666147401707824 8.612881869192163 0
6698 6.479278547728588 8.42434580666027 0
6699 6.668369731432296 12.27489213782373 0
6700 6.34989432266361 12.00792344703318 0
6701 6.693874789766092 11.92429093600806 0
6702 23.67115212983313 1.901300146840959 0
6703 6.003125414201483 11.82807325431006 0
6704 12.37293687137369 17.66411148290484 0
6705 12.71237480025491 17.60325330969143 0
6706 12.99148159809042 17.59046091256225 0
6707 10.81687470964652 1.314399260471056 0
6708 11.02859510477574 1.317842401878003 0
6709 0.1967922519615508 11.34027050098575 0
6710 0.4567796541570647 11.3874736786757 0
6711 0.7186926276871948 11.36140460298907 0
6712 7.080533452752288 8.278938903864915 0
6713 6.23243895970419 8.238189129130419 0
6714 14.54839288945944 2.94257195084402 0
6715 14.89189461192632 2.953090710862215 0
6716 8.10062498887959 6.859586222364214 0
6717 8.222256648090113 7.1096222513571 0
6718 8.312555929163498 7.371529779710445 0
6719 8.188149304519325 7.618491298946887 0
6720 8.461851034487466 7.238225583515771 0
6721 21.34202754260649 15.39718664207311 0
6722 7.252598782763108 17.56958639362694 0
6723 7.434049575995033 17.34473019339155 0
6724 11.61347217800095 14.81409048850301 0
6725 11.5044268874234 15.12153408344254 0
6726 11.24468318550826 14.91499196834783 0
6727 16.9000241943084 11.2607296962356 0
6728 6.935931563973877 17.58106486923749 0
6729 5.745895656290691 9.25262168031891 0
6730 5.529896778727473 9.440430772344314 0
6731 17.17839240288623 4.398079093055713 0
6732 17.04824582555212 4.714716816303373 0
6733 16.84608264635892 4.876212068676394 0
6734 14.3786497759775 3.224686871418814 0
6735 9.936904954077303 3.528157598841445 0
6736 10.03793381686322 3.763273817412086 0
6737 23.15258027911063 10.86922898741443 0
6738 23.40328424557946 10.9578999483565 0
6739 23.20063120312111 11.18108195945323 0
6740 6.877897305452485 16.95109050608893 0
6741 6.861154189964447 16.57634657687853 0
6742 24.76713180307251 13.99989328475135 0
6743 24.76713180307251 13.67938046423905 0
6744 24.24960505683574 13.83792164093532 0
6745 24.40891850073577 14.10854121435403 0
6746 24.1242599514265 14.04924038830404 0
6747 1.817798517475618 13.64411267321982 0
6748 2.032015224239666 13.44950050067654 0
6749 2.11898664029582 13.75462670318485 0
6750 9.628908352327826 18.18495963314386 0
6751 9.72476802889733 17.85182222480816 0
6752 9.960534299087923 18.03333540081902 0
6753 5.33291826946643 9.638348911394992 0
6754 8.302089444417682 19.45260380567293 0
6755 8.628964151714339 19.55661750169217 0
6756 8.875690424186537 19.51136002005608 0
6757 2.259206032067871 13.25968139385141 0
6758 17.80542384281908 20.05081727919497 0
6759 18.03457193374486 19.813974076446 0
6760 10.64080435642263 3.754560950132094 0
6761 10.97458943541173 3.827813060452742 0
6762 17.61182939749262 13.54216379430813 0
6763 17.89669063019765 13.4231930084724 0
6764 17.83990996649372 13.07568908292342 0
6765 18.16109475451058 13.24839927368491 0
6766 18.0692546666861 15.63001370981222 0
6767 18.30365710154513 15.84369919530659 0
6768 17.96927766406161 15.96741915334427 0
6769 17.68444459553528 20.28459269524265 0
6770 18.43379853296983 16.07475521655501 0
6771 8.612916923414506 14.76980353056832 0
6772 8.924158348284706 14.76950195901038 0
6773 12.29489926407211 20.70201025022654 0
6774 12.64473725792977 20.70393680507376 0
6775 12.45856379120482 20.99277141707158 0
6776 13.05590661359088 23.67694441958518 0
6777 15.71268839672759 12.23123243603199 0
6778 22.86440034071729 24.22168351486679 0
6779 18.67492401512693 11.97600439191115 0
6780 19.03385646774659 12.09700826438457 0
6781 18.77277078573531 12.37639234713019 0
6782 12.91609975005091 23.90635018146628 0
6783 8.550758035918999 17.99052441902143 0
6784 22.07255392883719 14.9267175009501 0
6785 21.91608364251213 14.59467320592089 0
6786 15.7235875654323 21.07569640008116 0
6787 16.04945459584922 21.19664791366255 0
6788 21.94507955817832 14.27990166417674 0
6789 12.59928356260139 16.55811767000364 0
6790 23.15401432523641 24.21309599551127 0
6791 7.951193509737585 21.15240208960327 0
6792 13.01601047169505 21.21520023792404 0
6793 12.89808092401219 21.48194532506746 0
6794 12.69047223737962 21.26144305906224 0
6795 13.78240225909339 7.515940653440069 0
6796 14.0246869851061 7.82161191095433 0
6797 16.90140533413043 5.177036150318827 0
6798 13.49239040189257 7.268175882337797 0
6799 4.420532460507779 12.63381192380823 0
6800 4.130782071329831 12.39414486051237 0
6801 4.321562835305803 12.09141830610655 0
6802 4.651776607417859 12.33795872304594 0
6803 4.095518943711712 12.12852425598519 0
6804 13.09860661453951 21.71890900411294 0
6805 12.77306838022408 21.76515182525115 0
6806 12.30808640704394 14.18117540277931 0
6807 12.56282473148967 14.38272421453668 0
6808 12.29653618886354 14.53500429536623 0
6809 12.59176309335299 23.87218941142188 0
6810 12.3211824714225 23.83598401746377 0
6811 14.71172028341257 17.31740340217767 0
6812 14.89414931123693 17.04119448804375 0
6813 13.81339237952371 13.910621075898 0
6814 13.73006200440514 13.69432524786169 0
6815 13.98678277034962 13.71678707276137 0
6816 12.75031125943362 24.13785211146198 0
6817 6.249136949586894 7.58575410935495 0
6818 14.21556450198229 13.67716075684826 0
6819 14.34734232803605 13.89699672782544 0
6820 7.156013039987871 7.681920010716063 0
6821 13.13970589502307 17.28007950306468 0
6822 13.35254118641678 17.52932526322861 0
6823 23.85616116504684 13.96322370568371 0
6824 23.5228206272552 14.06885735637693 0
6825 23.63160596973483 13.88425446557855 0
6826 13.21071594109192 16.95394256363078 0
6827 23.65935792427142 14.37238053631 0
6828 24.01547460894687 14.23384327910242 0
6829 23.43480272895942 14.29341129620484 0
6830 19.21383237629603 13.17760323033454 0
6831 18.97127301677811 12.84989616374074 0
6832 19.37426259787287 12.82510328619741 0
6833 23.07752454918096 9.429268489164031 0
6834 23.37791131083055 9.248283898408422 0
6835 4.715483105001717 12.61473173622043 0
6836 6.377106958636478 10.49453140745089 0
6837 6.627268592434847 10.63088372744116 0
6838 11.7356607787931 22.80714676768894 0
6839 11.66974785632721 22.450289106338 0
6840 11.87751646028976 22.60325994847893 0
6841 14.13223412686371 13.46086492881195 0
6842 18.51435910670789 13.39914965355588 0
6843 18.77449455014198 13.58006049250641 0
6844 11.63203348842774 23.04609124058519 0
6845 18.45757844300395 13.0516457280069 0
6846 10.95866896017375 0.2919656118216465 0
6847 11.27975004125328 0.2919656118216465 0
6848 11.51776443953855 0.3731499146037776 0
6849 7.895206484900182 10.04960219497411 0
6850 7.754791428960766 9.703541275155199 0
6851 11.39119259012204 10.25238085158152 0
6852 11.1105416664118 10.02317398815391 0
6853 10.95697104315824 9.506777841491402 0
6854 11.04639238264222 9.150471384734924 0
6855 11.50855844344321 22.24804015220565 0
6856 9.409494980263702 7.66399395246833 0
6857 9.354519249688185 7.950773352510307 0
6858 9.084250098579691 7.801301297282077 0
6859 8.845688072358032 7.507327504554608 0
6860 8.761711833286542 7.211997840623679 0
6861 9.05524959008372 7.219192233309171 0
6862 9.831432505307255 9.183755365979426 0
6863 10.1256601175286 9.279141812490819 0
6864 13.86478560772217 1.912048567235421 0
6865 10.43879260509251 9.466927907720823 0
6866 15.79683415895453 9.773726186678656 0
6867 13.77275059991482 15.83329817187395 0
6868 13.87372440599924 15.60734092621495 0
6869 14.01322527615168 15.84498993709257 0
6870 15.80990483962447 10.10898706712065 0
6871 16.09426985317629 9.930138378110613 0
6872 15.77765897361948 13.15224963818664 0
6873 15.68311889480052 12.8174465703761 0
6874 16.01044807760136 12.87893573237444 0
6875 7.846067978212159 6.417137501478882 0
6876 7.533056401785472 6.516962106450803 0
6877 8.790712341782513 7.794106904596585 0
6878 8.130686779113891 6.607334072109617 0
6879 6.250048190132119 10.18466580640554 0
6880 6.134882066371036 10.47720003137476 0
6881 14.28398054237286 15.88529472987825 0
6882 9.762182990458548 22.74791551966807 0
6883 8.271520386062257 15.3440514091608 0
6884 8.433581164291997 15.54898122412633 0
6885 8.671412552213155 6.950090312270334 0
6886 8.401613543648384 6.724065904907828 0
6887 13.50615823666012 15.89559684590008 0
6888 14.13283819605277 1.968241357844008 0
6889 13.89420682866875 2.196999392946619 0
6890 17.7799845976223 10.71065210357286 0
6891 18.17911779404058 10.79592285764007 0
6892 17.94093872814536 11.06830499331082 0
6893 8.343799280177958 14.32206286572895 0
6894 8.654891777957349 14.33645062124596 0
6895 8.488215619299694 14.51246023169858 0
6896 13.95142539585717 2.491397271358946 0
6897 13.19137737764088 7.358391177469037 0
6898 8.95500437362622 14.23773636626287 0
6899 3.752108904474107 14.39479403561972 0
6900 3.506694086443336 14.56987200601583 0
6901 9.295976392542364 4.789507684996711 0
6902 3.314045438083135 14.36396281643811 0
6903 3.563965610898034 14.09701411211226 0
6904 22.99601241872342 11.33797313645931 0
6905 22.80198008619826 11.55193060030645 0
6906 22.71408968486454 11.85995349822278 0
6907 3.282946213754105 14.57237646965573 0
6908 22.75589490412712 11.30636846235829 0
6909 24.20779469400696 13.35685554487257 0
6910 24.18416722499467 13.61452919712543 0
6911 24.20017030973904 13.09896816371183 0
6912 24.06784189642703 12.90285356641507 0
6913 24.39576355819494 13.19255019820479 0
6914 3.778281204599774 14.13034979493377 0
6915 8.301824425635115 14.75541577505132 0
6916 13.19657811009357 19.79051906122451 0
6917 13.00616624321205 19.67853447798721 0
6918 13.11164219701452 19.45944168893972 0
6919 4.845414232446911 8.081817102171152 0
6920 4.567449704821101 9.552582416817774 0
6921 4.580330928984123 9.825727138443902 0
6922 4.756700217016539 9.345114214580994 0
6923 0.8119792052444562 11.59735636075191 0
6924 13.38617367083769 19.33098534948648 0
6925 13.55798107820422 19.64104556079797 0
6926 14.77699082265742 16.31406734518787 0
6927 14.76066896014761 16.00875697276689 0
6928 15.08389778029541 16.17126754963182 0
6929 14.9367969680296 1.4550563440016 0
6930 15.38750179312792 16.56333088842861 0
6931 15.38937628355088 16.29537317882388 0
6932 8.14847443187479 8.708040876450099 0
6933 8.290466862461846 9.011260344001307 0
6934 7.526454035120882 20.16712777802739 0
6935 8.71963283557894 9.057643086952488 0
6936 8.974971085080275 8.72035166977189 0
6937 7.300268125733142 20.35067136245888 0
6938 13.45250512440175 19.86013834984547 0
6939 16.420894098314 10.56823466721953 0
6940 16.35336672342857 10.90363504166303 0
6941 11.91173930953919 18.52446085921128 0
6942 11.92220248406797 18.2697055495108 0
6943 9.61461935397811 12.64361001446033 0
6944 9.34141973795829 12.70244367757202 0
6945 9.372848980476206 12.42778983267915 0
6946 11.99902319558467 12.30929055951004 0
6947 11.85313507707258 12.08051892384834 0
6948 11.71708799850263 11.70217793093191 0
6949 11.77637262402231 11.42467876359129 0
6950 11.51643068633881 11.97825756050104 0
6951 3.355211214452089 8.939429145161416 0
6952 11.91690453024787 18.80842297843492 0
6953 11.67307079699386 18.69969143158508 0
6954 8.92689652264818 18.70058435880499 0
6955 11.07775108072441 5.14714445697112 0
6956 11.29826610035539 5.042413249607948 0
6957 11.61350073211613 4.96625127034524 0
6958 8.996389748778206 18.42425889775126 0
6959 11.43717110023579 4.79414155060553 0
6960 11.9915189816861 15.41642017503861 0
6961 12.2379643722864 15.19086441365708 0
6962 11.86087033322444 12.90878427651176 0
6963 11.82982291471583 13.12045761879772 0
6964 11.58228554750799 13.08389618546664 0
6965 10.71873741144557 13.05756601718353 0
6966 17.16440586247651 17.80309081436425 0
6967 7.020657275044032 6.482428141585139 0
6968 6.729084412306969 6.472057752811867 0
6969 6.944841716488783 6.28069943456233 0
6970 7.228508069968565 6.600940057074968 0
6971 6.493566966143405 6.502047248005564 0
6972 1.049132451319154 12.87430656837236 0
6973 0.8756808817508195 13.12038761096782 0
6974 1.260599898967357 12.71224691286061 0
6975 19.88270344914392 10.83751744472783 0
6976 6.974189437512008 14.68284355422391 0
6977 7.386082988078537 14.61627735873829 0
6978 7.254658681259333 15.00808179655696 0
6979 6.624557378321373 14.77574794564903 0
6980 10.96009915639687 5.650592957305601 0
6981 10.49306015865715 5.841882759573437 0
6982 10.71494547107453 5.702299510102622 0
6983 9.480681829158684 12.16034964025136 0
6984 9.207482213138864 12.21918330336305 0
6985 23.86668431766098 12.56903194374721 0
6986 24.18698159516097 12.60084119437618 0
6987 22.62161983064704 9.197816802574867 0
6988 12.65425027128638 4.495399589007051 0
6989 12.69306173111204 4.110387515705153 0
6990 12.98199172400138 4.305635970343417 0
6991 22.37279948474094 9.359553791620563 0
6992 10.78841200765142 5.475691936871023 0
6993 14.86167617817577 12.99332506351872 0
6994 14.65983805155561 13.12271056649391 0
6995 15.94232791072663 6.422289269757137 0
6996 14.40946587027824 13.17854539873127 0
6997 14.16853716816442 13.20327987593908 0
6998 7.093315043453361 15.36562990142672 0
6999 3.296908485626481 12.96672408287614 0
7000 14.46423696469494 19.86729308329663 0
7001 14.18165275515913 19.63869311721157 0
7002 10.01366072976273 1.109656055050681 0
7003 10.10322606418 0.8182453480404459 0
7004 10.66630731106582 18.36812941903685 0
7005 10.7952329225184 18.18958008119397 0
7006 11.00377911767806 17.89882064596422 0
7007 10.67827193908838 17.88443731129103 0
7008 14.64894175076924 5.223488534896418 0
7009 12.94834486784676 15.83221413409534 0
7010 13.25329909658515 15.92218884983514 0
7011 13.3803905896874 15.6222411649314 0
7012 15.09407610391943 8.029677124765769 0
7013 14.96358825608276 8.397774086658584 0
7014 14.75616946983935 8.148030942015655 0
7015 16.24204083448384 20.92180781383205 0
7016 16.15095243525944 20.58591879171557 0
7017 11.19987075898443 11.90883307648311 0
7018 10.77852327694072 11.96093350685655 0
7019 10.95903612572516 11.65201699795805 0
7020 10.42233856024618 12.09033040192962 0
7021 15.30073778505609 8.560745117180176 0
7022 10.33774878440815 16.9062347750512 0
7023 10.57708043138493 16.78454673792292 0
7024 10.62646168107473 17.07358467047083 0
7025 10.63697408417299 17.3944752918302 0
7026 10.87630573114978 17.27278725470192 0
7027 9.182275114070187 15.24874905225046 0
7028 9.033094467429727 15.45398043877394 0
7029 24.70169397123144 13.45598802042917 0
7030 5.971122426664275 11.04088245935193 0
7031 6.3186701079364 11.22219393881881 0
7032 6.02785169972528 11.47601076575063 0
7033 15.37305442104108 15.99006280640289 0
7034 5.655577732929357 11.64676177484318 0
7035 8.555076101694574 12.37878015642404 0
7036 8.822354328803423 12.28819034409078 0
7037 8.832371137347536 12.57721330812411 0
7038 24.46882577430394 13.67383002317542 0
7039 16.27934878489473 17.0504023054682 0
7040 16.05921625985093 16.84202905325844 0
7041 8.75414156190514 12.79551032124922 0
7042 9.02141978901399 12.70492050891596 0
7043 16.35449169596615 13.30532882762387 0
7044 16.45794891360111 13.54669477444777 0
7045 16.4468449477974 13.90860305153992 0
7046 16.23059272233285 14.11023469134695 0
7047 16.59289126970827 13.75882713215492 0
7048 11.81995447021641 23.238873003302 0
7049 12.07990986143247 23.26419715166991 0
7050 11.13945643941886 17.08397799463091 0
7051 17.0227225177417 14.6371065544729 0
7052 16.66146053710382 14.51008640248073 0
7053 16.94304928454243 14.24775556123924 0
7054 10.86733750287949 5.254021624705832 0
7055 10.62218381755715 5.305728177502854 0
7056 16.40963926618984 14.81318041993114 0
7057 16.32996603299058 14.42382942669748 0
7058 13.98748374744929 14.46384887065533 0
7059 14.16165060383447 14.7222544754112 0
7060 13.3116140818063 14.10662689098721 0
7061 13.62024876842162 14.20113891436975 0
7062 9.58436845083709 8.056662722154323 0
7063 9.259123569153079 8.19397006696807 0
7064 10.35660010594581 5.26739413295953 0
7065 9.444607906930173 8.535591529021696 0
7066 9.782622563788642 8.354512870019438 0
7067 9.738257700416831 8.590244962429047 0
7068 9.214758705781268 8.42970215937768 0
7069 0.9652929697021634 14.48819223520929 0
7070 9.466907963251222 15.25939387550632 0
7071 9.756255682852384 15.23742739313816 0
7072 10.87670237687202 19.98750646269264 0
7073 10.63211797734626 20.09325649362811 0
7074 10.23333960837889 20.12595657908998 0
7075 9.8565572982777 14.98875444131951 0
7076 5.255973216728743 10.79780635800787 0
7077 5.627596199190653 10.98912681423682 0
7078 5.308681035991245 11.10337883005479 0
7079 5.918414607401774 10.735309987305 0
7080 14.45785654111924 14.13724485921133 0
7081 13.75728327509622 11.70358002485503 0
7082 13.46936338441948 11.49390669244406 0
7083 13.8149577703096 11.39660347875076 0
7084 18.21424336358239 17.47599349015606 0
7085 17.89879736775974 17.47747722620071 0
7086 11.86164356534061 2.479883868219626 0
7087 12.1473085084186 2.39884529390566 0
7088 17.77605747037614 17.76026926277358 0
7089 17.5866359223575 17.48922556355724 0
7090 22.32471775398267 11.69492414322271 0
7091 22.47694486724524 12.03455171524008 0
7092 20.92776241519363 10.40022067722352 0
7093 21.06400623622032 10.64219532131868 0
7094 20.80607701157797 10.75074347347891 0
7095 5.985066354900978 7.529410470761634 0
7096 6.056206372359618 7.250197111529465 0
7097 9.990987133905648 14.16940978209924 0
7098 9.961939121824084 13.89888031685976 0
7099 13.40032579215437 20.26318521165366 0
7100 6.063000428104395 6.963809461579109 0
7101 19.57065800705615 15.86911472184741 0
7102 9.934837514816291 13.6671519302826 0
7103 9.699131350665819 13.77989429194038 0
7104 12.53801817569723 3.134064294160286 0
7105 12.58685211451953 3.413876433874274 0
7106 12.29116830566787 3.392496686134344 0
7107 11.04813105356412 13.14391015123567 0
7108 11.31323805378379 13.07120879579731 0
7109 10.6916304864415 13.35462810457719 0
7110 12.61666503810716 2.892368483115209 0
7111 11.34428547229239 12.85953545351134 0
7112 11.63290536546268 12.61441069829907 0
7113 20.58204763583169 11.0035735801635 0
7114 15.98169115049278 4.836675398534801 0
7115 11.21657426982648 7.727813343388934 0
7116 10.91322405808086 7.669789547170185 0
7117 17.26694832361536 17.55691412622279 0
7118 14.75702633076198 21.44653880839226 0
7119 14.44783954640146 21.48441400044673 0
7120 10.73056409475984 7.891774478688255 0
7121 11.00871475231435 8.89570325564376 0
7122 2.444243848619339 13.85232538834374 0
7123 10.73348023367119 8.583437462022594 0
7124 14.9397190111655 20.23240969208191 0
7125 14.67413928468602 20.05904666282436 0
7126 14.13284361485606 21.48590441756161 0
7127 4.141088279691052 14.07413935156883 0
7128 8.789486747303179 8.378730207718265 0
7129 15.78241495042937 7.276846676765182 0
7130 15.6842582273249 7.01183405436815 0
7131 20.34291174997767 12.58375042227408 0
7132 20.63348696471989 12.36799311451461 0
7133 15.75128191481225 6.64522073416866 0
7134 15.49350553833031 6.806989048732465 0
7135 11.60636140784917 2.318406912599566 0
7136 3.202065948337967 10.83754134494037 0
7137 3.193412296027133 11.12759671003584 0
7138 2.899562388816927 11.09499640168445 0
7139 5.495371993073366 16.300447882753 0
7140 5.374772441321239 15.98259645642078 0
7141 5.646474379548032 16.05821247627265 0
7142 5.187700702415194 15.78920860317724 0
7143 21.37457072234249 12.62794123523165 0
7144 21.74783834846491 11.72103842024082 0
7145 18.63804081085092 11.42509802827178 0
7146 18.70491834519248 11.08196645463418 0
7147 18.97533735387923 10.67748482461992 0
7148 19.21227120058313 10.50260916702611 0
7149 9.624124063916053 14.27752256141366 0
7150 9.316357900165924 14.24602359480996 0
7151 9.418466793923482 13.98012371191384 0
7152 9.39136518691569 13.74839532533668 0
7153 11.5833110710543 21.98219802833098 0
7154 12.34063424352196 21.25951650421501 0
7155 10.32617448274545 3.775909332376453 0
7156 10.18394771505332 4.037409412922566 0
7157 20.49994864749013 11.97751232338691 0
7158 5.781273692789229 6.850272544729361 0
7159 5.48339708519817 7.005901610191055 0
7160 15.2045676415042 14.94947500631482 0
7161 14.88040195074241 15.0072137128865 0
7162 6.052138343219923 6.620228533372321 0
7163 6.294027692946175 6.403612945382311 0
7164 9.117614592871352 4.035304478527141 0
7165 9.241956975151149 4.276340571003333 0
7166 14.83514835428103 15.34634541443533 0
7167 14.61667035208534 15.10785226739356 0
7168 13.1265045999089 9.250367208902336 0
7169 2.6967693602504 10.87902672504419 0
7170 2.514241108859546 10.66215667346512 0
7171 2.725687789736907 10.5880709850099 0
7172 9.468569306734645 17.73714105400609 0
7173 9.153926257206507 17.81561500227437 0
7174 9.229353481803919 17.54930959914745 0
7175 9.352402297874608 2.776449444780321 0
7176 9.146304631290075 3.038173898365174 0
7177 9.134388667840899 2.769186866162817 0
7178 15.67934409313129 20.78924670711937 0
7179 15.85955373920996 20.5858875505294 0
7180 21.42414583848748 11.20470830881503 0
7181 21.6497462989547 11.24786625771043 0
7182 21.19125437450658 10.91479012748124 0
7183 21.17521229658555 11.28263629890785 0
7184 23.1549365211315 10.34709762917743 0
7185 19.59324942348545 17.6021485619852 0
7186 19.86593165243517 17.88075672595004 0
7187 9.796182699610378 4.268397694818841 0
7188 9.529586006851009 4.266009998895336 0
7189 9.393305746618987 17.25323813074736 0
7190 9.409029318349805 4.52235206378748 0
7191 11.95750687216695 14.67704404360328 0
7192 11.6977631702518 14.47050192850858 0
7193 15.88574974445467 20.05747745960812 0
7194 15.63010133693332 20.07412533654545 0
7195 16.17714844050415 20.05750870079429 0
7196 16.45379727695973 19.99759313767729 0
7197 16.06237940769106 20.32037142620026 0
7198 10.02777088099919 4.232862648860635 0
7199 9.928246531438472 4.476486445721276 0
7200 11.34261982488698 18.0218719165252 0
7201 10.70411657786604 11.37928854797825 0
7202 9.933300119806105 4.759705633965249 0
7203 10.54852777717316 11.06779726705765 0
7204 10.38209984298857 11.39262614741089 0
7205 11.61620256247553 18.12775486477234 0
7206 11.59483189340617 2.06919949920485 0
7207 21.69758838527494 11.48669317740914 0
7208 13.69126681352682 5.122850316746185 0
7209 22.03732297317341 11.63517711740833 0
7210 11.06853632776489 24.75350766589639 0
7211 15.89274529736193 7.618507053549949 0
7212 16.84007436575848 8.260621789960826 0
7213 12.1865469833446 2.111829358994812 0
7214 12.0483716366753 1.838919094497327 0
7215 20.17992047466817 11.91464149444927 0
7216 20.40830587448062 11.66915086662473 0
7217 16.74982485024422 19.88092104169402 0
7218 20.15502607035869 11.31035454022001 0
7219 20.47505424318065 11.37322536915765 0
7220 19.90021421116898 11.16600381719869 0
7221 17.07409134619257 19.73407197262224 0
7222 5.904111180069771 7.808544044218801 0
7223 5.916542915210657 8.075881914487372 0
7224 5.642657163152173 8.019458490119053 0
7225 22.09636741793948 10.63586812505039 0
7226 22.15790770538091 13.70257443719447 0
7227 21.91239254421061 13.91318936610732 0
7228 12.92725258418797 3.538033969470868 0
7229 6.730351574807834 6.017496841732308 0
7230 6.45372958055449 6.171894743165806 0
7231 14.50833858702627 17.65187178300733 0
7232 14.32852019013604 17.29492645619766 0
7233 14.79457510206269 3.488181501598659 0
7234 14.91653889346441 3.259362171816392 0
7235 13.7507749322413 17.14743559569851 0
7236 13.68976737296279 16.91994210761314 0
7237 13.93977682185466 16.84843384958062 0
7238 15.13865567216893 3.0255775432611 0
7239 14.96401664261654 21.34250891893674 0
7240 5.791355838897415 10.42544438625966 0
7241 19.21077806580936 9.39830722328478 0
7242 5.490186305814289 10.31989039894717 0
7243 9.842105173869644 6.683005085010868 0
7244 7.380172672352288 9.668655466720717 0
7245 18.44953680272732 10.39144122762581 0
7246 18.19610292008959 10.09897165243918 0
7247 16.74494044917435 10.06823679845639 0
7248 17.03730055934967 10.08001078180728 0
7249 17.0324827053065 10.35872642151222 0
7250 17.98857040979481 9.720240240395139 0
7251 17.81063115322273 10.05953855585807 0
7252 13.93133319166281 22.13427522246086 0
7253 14.02884804979085 21.79095147318617 0
7254 9.584743229075412 7.529692508526752 0
7255 9.314474077966921 7.380220453298521 0
7256 13.80644247948044 21.55041483213805 0
7257 9.89139558598475 7.536847131618361 0
7258 12.19381407711751 22.73916023869916 0
7259 12.12790115465162 22.38230257734822 0
7260 15.39015106930838 20.01597948087921 0
7261 15.13014111708987 20.07713850887065 0
7262 16.73728512895648 10.60901125702389 0
7263 16.4237315644887 10.30617584835696 0
7264 12.31928466548874 13.83977480069547 0
7265 12.36953449618294 13.52048587627911 0
7266 12.05299612286261 13.99205488152501 0
7267 19.45746065372278 9.66320082485216 0
7268 22.52512920356827 13.77683443555407 0
7269 5.111567128962784 9.814748650376059 0
7270 5.039001166728788 9.496871106066621 0
7271 13.21161885959449 10.4864007098777 0
7272 9.452906705033591 2.180883201828049 0
7273 13.92386062636663 17.97775388914878 0
7274 14.31906085589767 17.98146453040923 0
7275 18.69837155764223 8.454304174030295 0
7276 10.59103302254314 2.866358205854683 0
7277 10.26423413874641 2.691026442181194 0
7278 10.80277090434847 3.100621064878089 0
7279 3.51684673883581 12.02568939823943 0
7280 3.841539774428808 12.19532384195829 0
7281 3.580045144142741 12.26161636667215 0
7282 4.032320538404781 11.89259728755247 0
7283 3.70149361732847 11.76345498318963 0
7284 3.955472786611374 11.69665539721653 0
7285 2.99858541923677 12.36033761846534 0
7286 2.852727516119419 12.02774233195838 0
7287 11.88044273267052 12.65097213163015 0
7288 12.08630104086985 13.297999994642 0
7289 3.439998987042403 11.82974750790349 0
7290 5.316862799753745 15.31539390751908 0
7291 5.55055268485583 15.47495943206776 0
7292 5.292184942693819 15.58079552539176 0
7293 20.17300943792186 14.37188475486854 0
7294 19.87106345036191 14.30447868185011 0
7295 4.715641058765613 10.69957399512982 0
7296 4.711471747594949 10.38441006363706 0
7297 4.932888742358672 10.59689444233307 0
7298 4.635865631465556 10.12995697134021 0
7299 4.594709683321074 10.88654634064139 0
7300 16.42854941853188 10.02746020865202 0
7301 19.28770334469213 18.59966937867294 0
7302 18.97488879318288 18.4522440904825 0
7303 17.28731839812718 7.661532362392676 0
7304 18.69991736223482 18.52588041558171 0
7305 19.17135232162501 10.23172333478634 0
7306 19.27923974144774 9.900312605044341 0
7307 14.18062735855139 14.17333103218357 0
7308 13.8769695343661 14.22360073926943 0
7309 22.68217513115431 12.5453333414228 0
7310 22.99998135394997 12.54640651631581 0
7311 22.12588211355219 12.81699240262549 0
7312 9.385455082994778 20.51892591532597 0
7313 1.235462491120871 14.6031725034266 0
7314 17.35282347033345 14.72958673207824 0
7315 17.07123472289484 14.99191757331973 0
7316 16.83495208928342 15.28170415659103 0
7317 16.62642815937608 15.48376567948084 0
7318 16.57017725516621 15.7635192833129 0
7319 16.53260984039574 15.10149891860421 0
7320 14.6500094033597 3.725565479109408 0
7321 14.5252121345188 3.424259316928255 0
7322 19.88644770256207 13.27741669714838 0
7323 20.01554110483423 13.04865412306396 0
7324 20.28516685000552 13.17326046742114 0
7325 19.68488606381956 13.5363930091747 0
7326 13.57671226086368 17.49022743482315 0
7327 13.42848796393104 17.80060884432072 0
7328 13.68762089868073 18.04381197859276 0
7329 13.88889876606384 17.69545292647129 0
7330 13.46344982423382 18.08290980699822 0
7331 13.81295198854958 17.42416934537917 0
7332 12.74990520549755 19.88993727738313 0
7333 12.6649692924185 19.55885990509833 0
7334 14.4719398283579 10.7098572594971 0
7335 14.75044999605548 10.94550325227845 0
7336 14.97417491026533 11.21589258453073 0
7337 12.81968545930851 11.33474958628575 0
7338 12.54224821829008 11.12570262627133 0
7339 9.030211446200884 19.73926880387643 0
7340 17.46397072920489 10.02565377433857 0
7341 17.67150323949967 10.40438518638262 0
7342 9.321076743015013 19.95391522614657 0
7343 1.971685235012543 11.53827649763931 0
7344 2.106001049162392 11.86626544157913 0
7345 5.840067721337606 15.45121009193799 0
7346 13.8932628902503 6.410906966419354 0
7347 13.58311396018874 6.558279660944624 0
7348 17.68611518067529 6.524891554820832 0
7349 17.76932144197908 6.8445643111763 0
7350 17.77665101820054 7.136891078758469 0
7351 15.06054224813009 10.96406448756358 0
7352 15.82300325654227 8.816472065460935 0
7353 15.53876109522739 8.975043439477204 0
7354 15.58422284126422 8.683498590935386 0
7355 14.45947883531163 2.150541623991638 0
7356 11.44608213545514 4.457264359935524 0
7357 14.29463368134821 2.475730372912869 0
7358 15.36276124640294 9.123793222013507 0
7359 17.6693576951055 14.34072486511417 0
7360 17.47623210899238 14.10431024206838 0
7361 6.830924755528544 17.2271026961651 0
7362 7.16442116342439 17.06134444145189 0
7363 10.16720018322357 18.27083477783775 0
7364 10.42604772563907 18.47059884485071 0
7365 10.26305985979307 17.93769736950205 0
7366 10.47160605495273 17.6469379342723 0
7367 7.481022125918974 17.06871800331538 0
7368 0.2172594666762953 12.36126436613882 0
7369 0.5696945993472053 12.3414799444685 0
7370 2.23002714185529 14.04693756088702 0
7371 0.8321683804092722 12.38618397076271 0
7372 13.12460887122812 12.98179159785474 0
7373 13.0488978258647 13.30070327867611 0
7374 17.49831617534063 15.98053086970586 0
7375 17.71681302387276 16.12024322570191 0
7376 13.4644004882069 4.971126031793943 0
7377 13.10165999444917 4.93247789597304 0
7378 13.30592075793345 4.729296179466218 0
7379 12.82385421944007 5.021071582286959 0
7380 22.52600370268554 14.02817598005457 0
7381 22.81143205132139 14.24436527907935 0
7382 13.04450445628803 11.19545643979045 0
7383 12.95205511929214 11.52824173313151 0
7384 18.65274659296706 16.28513027874813 0
7385 22.52168244746928 12.29358081041633 0
7386 22.33754078049648 12.63933308159899 0
7387 20.88838997826031 13.89467825066578 0
7388 21.17182632760164 13.68558209080406 0
7389 5.00995144249592 11.22465124311884 0
7390 5.381574424957829 11.41597169934779 0
7391 23.04448741640791 14.00073835556654 0
7392 22.78983490175535 13.76024705036082 0
7393 5.970984942786592 8.449103575030673 0
7394 23.06521006685667 14.23351503978457 0
7395 8.829431345587693 10.42387409411175 0
7396 13.17646931603754 10.8265847352361 0
7397 13.21958633796863 11.09444721964224 0
7398 5.81538986427768 15.71661170981066 0
7399 12.68040271415861 3.796466361444925 0
7400 12.65153874600147 21.99832537506837 0
7401 12.38684109636545 22.25636905670429 0
7402 17.48497822686091 14.55135560728558 0
7403 17.8500246567861 14.51730475916835 0
7404 6.85371588073712 8.910011692589197 0
7405 12.70889642111538 22.26015918593254 0
7406 17.88174978354204 14.86379749554119 0
7407 17.53349043201405 14.90616662613241 0
7408 8.777147717261609 2.749346941181388 0
7409 5.338617624436756 12.53216818257883 0
7410 12.13979898116104 10.02044971193424 0
7411 13.29428150273888 11.59491591259226 0
7412 13.35195599795226 11.28793936648799 0
7413 12.21224519661268 14.87859285536065 0
7414 13.06946250575936 11.73420905908757 0
7415 15.04339926071818 19.1527991308256 0
7416 15.26300784416451 18.90649199792286 0
7417 4.695433860552137 16.85072870306115 0
7418 4.847433306090291 17.06335585717919 0
7419 14.71999781253182 19.22604217537658 0
7420 4.439926482032437 16.63400390654958 0
7421 10.87467002290789 23.02651170031391 0
7422 10.55754795626049 23.03645340602754 0
7423 3.073130422527917 11.7385168448666 0
7424 16.83649149746454 8.860943961765598 0
7425 7.070427625426739 11.87012204015271 0
7426 7.37588337588234 12.05545752117307 0
7427 19.38196165483469 15.56712247154803 0
7428 19.66666537588415 15.56043186377881 0
7429 4.904664667734327 17.45680386038366 0
7430 3.257777301020578 11.4762824298168 0
7431 3.560280860541618 11.21882737307273 0
7432 17.09526376487122 15.93564949451474 0
7433 20.01079876174908 15.01685078236009 0
7434 19.75519490834269 15.30157974002879 0
7435 19.73357287706909 14.97371065581074 0
7436 7.171466040261079 9.931669900205694 0
7437 19.94389126056414 15.60357199032817 0
7438 22.90202890468198 10.31364143105764 0
7439 14.73022428790532 6.758189176718983 0
7440 4.741561193512486 11.07555741151416 0
7441 4.814454582479071 11.38815028080717 0
7442 13.43376986341432 15.30212838293298 0
7443 13.83270468289837 15.31328947412463 0
7444 22.03739025412035 10.37637287448513 0
7445 8.819991586960125 13.48346515924888 0
7446 9.081416603181353 13.65235107015062 0
7447 21.77204511841524 10.15253894086575 0
7448 23.10232570511947 10.61259077819791 0
7449 3.326130524303371 12.40022341213499 0
7450 3.069363834990399 12.66857910764704 0
7451 7.340276823875114 16.27148461635456 0
7452 7.414873707910077 16.53484037481516 0
7453 7.136796829313367 16.52197649291511 0
7454 2.969363380559879 12.92683828920649 0
7455 8.504383695066698 7.759252861357654 0
7456 8.742945721288358 8.053226654085123 0
7457 8.14038268402517 7.877611048435424 0
7458 8.503158100587367 8.343876164479333 0
7459 20.83532743995362 11.36236990656822 0
7460 19.67000052429854 14.56791325570789 0
7461 3.768486635672493 11.07142514614199 0
7462 3.874138584330494 10.86558798037436 0
7463 3.832851640665938 11.42011086592295 0
7464 12.29645613689157 0.223104121296619 0
7465 12.0222277703502 0.2062503622393329 0
7466 8.50184237913647 13.3990961689395 0
7467 10.258706439122 5.552261448415155 0
7468 17.59714058427119 7.668786860000814 0
7469 17.83657568889981 7.44956716271491 0
7470 5.167101831444217 10.11897848327236 0
7471 4.873184728706574 9.977500677943992 0
7472 16.11320242200987 17.49325971287913 0
7473 12.4973755441163 6.331083727833573 0
7474 16.96622970419413 8.53138181246025 0
7475 5.25180390555808 10.4826424265151 0
7476 13.81881472322186 22.3771221794112 0
7477 13.58992844597428 22.09830884471294 0
7478 13.33802049258331 21.92878869602961 0
7479 14.34311869740356 19.31458058074998 0
7480 3.00081473634279 10.55136033764757 0
7481 8.842342613542051 17.92639691042454 0
7482 9.081558438472776 18.11422836528318 0
7483 8.733983368365696 13.27170840468173 0
7484 11.76828086553907 0.8351081994505487 0
7485 11.53212120730658 1.109641902275636 0
7486 11.70431653424276 0.5794002768431105 0
7487 21.11651197914407 8.813056660647034 0
7488 11.7191485276368 1.820690819412418 0
7489 21.28035867792895 9.166256242022502 0
7490 17.83359649736048 9.474545083871412 0
7491 17.63101314968181 9.317275929641413 0
7492 18.21906826422734 9.513978180452526 0
7493 12.22189336051117 23.05255039240775 0
7494 15.01973331605692 6.070859782974154 0
7495 15.17567071826815 6.390613928077473 0
7496 18.35104044112889 17.72496824216887 0
7497 18.25126842281136 18.0426750335262 0
7498 9.307973392442662 18.31347698960109 0
7499 11.70114668926997 0.2062503622393329 0
7500 18.87846631918451 16.13074104487115 0
7501 18.86729594513256 16.44746552934789 0
7502 18.97493562651285 15.92210556194401 0
7503 19.08104727619145 18.94697646269787 0
7504 3.852912738619537 15.42824092828796 0
7505 6.5305720317416 13.41419915378947 0
7506 6.822160254651155 13.27795377405658 0
7507 18.74555226577324 18.88330825100204 0
7508 11.47318184070929 4.105631574788107 0
7509 11.77950543725068 4.366346786195404 0
7510 12.05886300519678 4.509065352855805 0
7511 2.435378840911842 13.08913301570218 0
7512 2.713683847335804 12.92380554416025 0
7513 4.832870861878095 7.770949731130116 0
7514 14.90533060693817 6.953913513481815 0
7515 14.96591852975148 6.536576464384803 0
7516 24.52800322303417 12.1319933633487 0
7517 24.74399512595759 12.01733022301662 0
7518 6.893449093678507 12.96302374113498 0
7519 11.26194964507087 3.916797419808351 0
7520 24.27692010527404 12.33791651590805 0
7521 4.241724408017432 14.40107786305876 0
7522 4.446144550148922 14.59330624106793 0
7523 11.22045101154784 21.23710742780069 0
7524 11.13585842254191 21.5002177591371 0
7525 11.53091669959638 20.87234747051416 0
7526 11.82317770712166 20.77188334819577 0
7527 20.21432436781037 14.9275729014666 0
7528 18.07912237904986 7.207583842635309 0
7529 14.26634313382776 17.01819270651699 0
7530 14.06296143744146 17.35266108734665 0
7531 18.38645761086923 7.297537839127464 0
7532 11.28026597667364 21.98383589340864 0
7533 15.350777037301 6.586338264840305 0
7534 15.28375334981365 6.952951585039795 0
7535 16.36834080060189 17.60691064904374 0
7536 16.55621240130706 17.82416033895722 0
7537 16.23403411997675 17.28601371260682 0
7538 17.94923661190928 17.97550369733884 0
7539 11.24051352646459 1.512101152654811 0
7540 11.41899149587119 1.72149265513615 0
7541 18.11228611894225 18.26965780544799 0
7542 13.46620676555634 12.85815245873052 0
7543 13.6994897592517 13.09820511160724 0
7544 19.01922919997026 13.42044759298802 0
7545 19.42221878106503 13.39565471544468 0
7546 20.251467703939 14.66046085533423 0
7547 23.44059526434993 12.88213813908878 0
7548 16.82586575161168 16.0044226550947 0
7549 24.74399512595759 11.69681740250433 0
7550 12.67189172639729 12.22598845417363 0
7551 12.86272547442331 11.92876461118573 0
7552 9.583605424242222 4.779177112888714 0
7553 19.7121336374606 12.85741361223184 0
7554 20.11085278490404 12.7532573825046 0
7555 1.136815316789836 12.45296290628986 0
7556 4.666785911408832 14.80396150862606 0
7557 2.034285052672644 14.99733864675721 0
7558 2.325467470463833 15.20862655990269 0
7559 11.33138970841297 1.27872522456691 0
7560 20.12774310291498 15.80500695823907 0
7561 3.200466120975813 14.92579656637863 0
7562 4.737665679118926 14.58468127523441 0
7563 7.2989177893157 8.443432647059382 0
7564 7.334037425932466 8.10801860221369 0
7565 12.35555843490571 4.619921897480088 0
7566 12.64448842779505 4.815170352118352 0
7567 11.00710156006627 21.77297836049557 0
7568 8.286215580413455 8.478418295848137 0
7569 8.239674554398633 8.152914742214996 0
7570 23.27955408792331 12.70008487962902 0
7571 23.58650344250042 12.68899105632633 0
7572 7.469900691423424 7.840187172521942 0
7573 13.89977629386171 6.039739673267349 0
7574 7.747070671606512 16.53251749082142 0
7575 7.543590677044764 16.78300936738196 0
7576 13.18091072333935 15.32872038686805 0
7577 12.86512215713457 15.50496469629147 0
7578 13.30486225303201 13.82079279137872 0
7579 13.23798696657786 13.48225770799714 0
7580 13.48979632712509 13.54962416761674 0
7581 10.06881910802896 16.85684027126924 0
7582 9.747995240609331 16.78148803108968 0
7583 6.5333977241423 10.94087571829642 0
7584 6.898725481701753 10.78469381331747 0
7585 9.545942821622745 17.06606215532537 0
7586 9.444667380892501 16.75106648637986 0
7587 14.81949633670478 15.65647057307661 0
7588 14.5125893790668 15.79927036863267 0
7589 7.921837676673082 14.71979403862646 0
7590 7.660005055974754 14.66182529789363 0
7591 7.379535812227429 14.33658705556058 0
7592 12.32200504791646 16.69664826874527 0
7593 12.05474511696753 16.6328169970061 0
7594 11.28913410860064 21.01476824779752 0
7595 11.29584702590042 20.69534261145054 0
7596 11.19075381103658 20.43000480359618 0
7597 14.68345518546033 9.477932888422956 0
7598 14.36536809069386 9.397089259339538 0
7599 15.12851614662831 9.308075126438524 0
7600 10.53555324303721 14.32678674587542 0
7601 10.77126597967473 14.57279133554701 0
7602 10.4914540467752 14.57320147535252 0
7603 10.54835373955676 15.75884404870701 0
7604 10.02293643647808 11.3189233199586 0
7605 10.17852523717096 11.63041460087919 0
7606 11.04044762974926 14.71337721921621 0
7607 11.34401688388308 15.40733819296583 0
7608 11.11499163700756 15.59588939465408 0
7609 16.30842771682451 12.98264106484641 0
7610 11.71280587637577 15.30643671312099 0
7611 15.46559033970107 16.88600737776196 0
7612 15.17830818937836 16.79925441138615 0
7613 15.4986764807729 11.34436262909789 0
7614 9.160661643618791 14.53513521576268 0
7615 17.2098832940295 14.01226110918528 0
7616 16.84862131339163 13.88524095719311 0
7617 15.84268579164062 11.19523572290976 0
7618 10.23138671535649 11.85786509222497 0
7619 9.872223308846001 11.78416226477267 0
7620 10.11603663192123 12.2440780658231 0
7621 9.620199924426439 11.98167793352685 0
7622 9.567338446240903 11.75422744218108 0
7623 10.81972279508273 15.99366583563047 0
7624 14.34280791893003 15.53300833018797 0
7625 14.07317935913523 15.32498123934324 0
7626 14.30178819582916 15.23895687809766 0
7627 19.14603646167711 15.70679584633533 0
7628 19.24204383050511 15.39811298826673 0
7629 14.81606076466378 16.7185179987104 0
7630 14.49283194451599 16.55600742184547 0
7631 17.38180413784157 13.74179563802225 0
7632 17.00021817508994 12.66965151376356 0
7633 17.24835277745568 12.53600751146626 0
7634 9.306118586766367 11.74171320928372 0
7635 9.095158356197217 11.78431482957484 0
7636 9.085961881142243 11.57428492792329 0
7637 13.05567593461485 7.915422818978218 0
7638 13.14492384411156 7.649463300218426 0
7639 12.98513590033305 8.238804003070509 0
7640 12.77409867552092 8.033621153241111 0
7641 9.976518536653471 12.4227497725476 0
7642 9.785566691763782 12.19028446284295 0
7643 15.15604500593487 13.20016471230621 0
7644 15.15596096305954 12.88392082740081 0
7645 16.02082064851986 11.47038847591344 0
7646 16.15059077029733 11.71554417121533 0
7647 15.34703440139656 13.46517339736493 0
7648 16.78204405536983 11.87225487950041 0
7649 17.0340331575555 12.02020697580025 0
7650 4.743198756973991 14.24397716498803 0
7651 4.416388189532636 14.04708749618636 0
7652 11.98370697849323 16.32759180084775 0
7653 13.09063051227782 20.31075239040145 0
7654 12.7856157995308 20.5125342843798 0
7655 12.78608744354408 20.21139374425037 0
7656 10.25030306171432 10.61505986846273 0
7657 10.36719213550322 10.86463104769453 0
7658 10.42825396088727 10.41613365149703 0
7659 8.710030471861778 11.85332187030256 0
7660 8.930187177485902 12.02075015166299 0
7661 10.82297632355845 15.73452143909734 0
7662 12.39076045557886 6.940883802027185 0
7663 12.44489049275053 20.09171917136148 0
7664 8.679512187056815 13.05527846820671 0
7665 12.17944111871657 20.22301043172319 0
7666 12.53077952479401 8.101881865673832 0
7667 18.08743423924273 11.3228704614076 0
7668 18.36715085149583 11.43705610922593 0
7669 18.11451316617492 11.6063508232555 0
7670 8.792682397955975 15.66409103313842 0
7671 9.075129579176295 15.69545276806022 0
7672 14.20533557454925 16.79069921843163 0
7673 18.2507442413561 15.25297662075858 0
7674 18.11325229770947 11.83691328319352 0
7675 11.41817366245047 19.78754795118763 0
7676 11.14535538561707 19.85146888555579 0
7677 13.52019988981932 4.552309992584429 0
7678 13.15745939606159 4.513661856763525 0
7679 15.6004448168647 13.32610265019404 0
7680 15.49714942744261 13.70051557137067 0
7681 11.62949676465159 20.03392892198456 0
7682 13.19627085588726 4.128649783461627 0
7683 13.60483657562074 4.154294669360191 0
7684 8.265916589491692 12.65019926846103 0
7685 8.490463535390363 12.92757126741486 0
7686 8.191287214643367 12.90996741541852 0
7687 13.75432823501642 9.530370218754609 0
7688 14.09759769439673 9.36118506980495 0
7689 14.26764949422344 9.709327813509635 0
7690 13.80261046282235 9.878057265691691 0
7691 9.182699948377694 9.975960223455168 0
7692 9.519694539325808 9.906314299738071 0
7693 9.408143463971729 10.10241050681473 0
7694 9.445502087017793 9.605610533329388 0
7695 9.091908784143733 9.612885236085507 0
7696 6.295203305121905 13.18742148089176 0
7697 6.292086889932376 13.56729560898851 0
7698 17.79927702822101 12.79144286802634 0
7699 5.893613080137198 13.04298788289516 0
7700 5.9913106100886 13.60987857585011 0
7701 11.66717268024232 7.613889052037259 0
7702 11.47433894132868 7.876277134257956 0
7703 11.47541937151015 18.81099380116598 0
7704 11.1326198414494 18.85636897744397 0
7705 11.57532425212353 7.265724292707009 0
7706 13.45942012282885 16.95782815815389 0
7707 13.64842201244221 16.65882641203599 0
7708 17.9714350859247 12.64466527459774 0
7709 18.12619720707921 12.32191183785816 0
7710 18.25907621196115 12.57814191139635 0
7711 11.45663535022083 7.056366873512149 0
7712 18.12305657505328 12.10433928498498 0
7713 11.16100458394779 6.801999419157031 0
7714 9.285511874824412 14.77778918755748 0
7715 16.41352144136924 11.79031297793152 0
7716 16.15042064095461 11.21135276044328 0
7717 15.82683984241768 16.91122331562332 0
7718 15.08322793536185 15.55583201856955 0
7719 15.37983823133399 15.30505483045515 0
7720 7.609975004585289 12.76215893652097 0
7721 7.839240737632834 12.95222957659392 0
7722 15.36418621375774 15.61517998909643 0
7723 18.66511973778312 11.70857839011968 0
7724 18.40403405577184 11.98796247286531 0
7725 5.788556040196939 13.34386845604209 0
7726 7.267472553439196 12.28395506953047 0
7727 7.631005730786757 12.14815296390492 0
7728 7.744667588544154 12.5046229643635 0
7729 7.387902324384749 12.63418648441978 0
7730 7.132779969480332 12.54149104168793 0
7731 18.73332171729888 10.53932969175525 0
7732 18.82774912924098 10.87220202902567 0
7733 18.46290270861213 10.94381132176951 0
7734 18.30194857808907 10.58615843203156 0
7735 14.76328300040656 9.956860451995043 0
7736 14.53020852353661 10.01625273213234 0
7737 16.69707811183443 11.56844741501585 0
7738 8.046538980787895 14.9771373374962 0
7739 13.66318671795099 13.35579016448011 0
7740 13.93975543653175 13.24290619185219 0
7741 14.34704179229053 14.89982517654883 0
7742 9.73317745193453 8.853738651554945 0
7743 9.111954060720668 10.44214665082118 0
7744 8.87023653328475 10.6939643144011 0
7745 9.292798308099371 10.33679857332516 0
7746 11.28703863298041 8.055526295721734 0
7747 11.73351474176477 14.17541475759425 0
7748 7.943141033103482 11.3205351170639 0
7749 7.702351929851892 10.95070684204165 0
7750 10.93960642701891 8.135873907470819 0
7751 10.94275563766513 9.760332544256212 0
7752 10.83173205319896 10.08167672156591 0
7753 10.67816142994541 9.565280574903401 0
7754 10.50629035875805 10.00148767588175 0
7755 10.67407638750471 10.26432911977945 0
7756 13.6258890048948 11.93108265347949 0
7757 13.97148339078493 11.83377943978619 0
7758 15.66966471701322 15.73928561828849 0
7759 12.43212573000787 8.317378915154652 0
7760 12.12366371351075 8.509446374006444 0
7761 14.03435513675425 12.22751751882871 0
7762 13.67479080551262 12.28324895081826 0
7763 6.872628238415089 12.38982806277998 0
7764 6.528647771312608 12.4734605738051 0
7765 6.633297362613265 12.81136076222703 0
7766 6.993058009360642 12.74005947766929 0
7767 10.4245771995994 9.720482610485631 0
7768 13.64236474501994 21.11687575669594 0
7769 13.46303303637142 21.64558219584593 0
7770 13.56702860143664 21.34053514022138 0
7771 14.16085644194728 8.096786401898157 0
7772 14.50880803772571 8.254835780694115 0
7773 14.27773002622425 8.358078525112511 0
7774 16.53150158030781 11.17878779466671 0
7775 14.63929588556239 7.886738818801301 0
7776 14.25576499660756 7.718369166535933 0
7777 5.19678415500603 13.97858735368533 0
7778 5.522250509145609 14.15838860021531 0
7779 13.39857075293307 16.44612849669029 0
7780 13.16937058057134 16.69282686805364 0
7781 18.67865297541034 14.26189575323038 0
7782 18.98499198192979 14.50645572129978 0
7783 9.800195253494742 17.58551682168125 0
7784 9.696633606335816 17.28365967545718 0
7785 9.9528323284985 17.39834084625926 0
7786 14.34497997481163 9.924081937455208 0
7787 14.07720957851451 9.888177747920619 0
7788 15.3865325913561 12.75965272814337 0
7789 15.61932169533797 12.48633882233118 0
7790 13.29895530191093 21.21204312040382 0
7791 4.769880408470595 12.88389346523995 0
7792 5.001124555380674 12.58804026447766 0
7793 17.2245465094391 12.3014252840414 0
7794 17.25611407771862 11.9316076248259 0
7795 11.76011618077104 20.51749787861171 0
7796 11.70771956176612 20.29288352969242 0
7797 11.93020612564099 20.25745957413694 0
7798 12.23183773772149 20.44762478064247 0
7799 12.04566427099653 20.73645939264029 0
7800 11.45940681978163 20.29396722645933 0
7801 11.11253101392205 20.17105019588833 0
7802 10.11820035771876 17.14587820381715 0
7803 10.22176200487769 17.44773535004121 0
7804 14.79299488944794 9.735078925691486 0
7805 15.47431871743547 8.068171695955094 0
7806 15.58497994637098 8.402173743163907 0
7807 14.9410301843877 9.467779811070219 0
7808 10.75369565532818 10.49632269718119 0
7809 10.68920887038069 10.8512934482619 0
7810 9.570144724005447 14.78843401081333 0
7811 9.333641428671363 15.02280075406103 0
7812 15.48090886937636 10.25051945632291 0
7813 12.77031349392394 9.798489564185374 0
7814 12.89406397576777 9.414870423236097 0
7815 16.41547873786193 9.692199328210032 0
7816 18.52663064246781 12.46446607740206 0
7817 18.37186852131331 12.78721951414164 0
7818 18.72513287351062 12.93796989401261 0
7819 18.88556309508747 12.58546994987548 0
$EndNodes
$Elements
3992
1 15 2 103 4 3
2 8 2 104 1 1 8 9
3 8 2 104 1 8 2 10
4 8 2 104 2 2 11 47
5 8 2 104 2 11 12 48
6 8 2 104 2 12 13 49
7 8 2 104 2 13 14 50
8 8 2 104 2 14 15 51
9 8 2 104 2 15 16 52
10 8 2 104 2 16 17 53
11 8 2 104 2 17 18 54
12 8 2 104 2 18 19 55
13 8 2 104 2 19 20 56
14 8 2 104 2 20 21 57
15 8 2 104 2 21 22 58
16 8 2 104 2 22 23 59
17 8 2 104 2 23 24 60
18 8 2 104 2 24 25 61
19 8 2 104 2 25 26 62
20 8 2 104 2 26 27 63
21 8 2 104 2 27 28 64
22 8 2 104 2 28 29 65
23 8 2 104 2 29 30 66
24 8 2 104 2 30 31 67
25 8 2 104 2 31 32 68
26 8 2 104 2 32 33 69
27 8 2 104 2 33 34 70
28 8 2 104 2 34 35 71
29 8 2 104 2 35 36 72
30 8 2 104 2 36 37 73
31 8 2 104 2 37 38 74
32 8 2 104 2 38 39 75
33 8 2 104 2 39 40 76
34 8 2 104 2 40 41 77
35 8 2 104 2 41 42 78
36 8 2 104 2 42 43 79
37 8 2 104 2 43 44 80
38 8 2 104 2 44 45 81
39 8 2 104 2 45 46 82
40 8 2 104 2 46 3 83
41 8 2 106 3 3 84 122
42 8 2 106 3 84 85 123
43 8 2 106 3 85 86 124
44 8 2 106 3 86 87 125
45 8 2 106 3 87 88 126
46 8 2 106 3 88 89 127
47 8 2 106 3 89 90 128
48 8 2 106 3 90 91 129
49 8 2 106 3 91 92 130
50 8 2 106 3 92 93 131
51 8 2 106 3 93 94 132
52 8 2 106 3 94 95 133
53 8 2 106 3 95 96 134
54 8 2 106 3 96 97 135
55 8 2 106 3 97 98 136
56 8 2 106 3 98 99 137
57 8 2 106 3 99 100 138
58 8 2 106 3 100 101 139
59 8 2 106 3 101 102 140
60 8 2 106 3 102 103 141
61 8 2 106 3 103 104 142
62 8 2 106 3 104 105 143
63 8 2 106 3 105 106 144
64 8 2 106 3 106 107 145
65 8 2 106 3 107 108 146
66 8 2 106 3 108 109 147
67 8 2 106 3 109 110 148
68 8 2 106 3 110 111 149
69 8 2 106 3 111 112 150
70 8 2 106 3 112 113 151
71 8 2 106 3 113 114 152
72 8 2 106 3 114 115 153
73 8 2 106 3 115 116 154
74 8 2 106 3 116 117 155
75 8 2 106 3 117 118 156
76 8 2 106 3 118 119 157
77 8 2 106 3 119 120 158
78 8 2 106 3 120 121 159
79 8 2 106 3 121 4 160
80 8 2 107 4 4 161 199
81 8 2 107 4 161 162 200
82 8 2 107 4 162 163 201
83 8 2 107 4 163 164 202
84 8 2 107 4 164 165 203
85 8 2 107 4 165 166 204
86 8 2 107 4 166 167 205
87 8 2 107 4 167 168 206
88 8 2 107 4 168 169 207
89 8 2 107 4 169 170 208
90 8 2 107 4 170 171 209
91 8 2 107 4 171 172 210
92 8 2 107 4 172 173 211
93 8 2 107 4 173 174 212
94 8 2 107 4 174 175 213
95 8 2 107 4 175 176 214
96 8 2 107 4 176 177 215
97 8 2 107 4 177 178 216
98 8 2 107 4 178 179 217
99 8 2 107 4 179 180 218
100 8 2 107 4 180 181 219
101 8 2 107 4 181 182 220
102 8 2 107 4 182 183 221
103 8 2 107 4 183 184 222
104 8 2 107 4 184 185 223
105 8 2 107 4 185 186 224
106 8 2 107 4 186 187 225
107 8 2 107 4 187 188 226
108 8 2 107 4 188 189 227
109 8 2 107 4 189 190 228
110 8 2 107 4 190 191 229
111 8 2 107 4 191 192 230
112 8 2 107 4 192 193 231
113 8 2 107 4 193 194 232
114 8 2 107 4 194 195 233
115 8 2 107 4 195 196 234
116 8 2 107 4 196 197 235
117 8 2 107 4 197 198 236
118 8 2 107 4 198 5 237
119 8 2 105 5 6 238 274
120 8 2 105 5 238 239 275
121 8 2 105 5 239 240 276
122 8 2 105 5 240 241 277
123 8 2 105 5 241 242 278
124 8 2 105 5 242 243 279
125 8 2 105 5 243 244 280
126 8 2 105 5 244 245 281
127 8 2 105 5 245 246 282
128 8 2 105 5 246 247 283
129 8 2 105 5 247 248 284
130 8 2 105 5 248 249 285
131 8 2 105 5 249 250 286
132 8 2 105 5 250 251 287
133 8 2 105 5 251 252 288
134 8 2 105 5 252 253 289
135 8 2 105 5 253 254 290
136 8 2 105 5 254 255 291
137 8 2 105 5 255 256 292
138 8 2 105 5 256 257 293
139 8 2 105 5 257 258 294
140 8 2 105 5 258 259 295
141 8 2 105 5 259 260 296
142 8 2 105 5 260 261 297
143 8 2 105 5 261 262 298
144 8 2 105 5 262 263 299
145 8 2 105 5 263 264 300
146 8 2 105 5 264 265 301
147 8 2 105 5 265 266 302
148 8 2 105 5 266 267 303
149 8 2 105 5 267 268 304
150 8 2 105 5 268 269 305
151 8 2 105 5 269 270 306
152 8 2 105 5 270 271 307
153 8 2 105 5 271 272 308
154 8 2 105 5 272 273 309
155 8 2 105 5 273 5 310
156 8 2 105 6 6 311 312
157 8 2 105 6 311 7 313
158 8 2 109 7 2 314 316
159 8 2 109 7 314 315 317
160 8 2 109 7 315 6 318
161 8 2 108 8 1 319 320
162 8 2 108 8 319 7 321
163 9 2 101 1 311 315 6 324 318 312
164 9 2 101 1 319 1 322 320 325 326
165 9 2 101 1 8 314 322 327 328 329
166 9 2 101 1 322 1 8 325 9 329
167 9 2 101 1 314 8 2 327 10 316
168 9 2 101 1 322 323 319 330 331 326
169 9 2 101 1 315 323 322 332 330 333
170 9 2 101 1 322 314 315 328 317 333
171 9 2 101 1 311 7 323 313 334 335
172 9 2 101 1 323 7 319 334 321 331
173 9 2 101 1 323 315 311 332 324 335
174 9 2 102 2 336 338 337 2169 2170 2171
175 9 2 102 2 337 338 339 2170 2172 2173
176 9 2 102 2 340 342 341 2174 2175 2176
177 9 2 102 2 340 341 343 2176 2177 2178
178 9 2 102 2 344 346 345 2179 2180 2181
179 9 2 102 2 344 345 347 2181 2182 2183
180 9 2 102 2 348 350 349 2184 2185 2186
181 9 2 102 2 351 353 352 2187 2188 2189
182 9 2 102 2 349 350 354 2185 2190 2191
183 9 2 102 2 355 357 356 2192 2193 2194
184 9 2 102 2 358 360 359 2195 2196 2197
185 9 2 102 2 361 363 362 2198 2199 2200
186 9 2 102 2 359 360 176 2196 2201 2202
187 9 2 102 2 348 365 364 2203 2204 2205
188 9 2 102 2 364 365 366 2204 2206 2207
189 9 2 102 2 367 369 368 2208 2209 2210
190 9 2 102 2 352 353 370 2188 2211 2212
191 9 2 102 2 371 373 372 2213 2214 2215
192 9 2 102 2 374 376 375 2216 2217 2218
193 9 2 102 2 377 379 378 2219 2220 2221
194 9 2 102 2 380 382 381 2222 2223 2224
195 9 2 102 2 380 381 383 2224 2225 2226
196 9 2 102 2 384 386 385 2227 2228 2229
197 9 2 102 2 384 385 387 2229 2230 2231
198 9 2 102 2 388 389 385 2232 2233 2234
199 9 2 102 2 388 385 390 2234 2235 2236
200 9 2 102 2 391 393 392 2237 2238 2239
201 9 2 102 2 391 392 394 2239 2240 2241
202 9 2 102 2 395 397 396 2242 2243 2244
203 9 2 102 2 396 397 398 2243 2245 2246
204 9 2 102 2 368 369 399 2209 2247 2248
205 9 2 102 2 377 378 400 2221 2249 2250
206 9 2 102 2 401 403 402 2251 2252 2253
207 9 2 102 2 404 406 405 2254 2255 2256
208 9 2 102 2 239 407 240 2257 2258 276
209 9 2 102 2 408 410 409 2259 2260 2261
210 9 2 102 2 408 409 411 2261 2262 2263
211 9 2 102 2 412 414 413 2264 2265 2266
212 9 2 102 2 415 417 416 2267 2268 2269
213 9 2 102 2 418 420 419 2270 2271 2272
214 9 2 102 2 418 419 421 2272 2273 2274
215 9 2 102 2 405 406 422 2255 2275 2276
216 9 2 102 2 423 425 424 2277 2278 2279
217 9 2 102 2 426 428 427 2280 2281 2282
218 9 2 102 2 426 427 429 2282 2283 2284
219 9 2 102 2 430 431 342 2285 2286 2287
220 9 2 102 2 430 342 432 2287 2288 2289
221 9 2 102 2 424 425 433 2278 2290 2291
222 9 2 102 2 434 436 435 2292 2293 2294
223 9 2 102 2 437 439 438 2295 2296 2297
224 9 2 102 2 440 442 441 2298 2299 2300
225 9 2 102 2 443 445 444 2301 2302 2303
226 9 2 102 2 443 444 446 2303 2304 2305
227 9 2 102 2 447 449 448 2306 2307 2308
228 9 2 102 2 450 452 451 2309 2310 2311
229 9 2 102 2 447 448 453 2308 2312 2313
230 9 2 102 2 454 456 455 2314 2315 2316
231 9 2 102 2 455 456 457 2315 2317 2318
232 9 2 102 2 458 460 459 2319 2320 2321
233 9 2 102 2 458 459 461 2321 2322 2323
234 9 2 102 2 462 464 463 2324 2325 2326
235 9 2 102 2 463 464 465 2325 2327 2328
236 9 2 102 2 466 468 467 2329 2330 2331
237 9 2 102 2 469 466 470 2332 2333 2334
238 9 2 102 2 466 469 468 2332 2335 2329
239 9 2 102 2 471 473 472 2336 2337 2338
240 9 2 102 2 474 476 475 2339 2340 2341
241 9 2 102 2 476 478 477 2342 2343 2344
242 9 2 102 2 478 476 474 2342 2339 2345
243 9 2 102 2 479 481 480 2346 2347 2348
244 9 2 102 2 482 480 481 2349 2347 2350
245 9 2 102 2 482 483 480 2351 2352 2349
246 9 2 102 2 484 485 361 2353 2354 2355
247 9 2 102 2 361 485 486 2354 2356 2357
248 9 2 102 2 487 489 488 2358 2359 2360
249 9 2 102 2 488 489 490 2359 2361 2362
250 9 2 102 2 491 163 164 2363 202 2364
251 9 2 102 2 361 486 492 2357 2365 2366
252 9 2 102 2 462 494 493 2367 2368 2369
253 9 2 102 2 495 170 171 2370 209 2371
254 9 2 102 2 463 494 462 2372 2367 2326
255 9 2 102 2 493 496 462 2373 2374 2369
256 9 2 102 2 497 499 498 2375 2376 2377
257 9 2 102 2 196 500 195 2378 2379 234
258 9 2 102 2 501 498 499 2380 2376 2381
259 9 2 102 2 502 86 87 2382 125 2383
260 9 2 102 2 503 505 504 2384 2385 2386
261 9 2 102 2 189 506 188 2387 2388 227
262 9 2 102 2 504 505 507 2385 2389 2390
263 9 2 102 2 508 93 94 2391 132 2392
264 9 2 102 2 482 497 498 2393 2377 2394
265 9 2 102 2 509 510 355 2395 2396 2397
266 9 2 102 2 511 271 270 2398 307 2399
267 9 2 102 2 355 413 512 2400 2401 2402
268 9 2 102 2 44 514 513 2403 2404 2405
269 9 2 102 2 44 513 43 2405 2406 80
270 9 2 102 2 355 510 413 2396 2407 2400
271 9 2 102 2 515 517 516 2408 2409 2410
272 9 2 102 2 517 515 518 2408 2411 2412
273 9 2 102 2 519 489 487 2413 2358 2414
274 9 2 102 2 119 521 520 2415 2416 2417
275 9 2 102 2 119 520 118 2417 2418 157
276 9 2 102 2 519 487 522 2414 2419 2420
277 9 2 102 2 523 517 518 2421 2412 2422
278 9 2 102 2 524 315 314 2423 317 2424
279 9 2 102 2 440 441 525 2300 2425 2426
280 9 2 102 2 510 527 526 2427 2428 2429
281 9 2 102 2 528 529 485 2430 2431 2432
282 9 2 102 2 530 314 531 2433 2434 2435
283 9 2 102 2 314 530 524 2433 2436 2424
284 9 2 102 2 532 534 533 2437 2438 2439
285 9 2 102 2 534 532 511 2437 2440 2441
286 9 2 102 2 535 534 511 2442 2441 2443
287 9 2 102 2 536 538 537 2444 2445 2446
288 9 2 102 2 519 539 489 2447 2448 2413
289 9 2 102 2 540 536 537 2449 2446 2450
290 9 2 102 2 489 539 541 2448 2451 2452
291 9 2 102 2 542 544 543 2453 2454 2455
292 9 2 102 2 545 547 546 2456 2457 2458
293 9 2 102 2 542 543 548 2455 2459 2460
294 9 2 102 2 549 550 197 2461 2462 2463
295 9 2 102 2 550 549 551 2461 2464 2465
296 9 2 102 2 551 549 552 2464 2466 2467
297 9 2 102 2 553 529 528 2468 2430 2469
298 9 2 102 2 554 556 555 2470 2471 2472
299 9 2 102 2 557 395 558 2473 2474 2475
300 9 2 102 2 553 528 559 2469 2476 2477
301 9 2 102 2 555 556 560 2471 2478 2479
302 9 2 102 2 491 164 561 2364 2480 2481
303 9 2 102 2 561 164 165 2480 203 2482
304 9 2 102 2 558 395 562 2474 2483 2484
305 9 2 102 2 450 451 382 2311 2485 2486
306 9 2 102 2 487 488 402 2360 2487 2488
307 9 2 102 2 563 565 564 2489 2490 2491
308 9 2 102 2 563 564 566 2491 2492 2493
309 9 2 102 2 505 568 567 2494 2495 2496
310 9 2 102 2 555 403 401 2497 2251 2498
311 9 2 102 2 195 500 569 2379 2499 2500
312 9 2 102 2 195 569 194 2500 2501 233
313 9 2 102 2 493 494 570 2368 2502 2503
314 9 2 102 2 502 87 571 2383 2504 2505
315 9 2 102 2 571 87 88 2504 126 2506
316 9 2 102 2 572 539 519 2507 2447 2508
317 9 2 102 2 573 575 574 2509 2510 2511
318 9 2 102 2 572 519 576 2508 2512 2513
319 9 2 102 2 553 577 529 2514 2515 2468
320 9 2 102 2 578 580 579 2516 2517 2518
321 9 2 102 2 529 577 581 2515 2519 2520
322 9 2 102 2 582 583 527 2521 2522 2523
323 9 2 102 2 527 583 584 2522 2524 2525
324 9 2 102 2 585 554 555 2526 2472 2527
325 9 2 102 2 555 401 585 2498 2528 2527
326 9 2 102 2 572 586 539 2529 2530 2507
327 9 2 102 2 539 586 587 2530 2531 2532
328 9 2 102 2 588 590 589 2533 2534 2535
329 9 2 102 2 511 270 535 2399 2536 2443
330 9 2 102 2 535 270 269 2536 306 2537
331 9 2 102 2 589 590 111 2534 2538 2539
332 9 2 102 2 43 513 591 2406 2540 2541
333 9 2 102 2 43 591 42 2541 2542 79
334 9 2 102 2 592 435 593 2543 2544 2545
335 9 2 102 2 578 579 594 2518 2546 2547
336 9 2 102 2 595 583 582 2548 2521 2549
337 9 2 102 2 595 582 596 2549 2550 2551
338 9 2 102 2 118 520 597 2418 2552 2553
339 9 2 102 2 118 597 117 2553 2554 156
340 9 2 102 2 575 551 574 2555 2556 2510
341 9 2 102 2 574 551 598 2556 2557 2558
342 9 2 102 2 599 601 600 2559 2560 2561
343 9 2 102 2 602 604 603 2562 2563 2564
344 9 2 102 2 602 603 605 2564 2565 2566
345 9 2 102 2 600 601 606 2560 2567 2568
346 9 2 102 2 607 609 608 2569 2570 2571
347 9 2 102 2 608 609 610 2570 2572 2573
348 9 2 102 2 611 573 612 2574 2575 2576
349 9 2 102 2 532 533 613 2439 2577 2578
350 9 2 102 2 573 611 569 2574 2579 2580
351 9 2 102 2 611 614 569 2581 2582 2579
352 9 2 102 2 615 617 616 2583 2584 2585
353 9 2 102 2 618 465 619 2586 2587 2588
354 9 2 102 2 509 355 620 2397 2589 2590
355 9 2 102 2 621 623 622 2591 2592 2593
356 9 2 102 2 624 626 625 2594 2595 2596
357 9 2 102 2 627 577 553 2597 2514 2598
358 9 2 102 2 627 553 628 2598 2599 2600
359 9 2 102 2 407 629 240 2601 2602 2258
360 9 2 102 2 240 629 241 2602 2603 277
361 9 2 102 2 609 530 610 2604 2605 2572
362 9 2 102 2 610 530 546 2605 2606 2607
363 9 2 102 2 626 383 625 2608 2609 2595
364 9 2 102 2 630 632 631 2610 2611 2612
365 9 2 102 2 598 532 613 2613 2578 2614
366 9 2 102 2 598 613 574 2614 2615 2558
367 9 2 102 2 514 45 633 2616 2617 2618
368 9 2 102 2 618 619 634 2588 2619 2620
369 9 2 102 2 635 637 636 2621 2622 2623
370 9 2 102 2 617 514 638 2624 2625 2626
371 9 2 102 2 639 640 568 2627 2628 2629
372 9 2 102 2 561 165 641 2482 2630 2631
373 9 2 102 2 641 165 166 2630 204 2632
374 9 2 102 2 642 644 643 2633 2634 2635
375 9 2 102 2 642 643 645 2635 2636 2637
376 9 2 102 2 641 644 561 2638 2639 2631
377 9 2 102 2 635 636 646 2623 2640 2641
378 9 2 102 2 647 649 648 2642 2643 2644
379 9 2 102 2 514 633 638 2618 2645 2625
380 9 2 102 2 568 640 650 2628 2646 2647
381 9 2 102 2 194 569 614 2501 2582 2648
382 9 2 102 2 194 614 193 2648 2649 232
383 9 2 102 2 651 590 588 2650 2533 2651
384 9 2 102 2 571 88 652 2506 2652 2653
385 9 2 102 2 652 88 89 2652 127 2654
386 9 2 102 2 521 120 653 2655 2656 2657
387 9 2 102 2 612 573 654 2575 2658 2659
388 9 2 102 2 623 521 655 2660 2661 2662
389 9 2 102 2 656 658 657 2663 2664 2665
390 9 2 102 2 656 657 659 2665 2666 2667
391 9 2 102 2 652 658 571 2668 2669 2653
392 9 2 102 2 651 588 660 2651 2670 2671
393 9 2 102 2 661 663 662 2672 2673 2674
394 9 2 102 2 547 337 546 2675 2676 2457
395 9 2 102 2 546 337 610 2676 2677 2607
396 9 2 102 2 521 653 655 2657 2678 2661
397 9 2 102 2 664 666 665 2679 2680 2681
398 9 2 102 2 667 665 666 2682 2680 2683
399 9 2 102 2 664 668 666 2684 2685 2679
400 9 2 102 2 535 269 669 2537 2686 2687
401 9 2 102 2 669 269 268 2686 305 2688
402 9 2 102 2 670 505 503 2689 2384 2690
403 9 2 102 2 670 568 505 2691 2494 2689
404 9 2 102 2 42 591 671 2542 2692 2693
405 9 2 102 2 42 671 41 2693 2694 78
406 9 2 102 2 672 642 645 2695 2637 2696
407 9 2 102 2 672 645 622 2696 2697 2698
408 9 2 102 2 644 642 561 2633 2699 2639
409 9 2 102 2 639 568 670 2629 2691 2700
410 9 2 102 2 670 503 673 2690 2701 2702
411 9 2 102 2 117 597 674 2554 2703 2704
412 9 2 102 2 117 674 116 2704 2705 155
413 9 2 102 2 573 574 654 2511 2706 2658
414 9 2 102 2 654 574 613 2706 2615 2707
415 9 2 102 2 675 677 676 2708 2709 2710
416 9 2 102 2 593 435 678 2544 2711 2712
417 9 2 102 2 679 438 680 2713 2714 2715
418 9 2 102 2 658 656 571 2663 2716 2669
419 9 2 102 2 661 662 681 2674 2717 2718
420 9 2 102 2 547 336 337 2719 2171 2675
421 9 2 102 2 675 682 677 2720 2721 2708
422 9 2 102 2 533 534 683 2438 2722 2723
423 9 2 102 2 533 683 684 2723 2724 2725
424 9 2 102 2 669 534 535 2726 2442 2687
425 9 2 102 2 685 615 686 2727 2728 2729
426 9 2 102 2 686 615 687 2728 2730 2731
427 9 2 102 2 685 671 591 2732 2692 2733
428 9 2 102 2 688 621 689 2734 2735 2736
429 9 2 102 2 689 621 690 2735 2737 2738
430 9 2 102 2 688 674 597 2739 2703 2740
431 9 2 102 2 691 629 407 2741 2601 2742
432 9 2 102 2 691 407 692 2742 2743 2744
433 9 2 102 2 241 629 693 2603 2745 2746
434 9 2 102 2 241 693 242 2746 2747 278
435 9 2 102 2 691 692 694 2744 2748 2749
436 9 2 102 2 694 692 695 2748 2750 2751
437 9 2 102 2 691 693 629 2752 2745 2741
438 9 2 102 2 610 337 339 2677 2173 2753
439 9 2 102 2 610 339 608 2753 2754 2573
440 9 2 102 2 613 533 684 2577 2725 2755
441 9 2 102 2 613 684 654 2755 2756 2707
442 9 2 102 2 615 616 687 2585 2757 2730
443 9 2 102 2 687 616 659 2757 2758 2759
444 9 2 102 2 641 696 644 2760 2761 2638
445 9 2 102 2 644 696 643 2761 2762 2634
446 9 2 102 2 641 166 697 2632 2763 2764
447 9 2 102 2 697 166 167 2763 205 2765
448 9 2 102 2 643 696 698 2762 2766 2767
449 9 2 102 2 643 698 699 2767 2768 2769
450 9 2 102 2 697 696 641 2770 2760 2764
451 9 2 102 2 621 622 690 2593 2771 2737
452 9 2 102 2 690 622 645 2771 2697 2772
453 9 2 102 2 700 682 675 2773 2720 2774
454 9 2 102 2 676 701 675 2775 2776 2710
455 9 2 102 2 193 614 702 2649 2777 2778
456 9 2 102 2 193 702 192 2778 2779 231
457 9 2 102 2 652 703 658 2780 2781 2668
458 9 2 102 2 658 703 657 2781 2782 2664
459 9 2 102 2 652 89 704 2654 2783 2784
460 9 2 102 2 704 89 90 2783 128 2785
461 9 2 102 2 611 612 705 2576 2786 2787
462 9 2 102 2 705 612 706 2786 2788 2789
463 9 2 102 2 611 702 614 2790 2777 2581
464 9 2 102 2 657 703 707 2782 2791 2792
465 9 2 102 2 657 707 708 2792 2793 2794
466 9 2 102 2 704 703 652 2795 2780 2784
467 9 2 102 2 692 608 695 2796 2797 2750
468 9 2 102 2 695 608 339 2797 2754 2798
469 9 2 102 2 709 711 710 2799 2800 2801
470 9 2 102 2 712 709 710 2802 2801 2803
471 9 2 102 2 713 715 714 2804 2805 2806
472 9 2 102 2 661 716 663 2807 2808 2672
473 9 2 102 2 669 717 534 2809 2810 2726
474 9 2 102 2 534 717 683 2810 2811 2722
475 9 2 102 2 669 268 718 2688 2812 2813
476 9 2 102 2 719 721 720 2814 2815 2816
477 9 2 102 2 722 671 685 2817 2732 2818
478 9 2 102 2 722 685 686 2818 2729 2819
479 9 2 102 2 41 671 723 2694 2820 2821
480 9 2 102 2 719 720 724 2816 2822 2823
481 9 2 102 2 645 643 699 2636 2769 2824
482 9 2 102 2 645 699 690 2824 2825 2772
483 9 2 102 2 725 674 688 2826 2739 2827
484 9 2 102 2 725 688 689 2827 2736 2828
485 9 2 102 2 116 674 726 2705 2829 2830
486 9 2 102 2 663 716 727 2808 2831 2832
487 9 2 102 2 336 728 458 2833 2834 2835
488 9 2 102 2 336 458 338 2835 2836 2169
489 9 2 102 2 709 712 729 2802 2837 2838
490 9 2 102 2 612 654 706 2659 2839 2788
491 9 2 102 2 706 654 684 2839 2756 2840
492 9 2 102 2 659 657 708 2666 2794 2841
493 9 2 102 2 659 708 687 2841 2842 2759
494 9 2 102 2 683 717 730 2811 2843 2844
495 9 2 102 2 683 730 731 2844 2845 2846
496 9 2 102 2 718 717 669 2847 2809 2813
497 9 2 102 2 722 686 732 2819 2848 2849
498 9 2 102 2 732 686 733 2848 2850 2851
499 9 2 102 2 722 723 671 2852 2820 2817
500 9 2 102 2 725 689 456 2828 2853 2854
501 9 2 102 2 456 689 734 2853 2855 2856
502 9 2 102 2 725 726 674 2857 2829 2826
503 9 2 102 2 735 693 691 2858 2752 2859
504 9 2 102 2 735 691 694 2859 2749 2860
505 9 2 102 2 242 693 736 2747 2861 2862
506 9 2 102 2 737 739 738 2863 2864 2865
507 9 2 102 2 735 694 740 2860 2866 2867
508 9 2 102 2 740 694 741 2866 2868 2869
509 9 2 102 2 735 736 693 2870 2861 2858
510 9 2 102 2 627 742 577 2871 2872 2597
511 9 2 102 2 339 338 695 2172 2873 2798
512 9 2 102 2 684 683 731 2724 2846 2874
513 9 2 102 2 684 731 706 2874 2875 2840
514 9 2 102 2 686 687 733 2731 2876 2850
515 9 2 102 2 733 687 708 2876 2842 2877
516 9 2 102 2 697 743 696 2878 2879 2770
517 9 2 102 2 696 743 698 2879 2880 2766
518 9 2 102 2 697 167 744 2765 2881 2882
519 9 2 102 2 577 742 745 2872 2883 2884
520 9 2 102 2 698 743 746 2880 2885 2886
521 9 2 102 2 698 746 747 2886 2887 2888
522 9 2 102 2 744 743 697 2889 2878 2882
523 9 2 102 2 689 690 734 2738 2890 2855
524 9 2 102 2 734 690 699 2890 2825 2891
525 9 2 102 2 748 702 611 2892 2790 2893
526 9 2 102 2 748 611 705 2893 2787 2894
527 9 2 102 2 192 702 749 2779 2895 2896
528 9 2 102 2 528 485 484 2432 2353 2897
529 9 2 102 2 704 750 703 2898 2899 2795
530 9 2 102 2 703 750 707 2899 2900 2791
531 9 2 102 2 704 90 751 2785 2901 2902
532 9 2 102 2 484 361 752 2355 2903 2904
533 9 2 102 2 748 705 753 2894 2905 2906
534 9 2 102 2 753 705 754 2905 2907 2908
535 9 2 102 2 748 749 702 2909 2895 2892
536 9 2 102 2 707 750 755 2900 2910 2911
537 9 2 102 2 707 755 756 2911 2912 2913
538 9 2 102 2 751 750 704 2914 2898 2902
539 9 2 102 2 694 695 741 2751 2915 2868
540 9 2 102 2 741 695 338 2915 2873 2916
541 9 2 102 2 757 758 728 2917 2918 2919
542 9 2 102 2 728 758 458 2918 2920 2834
543 9 2 102 2 648 649 246 2643 2921 2922
544 9 2 102 2 759 760 541 2923 2924 2925
545 9 2 102 2 458 758 460 2920 2926 2319
546 9 2 102 2 761 763 762 2927 2928 2929
547 9 2 102 2 764 758 757 2930 2917 2931
548 9 2 102 2 718 765 717 2932 2933 2847
549 9 2 102 2 717 765 730 2933 2934 2843
550 9 2 102 2 766 768 767 2935 2936 2937
551 9 2 102 2 769 640 639 2938 2627 2939
552 9 2 102 2 770 723 722 2940 2852 2941
553 9 2 102 2 770 722 732 2941 2849 2942
554 9 2 102 2 766 767 771 2937 2943 2944
555 9 2 102 2 769 639 738 2939 2945 2946
556 9 2 102 2 699 698 747 2768 2888 2947
557 9 2 102 2 699 747 734 2947 2948 2891
558 9 2 102 2 772 726 725 2949 2857 2950
559 9 2 102 2 772 725 456 2950 2854 2951
560 9 2 102 2 488 490 773 2362 2952 2953
561 9 2 102 2 763 256 255 2954 292 2955
562 9 2 102 2 705 706 754 2789 2956 2907
563 9 2 102 2 754 706 731 2956 2875 2957
564 9 2 102 2 708 707 756 2793 2913 2958
565 9 2 102 2 708 756 733 2958 2959 2877
566 9 2 102 2 730 765 774 2934 2960 2961
567 9 2 102 2 730 774 775 2961 2962 2963
568 9 2 102 2 776 765 718 2964 2932 2965
569 9 2 102 2 770 732 777 2942 2966 2967
570 9 2 102 2 680 438 778 2714 2968 2969
571 9 2 102 2 770 779 723 2970 2971 2940
572 9 2 102 2 772 456 454 2951 2314 2972
573 9 2 102 2 436 781 780 2973 2974 2975
574 9 2 102 2 772 782 726 2976 2977 2949
575 9 2 102 2 783 736 735 2978 2870 2979
576 9 2 102 2 783 735 740 2979 2867 2980
577 9 2 102 2 436 780 678 2975 2981 2982
578 9 2 102 2 784 786 785 2983 2984 2985
579 9 2 102 2 783 740 787 2980 2986 2987
580 9 2 102 2 787 740 788 2986 2988 2989
581 9 2 102 2 783 789 736 2990 2991 2978
582 9 2 102 2 338 458 461 2836 2323 2992
583 9 2 102 2 338 461 741 2992 2993 2916
584 9 2 102 2 731 730 775 2845 2963 2994
585 9 2 102 2 731 775 754 2994 2995 2957
586 9 2 102 2 790 791 429 2996 2997 2998
587 9 2 102 2 792 733 756 2999 2959 3000
588 9 2 102 2 744 793 743 3001 3002 2889
589 9 2 102 2 743 793 746 3002 3003 2885
590 9 2 102 2 503 504 794 2386 3004 3005
591 9 2 102 2 503 794 795 3005 3006 3007
592 9 2 102 2 746 793 796 3003 3008 3009
593 9 2 102 2 746 796 797 3009 3010 3011
594 9 2 102 2 798 793 744 3012 3001 3013
595 9 2 102 2 456 734 457 2856 3014 2317
596 9 2 102 2 457 734 747 3014 2948 3015
597 9 2 102 2 799 749 748 3016 2909 3017
598 9 2 102 2 799 748 753 3017 2906 3018
599 9 2 102 2 685 617 615 3019 2583 2727
600 9 2 102 2 800 801 673 3020 3021 3022
601 9 2 102 2 751 802 750 3023 3024 2914
602 9 2 102 2 750 802 755 3024 3025 2910
603 9 2 102 2 617 685 513 3019 3026 3027
604 9 2 102 2 763 255 762 2955 3028 2928
605 9 2 102 2 799 753 803 3018 3029 3030
606 9 2 102 2 803 753 804 3029 3031 3032
607 9 2 102 2 799 805 749 3033 3034 3016
608 9 2 102 2 755 802 806 3025 3035 3036
609 9 2 102 2 755 806 807 3036 3037 3038
610 9 2 102 2 808 802 751 3039 3023 3040
611 9 2 102 2 740 741 788 2869 3041 2988
612 9 2 102 2 788 741 461 3041 2993 3042
613 9 2 102 2 764 809 758 3043 3044 2930
614 9 2 102 2 758 809 460 3044 3045 2926
615 9 2 102 2 685 591 513 2733 2540 3026
616 9 2 102 2 355 512 357 2402 3046 2192
617 9 2 102 2 460 809 585 3045 3047 3048
618 9 2 102 2 414 512 413 3049 2401 2265
619 9 2 102 2 810 809 764 3050 3043 3051
620 9 2 102 2 776 811 765 3052 3053 2964
621 9 2 102 2 765 811 774 3053 3054 2960
622 9 2 102 2 812 814 813 3055 3056 3057
623 9 2 102 2 815 601 599 3058 2559 3059
624 9 2 102 2 816 779 770 3060 2970 3061
625 9 2 102 2 816 770 777 3061 2967 3062
626 9 2 102 2 815 599 262 3059 3063 3064
627 9 2 102 2 673 801 737 3021 3065 3066
628 9 2 102 2 747 746 797 2887 3011 3067
629 9 2 102 2 747 797 457 3067 3068 3015
630 9 2 102 2 817 782 772 3069 2976 3070
631 9 2 102 2 817 772 454 3070 2972 3071
632 9 2 102 2 673 737 670 3066 3072 2702
633 9 2 102 2 818 812 813 3073 3057 3074
634 9 2 102 2 753 754 804 2908 3075 3031
635 9 2 102 2 804 754 775 3075 2995 3076
636 9 2 102 2 756 755 807 2912 3038 3077
637 9 2 102 2 756 807 792 3077 3078 3000
638 9 2 102 2 774 811 819 3054 3079 3080
639 9 2 102 2 820 821 559 3081 3082 3083
640 9 2 102 2 822 811 776 3084 3052 3085
641 9 2 102 2 816 777 499 3062 3086 3087
642 9 2 102 2 823 813 814 3088 3056 3089
643 9 2 102 2 816 824 779 3090 3091 3060
644 9 2 102 2 817 454 825 3071 3092 3093
645 9 2 102 2 826 827 567 3094 3095 3096
646 9 2 102 2 817 828 782 3097 3098 3069
647 9 2 102 2 759 541 829 2925 3099 3100
648 9 2 102 2 682 783 787 3101 2987 3102
649 9 2 102 2 829 541 587 3099 3103 3104
650 9 2 102 2 463 830 494 3105 3106 2372
651 9 2 102 2 682 787 831 3102 3107 3108
652 9 2 102 2 831 787 773 3107 3109 3110
653 9 2 102 2 494 830 832 3106 3111 3112
654 9 2 102 2 833 835 834 3113 3114 3115
655 9 2 102 2 836 464 462 3116 2324 3117
656 9 2 102 2 815 837 601 3118 3119 3058
657 9 2 102 2 601 837 838 3119 3120 3121
658 9 2 102 2 595 839 583 3122 3123 2548
659 9 2 102 2 583 839 840 3123 3124 3125
660 9 2 102 2 714 834 841 3126 3127 3128
661 9 2 102 2 793 415 796 3129 3130 3008
662 9 2 102 2 834 714 833 3126 3131 3115
663 9 2 102 2 842 742 627 3132 2871 3133
664 9 2 102 2 796 415 416 3130 2269 3134
665 9 2 102 2 796 416 356 3134 3135 3136
666 9 2 102 2 842 627 843 3133 3137 3138
667 9 2 102 2 688 623 621 3139 2591 2734
668 9 2 102 2 623 688 520 3139 3140 3141
669 9 2 102 2 769 844 640 3142 3143 2938
670 9 2 102 2 640 844 845 3143 3144 3145
671 9 2 102 2 688 597 520 2740 2552 3140
672 9 2 102 2 846 847 660 3146 3147 3148
673 9 2 102 2 848 716 661 3149 2807 3150
674 9 2 102 2 848 661 849 3150 3151 3152
675 9 2 102 2 842 850 742 3153 3154 3132
676 9 2 102 2 742 850 851 3154 3155 3156
677 9 2 102 2 618 830 463 3157 3105 3158
678 9 2 102 2 852 803 853 3159 3160 3161
679 9 2 102 2 618 463 465 3158 2328 2586
680 9 2 102 2 854 856 855 3162 3163 3164
681 9 2 102 2 806 857 362 3165 3166 3167
682 9 2 102 2 858 854 855 3168 3164 3169
683 9 2 102 2 787 788 773 2989 3170 3109
684 9 2 102 2 859 844 769 3171 3142 3172
685 9 2 102 2 810 860 809 3173 3174 3050
686 9 2 102 2 859 769 861 3172 3175 3176
687 9 2 102 2 485 529 862 2431 3177 3178
688 9 2 102 2 485 862 486 3178 3179 2356
689 9 2 102 2 402 488 863 2487 3180 3181
690 9 2 102 2 863 488 864 3180 3182 3183
691 9 2 102 2 781 866 865 3184 3185 3186
692 9 2 102 2 822 466 811 3187 3188 3084
693 9 2 102 2 830 868 867 3189 3190 3191
694 9 2 102 2 869 871 870 3192 3193 3194
695 9 2 102 2 869 870 872 3194 3195 3196
696 9 2 102 2 873 875 874 3197 3198 3199
697 9 2 102 2 874 875 876 3198 3200 3201
698 9 2 102 2 877 879 878 3202 3203 3204
699 9 2 102 2 877 878 880 3204 3205 3206
700 9 2 102 2 797 796 356 3010 3136 3207
701 9 2 102 2 881 869 882 3208 3209 3210
702 9 2 102 2 476 828 817 3211 3097 3212
703 9 2 102 2 882 869 872 3209 3196 3213
704 9 2 102 2 537 884 883 3214 3215 3216
705 9 2 102 2 883 884 885 3215 3217 3218
706 9 2 102 2 803 804 853 3032 3219 3160
707 9 2 102 2 886 887 883 3220 3221 3222
708 9 2 102 2 807 806 362 3037 3167 3223
709 9 2 102 2 883 887 540 3221 3224 3225
710 9 2 102 2 888 890 889 3226 3227 3228
711 9 2 102 2 888 889 885 3228 3229 3230
712 9 2 102 2 891 893 892 3231 3232 3233
713 9 2 102 2 892 893 880 3232 3234 3235
714 9 2 102 2 894 896 895 3236 3237 3238
715 9 2 102 2 895 896 897 3237 3239 3240
716 9 2 102 2 898 900 899 3241 3242 3243
717 9 2 102 2 898 899 876 3243 3244 3245
718 9 2 102 2 529 581 862 2520 3246 3177
719 9 2 102 2 581 901 862 3247 3248 3246
720 9 2 102 2 902 903 896 3249 3250 3251
721 9 2 102 2 896 903 897 3250 3252 3239
722 9 2 102 2 864 488 773 3182 2953 3253
723 9 2 102 2 874 905 904 3254 3255 3256
724 9 2 102 2 906 908 907 3257 3258 3259
725 9 2 102 2 909 899 910 3260 3261 3262
726 9 2 102 2 626 912 911 3263 3264 3265
727 9 2 102 2 911 912 913 3264 3266 3267
728 9 2 102 2 914 915 713 3268 3269 3270
729 9 2 102 2 914 713 841 3270 3271 3272
730 9 2 102 2 916 917 878 3273 3274 3275
731 9 2 102 2 916 878 918 3275 3276 3277
732 9 2 102 2 919 921 920 3278 3279 3280
733 9 2 102 2 922 924 923 3281 3282 3283
734 9 2 102 2 925 927 926 3284 3285 3286
735 9 2 102 2 928 930 929 3287 3288 3289
736 9 2 102 2 931 933 932 3290 3291 3292
737 9 2 102 2 932 933 934 3291 3293 3294
738 9 2 102 2 544 931 932 3295 3292 3296
739 9 2 102 2 928 929 935 3289 3297 3298
740 9 2 102 2 936 937 409 3299 3300 3301
741 9 2 102 2 409 937 411 3300 3302 2262
742 9 2 102 2 938 940 939 3303 3304 3305
743 9 2 102 2 941 943 942 3306 3307 3308
744 9 2 102 2 925 938 944 3309 3310 3311
745 9 2 102 2 944 938 939 3310 3305 3312
746 9 2 102 2 945 947 946 3313 3314 3315
747 9 2 102 2 947 948 946 3316 3317 3314
748 9 2 102 2 949 951 950 3318 3319 3320
749 9 2 102 2 950 951 604 3319 3321 3322
750 9 2 102 2 952 954 953 3323 3324 3325
751 9 2 102 2 953 954 251 3324 3326 3327
752 9 2 102 2 955 956 800 3328 3329 3330
753 9 2 102 2 834 835 957 3114 3331 3332
754 9 2 102 2 958 960 959 3333 3334 3335
755 9 2 102 2 958 959 961 3335 3336 3337
756 9 2 102 2 345 346 962 2180 3338 3339
757 9 2 102 2 962 346 32 3338 3340 3341
758 9 2 102 2 868 964 963 3342 3343 3344
759 9 2 102 2 868 963 957 3344 3345 3346
760 9 2 102 2 965 966 442 3347 3348 3349
761 9 2 102 2 492 968 967 3350 3351 3352
762 9 2 102 2 969 971 970 3353 3354 3355
763 9 2 102 2 972 974 973 3356 3357 3358
764 9 2 102 2 975 977 976 3359 3360 3361
765 9 2 102 2 976 977 184 3360 3362 3363
766 9 2 102 2 978 980 979 3364 3365 3366
767 9 2 102 2 978 979 981 3366 3367 3368
768 9 2 102 2 982 984 983 3369 3370 3371
769 9 2 102 2 982 983 985 3371 3372 3373
770 9 2 102 2 986 988 987 3374 3375 3376
771 9 2 102 2 987 988 21 3375 3377 3378
772 9 2 102 2 989 991 990 3379 3380 3381
773 9 2 102 2 992 994 993 3382 3383 3384
774 9 2 102 2 992 993 995 3384 3385 3386
775 9 2 102 2 996 998 997 3387 3388 3389
776 9 2 102 2 996 997 999 3389 3390 3391
777 9 2 102 2 1000 1001 341 3392 3393 3394
778 9 2 102 2 852 853 1002 3161 3395 3396
779 9 2 102 2 1003 1005 1004 3397 3398 3399
780 9 2 102 2 362 857 752 3166 3400 3401
781 9 2 102 2 1004 1005 1006 3398 3402 3403
782 9 2 102 2 855 1008 1007 3404 3405 3406
783 9 2 102 2 855 1007 858 3406 3407 3169
784 9 2 102 2 341 1001 343 3393 3408 2177
785 9 2 102 2 1009 1000 1010 3409 3410 3411
786 9 2 102 2 1011 1013 1012 3412 3413 3414
787 9 2 102 2 1009 1010 1014 3411 3415 3416
788 9 2 102 2 468 800 956 3417 3329 3418
789 9 2 102 2 666 668 1015 2685 3419 3420
790 9 2 102 2 800 468 1016 3417 3421 3422
791 9 2 102 2 664 665 248 2681 3423 3424
792 9 2 102 2 1017 1019 1018 3425 3426 3427
793 9 2 102 2 1017 1018 98 3427 3428 3429
794 9 2 102 2 1005 566 1020 3430 3431 3432
795 9 2 102 2 1005 1020 1006 3432 3433 3402
796 9 2 102 2 424 1022 1021 3434 3435 3436
797 9 2 102 2 424 1021 1023 3436 3437 3438
798 9 2 102 2 1024 352 1025 3439 3440 3441
799 9 2 102 2 1025 352 370 3440 2212 3442
800 9 2 102 2 1026 1028 1027 3443 3444 3445
801 9 2 102 2 1027 1028 1029 3444 3446 3447
802 9 2 102 2 538 1031 1030 3448 3449 3450
803 9 2 102 2 359 176 177 2202 215 3451
804 9 2 102 2 1001 1024 1032 3452 3453 3454
805 9 2 102 2 1033 963 1034 3455 3456 3457
806 9 2 102 2 1001 1032 343 3454 3458 3408
807 9 2 102 2 937 1035 406 3459 3460 3461
808 9 2 102 2 1036 1038 1037 3462 3463 3464
809 9 2 102 2 1036 1037 23 3464 3465 3466
810 9 2 102 2 937 406 411 3461 3467 3302
811 9 2 102 2 1039 1040 388 3468 3469 3470
812 9 2 102 2 388 1040 1041 3469 3471 3472
813 9 2 102 2 1042 1044 1043 3473 3474 3475
814 9 2 102 2 1045 1046 354 3476 3477 3478
815 9 2 102 2 1042 1043 1047 3475 3479 3480
816 9 2 102 2 1048 1049 419 3481 3482 3483
817 9 2 102 2 419 1049 421 3482 3484 2273
818 9 2 102 2 1050 1052 1051 3485 3486 3487
819 9 2 102 2 1050 1051 1053 3487 3488 3489
820 9 2 102 2 1054 1055 999 3490 3491 3492
821 9 2 102 2 1056 1057 767 3493 3494 3495
822 9 2 102 2 1056 767 1058 3495 3496 3497
823 9 2 102 2 1059 1061 1060 3498 3499 3500
824 9 2 102 2 1060 1061 985 3499 3501 3502
825 9 2 102 2 492 967 792 3352 3503 3504
826 9 2 102 2 792 363 492 3505 3506 3504
827 9 2 102 2 1031 1062 924 3507 3508 3509
828 9 2 102 2 946 1064 1063 3510 3511 3512
829 9 2 102 2 1065 1067 1066 3513 3514 3515
830 9 2 102 2 1068 1070 1069 3516 3517 3518
831 9 2 102 2 1069 1070 1071 3517 3519 3520
832 9 2 102 2 1065 1066 1072 3515 3521 3522
833 9 2 102 2 1031 924 1030 3509 3523 3449
834 9 2 102 2 1073 1075 1074 3524 3525 3526
835 9 2 102 2 1076 1077 979 3527 3528 3529
836 9 2 102 2 1073 1079 1078 3530 3531 3532
837 9 2 102 2 1078 1079 1080 3531 3533 3534
838 9 2 102 2 1076 979 1081 3529 3535 3536
839 9 2 102 2 1082 1077 1083 3537 3538 3539
840 9 2 102 2 1084 1086 1085 3540 3541 3542
841 9 2 102 2 1082 1083 1087 3539 3543 3544
842 9 2 102 2 1088 1084 1085 3545 3542 3546
843 9 2 102 2 1088 1085 347 3546 3547 3548
844 9 2 102 2 1089 928 558 3549 3550 3551
845 9 2 102 2 558 928 935 3550 3298 3552
846 9 2 102 2 1008 1090 453 3553 3554 3555
847 9 2 102 2 1008 453 1091 3555 3556 3557
848 9 2 102 2 617 638 616 2626 3558 2584
849 9 2 102 2 616 638 1092 3558 3559 3560
850 9 2 102 2 969 970 1093 3355 3561 3562
851 9 2 102 2 623 655 622 2662 3563 2592
852 9 2 102 2 1094 1096 1095 3564 3565 3566
853 9 2 102 2 1095 1096 1097 3565 3567 3568
854 9 2 102 2 1098 1100 1099 3569 3570 3571
855 9 2 102 2 1099 1100 1101 3570 3572 3573
856 9 2 102 2 622 655 1102 3563 3574 3575
857 9 2 102 2 1102 672 622 3576 2698 3575
858 9 2 102 2 1103 1105 1104 3577 3578 3579
859 9 2 102 2 1103 1104 1106 3579 3580 3581
860 9 2 102 2 1107 1109 1108 3582 3583 3584
861 9 2 102 2 1108 1109 1110 3583 3585 3586
862 9 2 102 2 1111 1113 1112 3587 3588 3589
863 9 2 102 2 1114 1116 1115 3590 3591 3592
864 9 2 102 2 1117 366 1118 3593 3594 3595
865 9 2 102 2 1111 1112 1119 3589 3596 3597
866 9 2 102 2 1057 1113 1120 3598 3599 3600
867 9 2 102 2 1057 1120 771 3600 3601 3602
868 9 2 102 2 1121 1122 791 3603 3604 3605
869 9 2 102 2 1121 791 944 3605 3606 3607
870 9 2 102 2 1123 1124 557 3608 3609 3610
871 9 2 102 2 1125 449 1126 3611 3612 3613
872 9 2 102 2 1127 940 1086 3614 3615 3616
873 9 2 102 2 1126 449 1128 3612 3617 3618
874 9 2 102 2 1129 1125 1130 3619 3620 3621
875 9 2 102 2 1131 394 100 3622 3623 3624
876 9 2 102 2 1129 1130 1132 3621 3625 3626
877 9 2 102 2 1133 1135 1134 3627 3628 3629
878 9 2 102 2 1134 1135 1136 3628 3630 3631
879 9 2 102 2 1137 1139 1138 3632 3633 3634
880 9 2 102 2 1138 1139 1140 3633 3635 3636
881 9 2 102 2 1141 1098 1142 3637 3638 3639
882 9 2 102 2 1142 1098 1143 3638 3640 3641
883 9 2 102 2 1144 1145 441 3642 3643 3644
884 9 2 102 2 1144 441 966 3644 3645 3646
885 9 2 102 2 1116 1146 1115 3647 3648 3591
886 9 2 102 2 1147 1148 1067 3649 3650 3651
887 9 2 102 2 1067 1148 724 3650 3652 3653
888 9 2 102 2 1149 1150 974 3654 3655 3656
889 9 2 102 2 1115 1151 1114 3657 3658 3592
890 9 2 102 2 1152 728 547 3659 3660 3661
891 9 2 102 2 547 728 336 3660 2833 2719
892 9 2 102 2 1153 872 1154 3662 3663 3664
893 9 2 102 2 1149 974 1155 3656 3665 3666
894 9 2 102 2 784 1156 786 3667 3668 2983
895 9 2 102 2 1157 1159 1158 3669 3670 3671
896 9 2 102 2 120 521 119 2655 2415 158
897 9 2 102 2 1157 1158 1160 3671 3672 3673
898 9 2 102 2 1161 1163 1162 3674 3675 3676
899 9 2 102 2 1162 1163 1164 3675 3677 3678
900 9 2 102 2 1165 1166 997 3679 3680 3681
901 9 2 102 2 786 1168 1167 3682 3683 3684
902 9 2 102 2 997 1166 999 3680 3685 3390
903 9 2 102 2 1168 786 1156 3682 3668 3686
904 9 2 102 2 1169 1171 1170 3687 3688 3689
905 9 2 102 2 1169 1170 1172 3689 3690 3691
906 9 2 102 2 1173 1175 1174 3692 3693 3694
907 9 2 102 2 1174 1175 1176 3693 3695 3696
908 9 2 102 2 45 514 44 2616 2403 81
909 9 2 102 2 1100 1178 1177 3697 3698 3699
910 9 2 102 2 1179 1180 162 3700 3701 3702
911 9 2 102 2 1180 1179 1102 3700 3703 3704
912 9 2 102 2 655 653 1180 2678 3705 3706
913 9 2 102 2 1100 1177 1101 3699 3707 3572
914 9 2 102 2 1180 1102 655 3704 3574 3706
915 9 2 102 2 1181 1182 85 3708 3709 3710
916 9 2 102 2 1182 1181 1092 3708 3711 3712
917 9 2 102 2 638 633 1182 2645 3713 3714
918 9 2 102 2 1182 1092 638 3712 3559 3714
919 9 2 102 2 531 11 545 3715 3716 3717
920 9 2 102 2 1183 1185 1184 3718 3719 3720
921 9 2 102 2 545 11 12 3716 48 3721
922 9 2 102 2 1186 545 12 3722 3721 3723
923 9 2 102 2 1187 511 532 3724 2440 3725
924 9 2 102 2 552 1187 598 3726 3727 3728
925 9 2 102 2 1187 532 598 3725 2613 3727
926 9 2 102 2 1184 1185 1188 3719 3729 3730
927 9 2 102 2 757 728 1152 2919 3659 3731
928 9 2 102 2 1152 14 757 3732 3733 3731
929 9 2 102 2 1189 1191 1190 3734 3735 3736
930 9 2 102 2 552 598 551 3728 2557 2467
931 9 2 102 2 1191 1015 1190 3737 3738 3735
932 9 2 102 2 552 549 1192 2466 3739 3740
933 9 2 102 2 1015 854 1193 3741 3742 3743
934 9 2 102 2 1194 1183 1195 3744 3745 3746
935 9 2 102 2 1196 1198 1197 3747 3748 3749
936 9 2 102 2 571 656 502 2716 3750 2505
937 9 2 102 2 1194 1195 1199 3746 3751 3752
938 9 2 102 2 1200 1202 1201 3753 3754 3755
939 9 2 102 2 1200 1201 1203 3755 3756 3757
940 9 2 102 2 1150 1205 1204 3758 3759 3760
941 9 2 102 2 1150 1204 973 3760 3761 3762
942 9 2 102 2 1206 1208 1207 3763 3764 3765
943 9 2 102 2 350 348 364 2184 2205 3766
944 9 2 102 2 854 858 1193 3168 3767 3742
945 9 2 102 2 1206 1207 1058 3765 3768 3769
946 9 2 102 2 561 642 491 2699 3770 2481
947 9 2 102 2 739 1209 1153 3771 3772 3773
948 9 2 102 2 425 1211 1210 3774 3775 3776
949 9 2 102 2 575 550 551 3777 2465 2555
950 9 2 102 2 425 1210 433 3776 3778 2290
951 9 2 102 2 1122 1212 426 3779 3780 3781
952 9 2 102 2 1122 426 429 3781 2284 3782
953 9 2 102 2 1213 1215 1214 3783 3784 3785
954 9 2 102 2 1213 1214 1216 3785 3786 3787
955 9 2 102 2 1204 1218 1217 3788 3789 3790
956 9 2 102 2 861 739 1153 3791 3773 3792
957 9 2 102 2 609 1219 524 3793 3794 3795
958 9 2 102 2 1204 1217 973 3790 3796 3761
959 9 2 102 2 1220 1222 1221 3797 3798 3799
960 9 2 102 2 530 609 524 2604 3795 2436
961 9 2 102 2 531 314 2 2434 316 3800
962 9 2 102 2 1220 1221 1223 3799 3801 3802
963 9 2 102 2 1222 1224 1159 3803 3804 3805
964 9 2 102 2 11 531 2 3715 3800 47
965 9 2 102 2 1159 1224 1188 3804 3806 3807
966 9 2 102 2 379 377 1225 2219 3808 3809
967 9 2 102 2 1225 377 1127 3808 3810 3811
968 9 2 102 2 569 575 573 3812 2509 2580
969 9 2 102 2 939 1226 1121 3813 3814 3815
970 9 2 102 2 939 1121 944 3815 3607 3312
971 9 2 102 2 1226 1227 930 3816 3817 3818
972 9 2 102 2 930 1227 1228 3817 3819 3820
973 9 2 102 2 1148 1229 719 3821 3822 3823
974 9 2 102 2 1148 719 724 3823 2823 3652
975 9 2 102 2 1229 1230 1173 3824 3825 3826
976 9 2 102 2 575 569 500 3812 2499 3827
977 9 2 102 2 545 546 531 2458 3828 3717
978 9 2 102 2 1173 1230 1231 3825 3829 3830
979 9 2 102 2 739 861 738 3791 3831 2864
980 9 2 102 2 1232 1233 1213 3832 3833 3834
981 9 2 102 2 1232 1213 1216 3834 3787 3835
982 9 2 102 2 531 546 530 3828 2606 2435
983 9 2 102 2 1233 1235 1234 3836 3837 3838
984 9 2 102 2 1234 1235 989 3837 3839 3840
985 9 2 102 2 1236 1237 1162 3841 3842 3843
986 9 2 102 2 1162 1237 1238 3842 3844 3845
987 9 2 102 2 1239 1240 1043 3846 3847 3848
988 9 2 102 2 1043 1240 1047 3847 3849 3479
989 9 2 102 2 1241 1243 1242 3850 3851 3852
990 9 2 102 2 1241 1242 1244 3852 3853 3854
991 9 2 102 2 435 592 1157 2543 3855 3856
992 9 2 102 2 437 438 679 2297 2713 3857
993 9 2 102 2 1245 1196 1197 3858 3749 3859
994 9 2 102 2 1246 653 121 3860 3861 3862
995 9 2 102 2 1247 1249 1248 3863 3864 3865
996 9 2 102 2 1248 1249 1250 3864 3866 3867
997 9 2 102 2 653 120 121 2656 159 3861
998 9 2 102 2 1251 1253 1252 3868 3869 3870
999 9 2 102 2 1178 1247 1254 3871 3872 3873
1000 9 2 102 2 1255 1257 1256 3874 3875 3876
1001 9 2 102 2 1178 1254 1258 3873 3877 3878
1002 9 2 102 2 1259 1260 1060 3879 3880 3881
1003 9 2 102 2 1060 1260 1261 3880 3882 3883
1004 9 2 102 2 1262 1259 1263 3884 3885 3886
1005 9 2 102 2 1262 1263 1264 3886 3887 3888
1006 9 2 102 2 1240 1266 1265 3889 3890 3891
1007 9 2 102 2 1256 1257 417 3875 3892 3893
1008 9 2 102 2 1267 633 46 3894 3895 3896
1009 9 2 102 2 633 45 46 2617 82 3895
1010 9 2 102 2 104 1268 103 3897 3898 142
1011 9 2 102 2 1240 1265 1047 3891 3899 3849
1012 9 2 102 2 1269 1271 1270 3900 3901 3902
1013 9 2 102 2 1269 1270 1272 3902 3903 3904
1014 9 2 102 2 1211 1274 1273 3905 3906 3907
1015 9 2 102 2 1211 1273 1244 3907 3908 3909
1016 9 2 102 2 350 364 1275 3766 3910 3911
1017 9 2 102 2 1274 1276 1177 3912 3913 3914
1018 9 2 102 2 1177 1276 1101 3913 3915 3707
1019 9 2 102 2 1277 1278 1042 3916 3917 3918
1020 9 2 102 2 1277 1042 1047 3918 3480 3919
1021 9 2 102 2 1278 1279 1170 3920 3921 3922
1022 9 2 102 2 1280 272 1187 3923 3924 3925
1023 9 2 102 2 1170 1279 1172 3921 3926 3690
1024 9 2 102 2 1281 1283 1282 3927 3928 3929
1025 9 2 102 2 271 1187 272 3930 3924 308
1026 9 2 102 2 1219 238 6 3931 274 3932
1027 9 2 102 2 315 1219 6 3933 3932 318
1028 9 2 102 2 524 1219 315 3794 3933 2423
1029 9 2 102 2 470 466 822 2333 3187 3934
1030 9 2 102 2 238 1219 1284 3931 3935 3936
1031 9 2 102 2 473 470 822 3937 3934 3938
1032 9 2 102 2 1281 1282 995 3929 3939 3940
1033 9 2 102 2 377 1286 1285 3941 3942 3943
1034 9 2 102 2 623 520 521 3141 2416 2660
1035 9 2 102 2 377 1285 1127 3943 3944 3810
1036 9 2 102 2 1287 1289 1288 3945 3946 3947
1037 9 2 102 2 800 795 955 3948 3949 3330
1038 9 2 102 2 617 513 514 3027 2404 2624
1039 9 2 102 2 1290 1291 784 3950 3951 3952
1040 9 2 102 2 1287 1288 1292 3947 3953 3954
1041 9 2 102 2 1156 784 1291 3667 3951 3955
1042 9 2 102 2 1241 1294 1293 3956 3957 3958
1043 9 2 102 2 1251 1252 1295 3870 3959 3960
1044 9 2 102 2 1256 1290 784 3961 3952 3962
1045 9 2 102 2 1037 942 987 3963 3964 3965
1046 9 2 102 2 22 1037 987 3966 3965 3967
1047 9 2 102 2 802 1297 1296 3968 3969 3970
1048 9 2 102 2 552 1280 1187 3971 3925 3726
1049 9 2 102 2 802 1296 806 3970 3972 3035
1050 9 2 102 2 1251 1068 1253 3973 3974 3868
1051 9 2 102 2 1192 1280 552 3975 3971 3740
1052 9 2 102 2 1298 1011 602 3976 3977 3978
1053 9 2 102 2 1299 799 1300 3979 3980 3981
1054 9 2 102 2 545 1186 547 3722 3982 2456
1055 9 2 102 2 1300 799 803 3980 3030 3983
1056 9 2 102 2 497 481 816 3984 3985 3986
1057 9 2 102 2 455 457 512 2318 3987 3988
1058 9 2 102 2 482 481 497 2350 3984 2393
1059 9 2 102 2 1301 403 555 3989 2497 3990
1060 9 2 102 2 560 1301 555 3991 3990 2479
1061 9 2 102 2 197 550 196 2462 3992 235
1062 9 2 102 2 522 403 1301 3993 3989 3994
1063 9 2 102 2 648 245 1302 3995 3996 3997
1064 9 2 102 2 1303 648 1302 3998 3997 3999
1065 9 2 102 2 1241 1293 1304 3958 4000 4001
1066 9 2 102 2 1305 1294 1273 4002 4003 4004
1067 9 2 102 2 775 774 1306 2962 4005 4006
1068 9 2 102 2 605 1298 602 4007 3978 2566
1069 9 2 102 2 244 1302 245 4008 3996 281
1070 9 2 102 2 1059 1308 1307 4009 4010 4011
1071 9 2 102 2 1284 607 407 4012 4013 4014
1072 9 2 102 2 85 1182 1267 3709 4015 4016
1073 9 2 102 2 1284 407 239 4014 2257 4017
1074 9 2 102 2 1309 479 1310 4018 4019 4020
1075 9 2 102 2 1310 479 480 4019 2348 4021
1076 9 2 102 2 515 1312 1311 4022 4023 4024
1077 9 2 102 2 477 478 1313 2343 4025 4026
1078 9 2 102 2 1312 515 1314 4022 4027 4028
1079 9 2 102 2 92 1312 1314 4029 4028 4030
1080 9 2 102 2 476 477 828 2344 4031 3211
1081 9 2 102 2 469 470 471 2334 4032 4033
1082 9 2 102 2 477 1315 828 4034 4035 4031
1083 9 2 102 2 1299 1300 1316 3981 4036 4037
1084 9 2 102 2 415 1291 1290 4038 3950 4039
1085 9 2 102 2 1181 85 86 3710 124 4040
1086 9 2 102 2 415 1290 417 4039 4041 2267
1087 9 2 102 2 1299 1316 709 4037 4042 4043
1088 9 2 102 2 865 1318 1317 4044 4045 4046
1089 9 2 102 2 162 1180 1246 3701 4047 4048
1090 9 2 102 2 709 1316 1319 4042 4049 4050
1091 9 2 102 2 1316 1320 1319 4051 4052 4049
1092 9 2 102 2 860 556 554 4053 2470 4054
1093 9 2 102 2 788 461 864 3042 4055 4056
1094 9 2 102 2 1261 1308 1059 4057 4009 4058
1095 9 2 102 2 804 775 1321 3076 4059 4060
1096 9 2 102 2 1307 1308 1322 4010 4061 4062
1097 9 2 102 2 792 807 363 3078 4063 3505
1098 9 2 102 2 1323 1325 1324 4064 4065 4066
1099 9 2 102 2 457 797 357 3068 4067 4068
1100 9 2 102 2 457 357 512 4068 3046 3987
1101 9 2 102 2 824 816 481 3090 3985 4069
1102 9 2 102 2 1326 1328 1327 4070 4071 4072
1103 9 2 102 2 1179 162 163 3702 201 4073
1104 9 2 102 2 802 808 516 3039 4074 4075
1105 9 2 102 2 802 516 1297 4075 4076 3968
1106 9 2 102 2 805 799 729 3033 4077 4078
1107 9 2 102 2 729 799 1299 4077 3979 4079
1108 9 2 102 2 793 798 1329 3012 4080 4081
1109 9 2 102 2 793 1329 415 4081 4082 3129
1110 9 2 102 2 1284 1219 607 3935 4083 4012
1111 9 2 102 2 609 607 1219 2569 4083 3793
1112 9 2 102 2 407 607 692 4013 4084 2743
1113 9 2 102 2 692 607 608 4084 2571 2796
1114 9 2 102 2 789 783 700 2990 4085 4086
1115 9 2 102 2 1246 161 162 4087 200 4048
1116 9 2 102 2 1267 84 85 4088 123 4016
1117 9 2 102 2 700 783 682 4085 3101 2773
1118 9 2 102 2 782 1331 1330 4089 4090 4091
1119 9 2 102 2 273 1192 5 4092 4093 310
1120 9 2 102 2 1330 1331 115 4090 4094 4095
1121 9 2 102 2 1192 198 5 4096 237 4093
1122 9 2 102 2 198 1192 549 4096 3739 4097
1123 9 2 102 2 1332 764 1333 4098 4099 4100
1124 9 2 102 2 1332 1333 15 4100 4101 4102
1125 9 2 102 2 1328 1326 1334 4070 4103 4104
1126 9 2 102 2 478 474 496 2345 4105 4106
1127 9 2 102 2 1187 271 511 3930 2398 3724
1128 9 2 102 2 169 1328 1334 4107 4104 4108
1129 9 2 102 2 1182 633 1267 3713 3894 4015
1130 9 2 102 2 468 469 1016 2335 4109 3421
1131 9 2 102 2 1325 1335 1324 4110 4111 4065
1132 9 2 102 2 1180 653 1246 3705 3860 4047
1133 9 2 102 2 648 246 245 2922 282 3995
1134 9 2 102 2 1323 1324 1336 4066 4112 4113
1135 9 2 102 2 1337 712 1338 4114 4115 4116
1136 9 2 102 2 712 1337 1339 4114 4117 4118
1137 9 2 102 2 1280 1192 273 3975 4092 4119
1138 9 2 102 2 1317 1318 1340 4045 4120 4121
1139 9 2 102 2 272 1280 273 3923 4119 309
1140 9 2 102 2 1330 115 116 4095 154 4122
1141 9 2 102 2 161 1246 4 4087 4123 199
1142 9 2 102 2 1246 121 4 3862 160 4123
1143 9 2 102 2 1330 726 782 4124 2977 4091
1144 9 2 102 2 726 1330 116 4124 4122 2830
1145 9 2 102 2 1337 190 1339 4125 4126 4117
1146 9 2 102 2 35 632 630 4127 2610 4128
1147 9 2 102 2 632 35 36 4127 72 4129
1148 9 2 102 2 582 527 510 2523 2427 4130
1149 9 2 102 2 84 1267 3 4088 4131 122
1150 9 2 102 2 1341 943 1342 4132 4133 4134
1151 9 2 102 2 1267 46 3 3896 83 4131
1152 9 2 102 2 196 550 500 3992 4135 2378
1153 9 2 102 2 941 1342 943 4136 4133 3306
1154 9 2 102 2 1296 1297 1343 3969 4137 4138
1155 9 2 102 2 857 1296 1343 4139 4138 4140
1156 9 2 102 2 1296 857 806 4139 3165 3972
1157 9 2 102 2 575 500 550 3827 4135 3777
1158 9 2 102 2 1300 852 1316 4141 4142 4036
1159 9 2 102 2 1179 163 491 4073 2363 4143
1160 9 2 102 2 1318 1344 1340 4144 4145 4120
1161 9 2 102 2 852 1300 803 4141 3983 3159
1162 9 2 102 2 1181 86 502 4040 2382 4146
1163 9 2 102 2 582 510 509 4130 2395 4147
1164 9 2 102 2 1343 1297 517 4137 4148 4149
1165 9 2 102 2 1343 517 1345 4149 4150 4151
1166 9 2 102 2 1346 1343 1345 4152 4151 4153
1167 9 2 102 2 874 876 909 3201 4154 4155
1168 9 2 102 2 677 1347 676 4156 4157 2709
1169 9 2 102 2 876 899 909 3244 3260 4154
1170 9 2 102 2 794 504 1321 3004 4158 4159
1171 9 2 102 2 13 1186 12 4160 3723 49
1172 9 2 102 2 1007 1091 1348 4161 4162 4163
1173 9 2 102 2 909 905 874 4164 3254 4155
1174 9 2 102 2 238 1284 239 3936 4017 275
1175 9 2 102 2 858 1007 1348 3407 4163 4165
1176 9 2 102 2 1091 1007 1008 4161 3405 3557
1177 9 2 102 2 198 549 197 4097 2463 236
1178 9 2 102 2 1156 1291 1349 3955 4166 4167
1179 9 2 102 2 1291 1326 1349 4168 4169 4166
1180 9 2 102 2 1326 1291 1329 4168 4170 4171
1181 9 2 102 2 900 1350 960 4172 4173 4174
1182 9 2 102 2 910 900 960 4175 4174 4176
1183 9 2 102 2 701 676 1351 2775 4177 4178
1184 9 2 102 2 1352 1351 1189 4179 4180 4181
1185 9 2 102 2 1353 582 509 4182 4147 4183
1186 9 2 102 2 1351 1352 701 4179 4184 4178
1187 9 2 102 2 1354 1355 1315 4185 4186 4187
1188 9 2 102 2 1313 1354 1315 4188 4187 4189
1189 9 2 102 2 1290 1256 417 3961 3893 4041
1190 9 2 102 2 1356 1357 1012 4190 4191 4192
1191 9 2 102 2 864 773 788 3253 3170 4056
1192 9 2 102 2 1358 1359 745 4193 4194 4195
1193 9 2 102 2 745 1359 581 4194 4196 4197
1194 9 2 102 2 662 663 1360 2673 4198 4199
1195 9 2 102 2 662 1360 483 4199 4200 4201
1196 9 2 102 2 1361 662 483 4202 4201 4203
1197 9 2 102 2 362 363 807 2199 4063 3223
1198 9 2 102 2 1362 1363 912 4204 4205 4206
1199 9 2 102 2 1321 853 804 4207 3219 4060
1200 9 2 102 2 1363 1364 912 4208 4209 4205
1201 9 2 102 2 356 357 797 2193 4067 3207
1202 9 2 102 2 911 383 626 4210 2608 3265
1203 9 2 102 2 911 913 380 3267 4211 4212
1204 9 2 102 2 383 911 380 4210 4212 2226
1205 9 2 102 2 949 1365 891 4213 4214 4215
1206 9 2 102 2 648 1303 647 3998 4216 2644
1207 9 2 102 2 1366 949 1367 4217 4218 4219
1208 9 2 102 2 1367 949 891 4218 4215 4220
1209 9 2 102 2 711 1319 1368 4221 4222 4223
1210 9 2 102 2 1369 1368 1370 4224 4225 4226
1211 9 2 102 2 1368 1369 711 4224 4227 4223
1212 9 2 102 2 1346 820 1371 4228 4229 4230
1213 9 2 102 2 1346 821 820 4231 3081 4228
1214 9 2 102 2 474 1372 496 4232 4233 4105
1215 9 2 102 2 1372 474 1373 4232 4234 4235
1216 9 2 102 2 1346 1374 821 4236 4237 4231
1217 9 2 102 2 1345 523 1375 4238 4239 4240
1218 9 2 102 2 1375 1377 1376 4241 4242 4243
1219 9 2 102 2 1305 1273 1258 4004 4244 4245
1220 9 2 102 2 1377 1375 523 4241 4239 4246
1221 9 2 102 2 846 867 847 4247 4248 3146
1222 9 2 102 2 867 846 832 4247 4249 4250
1223 9 2 102 2 827 1320 1378 4251 4252 4253
1224 9 2 102 2 826 1320 827 4254 4251 3094
1225 9 2 102 2 1379 1320 826 4255 4254 4256
1226 9 2 102 2 1351 676 1380 4177 4257 4258
1227 9 2 102 2 1380 676 1347 4257 4157 4259
1228 9 2 102 2 1381 1357 1356 4260 4190 4261
1229 9 2 102 2 1357 1381 1382 4260 4262 4263
1230 9 2 102 2 1383 1385 1384 4264 4265 4266
1231 9 2 102 2 892 917 1367 4267 4268 4269
1232 9 2 102 2 1367 917 1386 4268 4270 4271
1233 9 2 102 2 917 916 1386 3273 4272 4270
1234 9 2 102 2 1345 1375 1374 4240 4273 4274
1235 9 2 102 2 15 1333 14 4101 4275 51
1236 9 2 102 2 757 1333 764 4276 4099 2931
1237 9 2 102 2 1333 757 14 4276 3733 4275
1238 9 2 102 2 1345 1374 1346 4274 4236 4153
1239 9 2 102 2 675 1387 700 4277 4278 2774
1240 9 2 102 2 1371 820 484 4229 4279 4280
1241 9 2 102 2 1343 1371 857 4281 4282 4140
1242 9 2 102 2 1371 484 752 4280 2904 4283
1243 9 2 102 2 1371 752 857 4283 3400 4282
1244 9 2 102 2 827 1378 507 4253 4284 4285
1245 9 2 102 2 1378 1316 852 4286 4142 4287
1246 9 2 102 2 1034 963 964 3456 3343 4288
1247 9 2 102 2 1388 1390 1389 4289 4290 4291
1248 9 2 102 2 507 1378 1002 4284 4292 4293
1249 9 2 102 2 1002 1378 852 4292 4287 3396
1250 9 2 102 2 1114 1391 469 4294 4295 4296
1251 9 2 102 2 1391 1016 469 4297 4109 4295
1252 9 2 102 2 1027 1029 902 3447 4298 4299
1253 9 2 102 2 1027 1392 1026 4300 4301 3445
1254 9 2 102 2 1392 1027 902 4300 4299 4302
1255 9 2 102 2 1322 1393 763 4303 4304 4305
1256 9 2 102 2 1393 256 763 4306 2954 4304
1257 9 2 102 2 1368 1319 1379 4222 4307 4308
1258 9 2 102 2 1379 1319 1320 4307 4052 4255
1259 9 2 102 2 1394 1396 1395 4309 4310 4311
1260 9 2 102 2 1397 1394 1395 4312 4311 4313
1261 9 2 102 2 1152 547 1186 3661 3982 4314
1262 9 2 102 2 1152 1186 13 4314 4160 4315
1263 9 2 102 2 14 1152 13 3732 4315 50
1264 9 2 102 2 585 459 460 4316 2320 3048
1265 9 2 102 2 1398 860 810 4317 3173 4318
1266 9 2 102 2 1399 1398 810 4319 4318 4320
1267 9 2 102 2 361 492 363 2366 3506 2198
1268 9 2 102 2 429 1400 790 4321 4322 2998
1269 9 2 102 2 668 664 649 2684 4323 4324
1270 9 2 102 2 664 247 649 4325 4326 4323
1271 9 2 102 2 713 915 715 3269 4327 2804
1272 9 2 102 2 715 915 108 4327 4328 4329
1273 9 2 102 2 715 108 109 4329 147 4330
1274 9 2 102 2 1003 1402 1401 4331 4332 4333
1275 9 2 102 2 1403 1003 1401 4334 4333 4335
1276 9 2 102 2 759 1347 760 4336 4337 2923
1277 9 2 102 2 1388 1389 1199 4291 4338 4339
1278 9 2 102 2 1321 504 853 4158 4340 4207
1279 9 2 102 2 1380 1347 759 4259 4336 4341
1280 9 2 102 2 504 1002 853 4342 3395 4340
1281 9 2 102 2 1400 429 427 4321 2283 4343
1282 9 2 102 2 1404 464 836 4344 3116 4345
1283 9 2 102 2 1404 836 840 4345 4346 4347
1284 9 2 102 2 840 836 584 4346 4348 4349
1285 9 2 102 2 482 498 1361 2394 4350 4351
1286 9 2 102 2 1405 1407 1406 4352 4353 4354
1287 9 2 102 2 17 1405 1406 4355 4354 4356
1288 9 2 102 2 1405 17 18 4355 54 4357
1289 9 2 102 2 828 1408 1331 4358 4359 4360
1290 9 2 102 2 1408 114 1331 4361 4362 4359
1291 9 2 102 2 795 800 673 3948 3022 4363
1292 9 2 102 2 1409 810 1332 4364 4365 4366
1293 9 2 102 2 16 1409 1332 4367 4366 4368
1294 9 2 102 2 1384 1410 556 4369 4370 4371
1295 9 2 102 2 1410 560 556 4372 2478 4370
1296 9 2 102 2 737 801 739 3065 4373 2863
1297 9 2 102 2 739 801 1411 4373 4374 4375
1298 9 2 102 2 739 1411 1209 4375 4376 3771
1299 9 2 102 2 1395 1396 1412 4310 4377 4378
1300 9 2 102 2 1413 1395 1412 4379 4378 4380
1301 9 2 102 2 1414 1365 1415 4381 4382 4383
1302 9 2 102 2 1416 1414 1415 4384 4383 4385
1303 9 2 102 2 459 585 401 4316 2528 4386
1304 9 2 102 2 863 459 401 4387 4386 4388
1305 9 2 102 2 28 1400 427 4389 4343 4390
1306 9 2 102 2 455 512 414 3988 3049 4391
1307 9 2 102 2 825 455 414 4392 4391 4393
1308 9 2 102 2 1417 1341 1342 4394 4134 4395
1309 9 2 102 2 624 1419 1418 4396 4397 4398
1310 9 2 102 2 1419 34 1418 4399 4400 4397
1311 9 2 102 2 1417 1342 1403 4395 4401 4402
1312 9 2 102 2 1417 1403 1401 4402 4335 4403
1313 9 2 102 2 1420 1421 887 4404 4405 4406
1314 9 2 102 2 1421 1422 887 4407 4408 4405
1315 9 2 102 2 455 825 454 4392 3092 2316
1316 9 2 102 2 1423 1424 495 4409 4410 4411
1317 9 2 102 2 968 499 777 4412 3086 4413
1318 9 2 102 2 1054 420 1425 4414 4415 4416
1319 9 2 102 2 171 1423 495 4417 4411 2371
1320 9 2 102 2 1419 1426 962 4418 4419 4420
1321 9 2 102 2 33 1419 962 4421 4420 4422
1322 9 2 102 2 819 1306 774 4423 4005 3080
1323 9 2 102 2 420 418 1425 2270 4424 4415
1324 9 2 102 2 1427 1429 1428 4425 4426 4427
1325 9 2 102 2 1257 509 620 4428 2590 4429
1326 9 2 102 2 1430 1431 508 4430 4431 4432
1327 9 2 102 2 94 1430 508 4433 4432 2392
1328 9 2 102 2 554 585 809 2526 3047 4434
1329 9 2 102 2 860 554 809 4054 4434 3174
1330 9 2 102 2 1432 1433 506 4435 4436 4437
1331 9 2 102 2 874 904 873 3256 4438 3199
1332 9 2 102 2 1433 188 506 4439 2388 4436
1333 9 2 102 2 825 475 817 4440 4441 3093
1334 9 2 102 2 475 476 817 2340 3212 4441
1335 9 2 102 2 475 825 1373 4440 4442 4443
1336 9 2 102 2 499 497 816 2375 3986 3087
1337 9 2 102 2 1350 1435 1434 4444 4445 4446
1338 9 2 102 2 1435 1436 1434 4447 4448 4445
1339 9 2 102 2 467 819 811 4449 3079 4450
1340 9 2 102 2 466 467 811 2331 4450 3188
1341 9 2 102 2 819 467 956 4449 4451 4452
1342 9 2 102 2 1349 1327 1437 4453 4454 4455
1343 9 2 102 2 1168 1349 1437 4456 4455 4457
1344 9 2 102 2 498 501 862 2380 4458 4459
1345 9 2 102 2 862 501 486 4458 4460 3179
1346 9 2 102 2 1196 1438 1348 4461 4462 4463
1347 9 2 102 2 1091 1196 1348 4464 4463 4162
1348 9 2 102 2 518 1311 1439 4465 4466 4467
1349 9 2 102 2 1377 518 1439 4468 4467 4469
1350 9 2 102 2 1338 710 1440 4470 4471 4472
1351 9 2 102 2 1407 1405 1441 4352 4473 4474
1352 9 2 102 2 710 1369 1440 4475 4476 4471
1353 9 2 102 2 474 475 1373 2341 4443 4234
1354 9 2 102 2 1442 1443 1310 4477 4478 4479
1355 9 2 102 2 1360 1442 1310 4480 4479 4481
1356 9 2 102 2 472 1445 1444 4482 4483 4484
1357 9 2 102 2 1446 895 1447 4485 4486 4487
1358 9 2 102 2 895 1446 894 4485 4488 3238
1359 9 2 102 2 895 897 1447 3240 4489 4486
1360 9 2 102 2 1445 264 1444 4490 4491 4483
1361 9 2 102 2 467 468 956 2330 3418 4451
1362 9 2 102 2 1448 1450 1449 4492 4493 4494
1363 9 2 102 2 1450 1451 1449 4495 4496 4493
1364 9 2 102 2 1146 1444 600 4497 4498 4499
1365 9 2 102 2 1444 263 600 4500 4501 4498
1366 9 2 102 2 473 1452 1445 4502 4503 4504
1367 9 2 102 2 1453 97 1018 4505 4506 4507
1368 9 2 102 2 918 1453 1018 4508 4507 4509
1369 9 2 102 2 97 1453 96 4505 4510 135
1370 9 2 102 2 889 1454 886 4511 4512 4513
1371 9 2 102 2 885 889 886 3229 4513 4514
1372 9 2 102 2 1454 889 890 4511 3227 4515
1373 9 2 102 2 1063 594 1455 4516 4517 4518
1374 9 2 102 2 1063 945 946 4519 3315 3512
1375 9 2 102 2 945 1063 1455 4519 4518 4520
1376 9 2 102 2 1452 265 1445 4521 4522 4503
1377 9 2 102 2 823 1457 1456 4523 4524 4525
1378 9 2 102 2 1457 1458 1456 4526 4527 4524
1379 9 2 102 2 1450 1402 1459 4528 4529 4530
1380 9 2 102 2 1460 243 242 4531 279 4532
1381 9 2 102 2 1460 736 789 4533 2991 4534
1382 9 2 102 2 736 1460 242 4533 4532 2862
1383 9 2 102 2 1461 1450 1459 4535 4530 4536
1384 9 2 102 2 1462 1372 412 4537 4538 4539
1385 9 2 102 2 496 1372 1462 4233 4537 4540
1386 9 2 102 2 1463 1464 1454 4541 4542 4543
1387 9 2 102 2 1463 1454 1465 4543 4544 4545
1388 9 2 102 2 174 1463 1465 4546 4545 4547
1389 9 2 102 2 1462 412 526 4539 4548 4549
1390 9 2 102 2 526 412 413 4548 2266 4550
1391 9 2 102 2 800 1016 801 3422 4551 3020
1392 9 2 102 2 631 1442 1363 4552 4553 4554
1393 9 2 102 2 1442 727 1363 4555 4556 4553
1394 9 2 102 2 501 499 968 2381 4412 4557
1395 9 2 102 2 492 501 968 4558 4557 3350
1396 9 2 102 2 901 498 862 4559 4459 3248
1397 9 2 102 2 1361 498 901 4350 4559 4560
1398 9 2 102 2 1466 1392 1467 4561 4562 4563
1399 9 2 102 2 260 1466 1467 4564 4563 4565
1400 9 2 102 2 1468 1469 1354 4566 4567 4568
1401 9 2 102 2 570 1468 1354 4569 4568 4570
1402 9 2 102 2 1470 1471 953 4571 4572 4573
1403 9 2 102 2 250 1470 953 4574 4573 4575
1404 9 2 102 2 1416 1472 821 4576 4577 4578
1405 9 2 102 2 1472 628 821 4579 4580 4577
1406 9 2 102 2 1473 1436 826 4581 4582 4583
1407 9 2 102 2 650 1473 826 4584 4583 4585
1408 9 2 102 2 812 829 814 4586 4587 3055
1409 9 2 102 2 1474 1427 1275 4588 4589 4590
1410 9 2 102 2 1475 1048 1476 4591 4592 4593
1411 9 2 102 2 1477 1478 922 4594 4595 4596
1412 9 2 102 2 1479 1480 1228 4597 4598 4599
1413 9 2 102 2 1481 1477 922 4600 4596 4601
1414 9 2 102 2 1482 1303 1483 4602 4603 4604
1415 9 2 102 2 1352 1482 1483 4605 4604 4606
1416 9 2 102 2 904 1484 873 4607 4608 4438
1417 9 2 102 2 1484 186 873 4609 4610 4608
1418 9 2 102 2 1479 1228 1485 4599 4611 4612
1419 9 2 102 2 1486 1214 1487 4613 4614 4615
1420 9 2 102 2 1327 1328 495 4071 4616 4617
1421 9 2 102 2 1487 1214 1488 4614 4618 4619
1422 9 2 102 2 1328 170 495 4620 2370 4616
1423 9 2 102 2 1489 1479 1485 4621 4612 4622
1424 9 2 102 2 1490 1492 1491 4623 4624 4625
1425 9 2 102 2 1493 1494 766 4626 4627 4628
1426 9 2 102 2 1453 918 879 4508 4629 4630
1427 9 2 102 2 96 1453 879 4510 4630 4631
1428 9 2 102 2 1311 1312 508 4023 4632 4633
1429 9 2 102 2 1312 93 508 4634 2391 4632
1430 9 2 102 2 1373 412 1372 4635 4538 4235
1431 9 2 102 2 412 1373 414 4635 4636 2264
1432 9 2 102 2 1337 1338 506 4116 4637 4638
1433 9 2 102 2 189 1337 506 4639 4638 2387
1434 9 2 102 2 1495 1168 1437 4640 4457 4641
1435 9 2 102 2 1424 1495 1437 4642 4641 4643
1436 9 2 102 2 606 1496 1115 4644 4645 4646
1437 9 2 102 2 1493 766 771 4628 2944 4647
1438 9 2 102 2 1496 1497 1115 4648 4649 4645
1439 9 2 102 2 819 955 1306 4650 4651 4423
1440 9 2 102 2 190 1337 189 4125 4639 228
1441 9 2 102 2 955 794 1306 4652 4653 4651
1442 9 2 102 2 1494 1499 1498 4654 4655 4656
1443 9 2 102 2 1498 1499 1500 4655 4657 4658
1444 9 2 102 2 1501 1377 1439 4659 4469 4660
1445 9 2 102 2 1312 92 93 4029 131 4634
1446 9 2 102 2 1431 1501 1439 4661 4660 4662
1447 9 2 102 2 1369 1502 1440 4663 4664 4476
1448 9 2 102 2 1271 1503 1205 4665 4666 4667
1449 9 2 102 2 1502 1432 1440 4668 4669 4664
1450 9 2 102 2 1271 1205 1504 4667 4670 4671
1451 9 2 102 2 1451 1505 1301 4672 4673 4674
1452 9 2 102 2 1289 1503 1506 4675 4676 4677
1453 9 2 102 2 1289 1506 1507 4677 4678 4679
1454 9 2 102 2 1508 1509 1044 4680 4681 4682
1455 9 2 102 2 1044 1509 1510 4681 4683 4684
1456 9 2 102 2 948 373 946 4685 4686 3317
1457 9 2 102 2 1511 1508 1171 4687 4688 4689
1458 9 2 102 2 1505 576 1301 4690 4691 4673
1459 9 2 102 2 403 522 402 3993 4692 2252
1460 9 2 102 2 1511 1171 1512 4689 4693 4694
1461 9 2 102 2 481 479 824 2346 4695 4069
1462 9 2 102 2 1513 1515 1514 4696 4697 4698
1463 9 2 102 2 798 1516 1334 4699 4700 4701
1464 9 2 102 2 1516 168 1334 4702 4703 4700
1465 9 2 102 2 1517 824 1518 4704 4705 4706
1466 9 2 102 2 39 1517 1518 4707 4706 4708
1467 9 2 102 2 1519 805 1339 4709 4710 4711
1468 9 2 102 2 1514 1515 1223 4697 4712 4713
1469 9 2 102 2 191 1519 1339 4714 4711 4715
1470 9 2 102 2 1460 789 1520 4534 4716 4717
1471 9 2 102 2 243 1460 1520 4531 4717 4718
1472 9 2 102 2 168 1516 167 4702 4719 206
1473 9 2 102 2 1513 1522 1521 4720 4721 4722
1474 9 2 102 2 744 1516 798 4723 4699 3013
1475 9 2 102 2 1516 744 167 4723 2881 4719
1476 9 2 102 2 1521 1522 1523 4721 4724 4725
1477 9 2 102 2 1519 191 192 4714 230 4726
1478 9 2 102 2 1519 749 805 4727 3034 4709
1479 9 2 102 2 749 1519 192 4727 4726 2896
1480 9 2 102 2 91 1524 90 4728 4729 129
1481 9 2 102 2 751 1524 808 4730 4731 3040
1482 9 2 102 2 1524 751 90 4730 2901 4729
1483 9 2 102 2 1525 1526 1194 4732 4733 4734
1484 9 2 102 2 1194 1526 1527 4733 4735 4736
1485 9 2 102 2 918 878 879 3276 3203 4629
1486 9 2 102 2 1528 1525 1389 4737 4738 4739
1487 9 2 102 2 880 878 917 3205 3274 4740
1488 9 2 102 2 1528 1389 1529 4739 4741 4742
1489 9 2 102 2 1530 1531 1528 4743 4744 4745
1490 9 2 102 2 1530 1528 1529 4745 4742 4746
1491 9 2 102 2 808 1524 1314 4731 4747 4748
1492 9 2 102 2 1524 91 1314 4728 4749 4747
1493 9 2 102 2 822 1532 1452 4750 4751 4752
1494 9 2 102 2 1532 266 1452 4753 4754 4751
1495 9 2 102 2 1461 1533 1505 4755 4756 4757
1496 9 2 102 2 1533 1534 1505 4758 4759 4756
1497 9 2 102 2 1151 1535 1391 4760 4761 4762
1498 9 2 102 2 1535 1411 1391 4763 4764 4761
1499 9 2 102 2 1536 1537 1472 4765 4766 4767
1500 9 2 102 2 1537 843 1472 4768 4769 4766
1501 9 2 102 2 1538 1539 1249 4770 4771 4772
1502 9 2 102 2 1540 1542 1541 4773 4774 4775
1503 9 2 102 2 1543 1545 1544 4776 4777 4778
1504 9 2 102 2 1328 169 170 4107 208 4620
1505 9 2 102 2 1302 244 1520 4008 4779 4780
1506 9 2 102 2 1544 1545 1546 4777 4781 4782
1507 9 2 102 2 1302 1387 1303 4783 4784 3999
1508 9 2 102 2 1543 404 405 4785 2256 4786
1509 9 2 102 2 1275 1427 1428 4589 4427 4787
1510 9 2 102 2 1541 1542 1547 4774 4788 4789
1511 9 2 102 2 1387 1302 1520 4783 4780 4790
1512 9 2 102 2 906 907 1548 3259 4791 4792
1513 9 2 102 2 1549 870 871 4793 3193 4794
1514 9 2 102 2 1550 1552 1551 4795 4796 4797
1515 9 2 102 2 872 870 1154 3195 4798 3663
1516 9 2 102 2 1551 1552 1553 4796 4799 4800
1517 9 2 102 2 1554 1522 1555 4801 4802 4803
1518 9 2 102 2 1443 1556 1309 4804 4805 4806
1519 9 2 102 2 1556 1443 1557 4804 4807 4808
1520 9 2 102 2 1548 907 1558 4791 4809 4810
1521 9 2 102 2 1559 1560 1514 4811 4812 4813
1522 9 2 102 2 1559 1514 1223 4813 4713 4814
1523 9 2 102 2 1561 1490 1562 4815 4816 4817
1524 9 2 102 2 37 1556 1557 4818 4808 4819
1525 9 2 102 2 1563 1564 1441 4820 4821 4822
1526 9 2 102 2 1562 1490 1491 4816 4625 4823
1527 9 2 102 2 1470 249 1565 4824 4825 4826
1528 9 2 102 2 1566 1568 1567 4827 4828 4829
1529 9 2 102 2 1471 1470 1565 4571 4826 4830
1530 9 2 102 2 1566 1567 1569 4829 4831 4832
1531 9 2 102 2 249 1470 250 4824 4574 286
1532 9 2 102 2 1570 1571 1544 4833 4834 4835
1533 9 2 102 2 700 1387 789 4278 4836 4086
1534 9 2 102 2 1564 1563 1572 4820 4837 4838
1535 9 2 102 2 1069 1071 1573 3520 4839 4840
1536 9 2 102 2 1570 1544 1546 4835 4782 4841
1537 9 2 102 2 1574 1069 1573 4842 4840 4843
1538 9 2 102 2 667 666 1193 2683 4844 4845
1539 9 2 102 2 1571 1570 1133 4833 4846 4847
1540 9 2 102 2 1133 1570 1575 4846 4848 4849
1541 9 2 102 2 666 1015 1193 3420 3743 4844
1542 9 2 102 2 1576 908 1562 4850 4851 4852
1543 9 2 102 2 1562 908 1577 4851 4853 4854
1544 9 2 102 2 1578 1580 1579 4855 4856 4857
1545 9 2 102 2 1563 19 1572 4858 4859 4837
1546 9 2 102 2 1578 1579 1500 4857 4860 4861
1547 9 2 102 2 1581 1583 1582 4862 4863 4864
1548 9 2 102 2 1584 1585 1533 4865 4866 4867
1549 9 2 102 2 1585 1586 1533 4868 4869 4866
1550 9 2 102 2 1582 1583 1250 4863 4870 4871
1551 9 2 102 2 1387 675 1483 4277 4872 4873
1552 9 2 102 2 1587 1236 1138 4874 4875 4876
1553 9 2 102 2 675 701 1483 2776 4877 4872
1554 9 2 102 2 1138 1236 1164 4875 4878 4879
1555 9 2 102 2 1588 1589 1473 4880 4881 4882
1556 9 2 102 2 1590 1592 1591 4883 4884 4885
1557 9 2 102 2 845 1588 1473 4886 4882 4887
1558 9 2 102 2 1490 1593 1492 4888 4889 4623
1559 9 2 102 2 1469 1594 1355 4890 4891 4892
1560 9 2 102 2 1595 1590 1596 4893 4894 4895
1561 9 2 102 2 1594 1469 589 4890 4896 4897
1562 9 2 102 2 1595 1596 1597 4895 4898 4899
1563 9 2 102 2 112 1594 589 4900 4897 4901
1564 9 2 102 2 1598 1240 367 4902 4903 4904
1565 9 2 102 2 1563 1441 1405 4822 4473 4905
1566 9 2 102 2 18 1563 1405 4906 4905 4357
1567 9 2 102 2 1326 1329 798 4171 4080 4907
1568 9 2 102 2 677 682 831 2721 3108 4908
1569 9 2 102 2 415 1329 1291 4082 4170 4038
1570 9 2 102 2 1599 1601 1600 4909 4910 4911
1571 9 2 102 2 1600 1601 1602 4910 4912 4913
1572 9 2 102 2 515 516 808 2410 4074 4914
1573 9 2 102 2 1297 516 517 4076 2409 4148
1574 9 2 102 2 1603 1605 1604 4915 4916 4917
1575 9 2 102 2 729 712 805 2837 4918 4078
1576 9 2 102 2 1606 1608 1607 4919 4920 4921
1577 9 2 102 2 1604 1605 1609 4916 4922 4923
1578 9 2 102 2 1563 18 19 4906 55 4858
1579 9 2 102 2 729 1299 709 4079 4043 2838
1580 9 2 102 2 1309 1556 1610 4805 4924 4925
1581 9 2 102 2 1556 38 1610 4926 4927 4924
1582 9 2 102 2 1611 1568 1612 4928 4929 4930
1583 9 2 102 2 38 1556 37 4926 4818 74
1584 9 2 102 2 1612 1568 1613 4929 4931 4932
1585 9 2 102 2 1355 1594 1614 4891 4933 4934
1586 9 2 102 2 1594 113 1614 4935 4936 4933
1587 9 2 102 2 620 355 356 2589 2194 4937
1588 9 2 102 2 752 361 362 2903 2200 3401
1589 9 2 102 2 760 1347 831 4337 4938 4939
1590 9 2 102 2 113 1594 112 4935 4900 151
1591 9 2 102 2 1615 1072 1616 4940 4941 4942
1592 9 2 102 2 1611 969 1617 4943 4944 4945
1593 9 2 102 2 98 1018 97 3428 4506 136
1594 9 2 102 2 640 845 650 3145 4946 2646
1595 9 2 102 2 1618 1619 1147 4947 4948 4949
1596 9 2 102 2 918 1018 1019 4509 3426 4950
1597 9 2 102 2 1618 1147 1620 4949 4951 4952
1598 9 2 102 2 1617 969 1093 4944 3562 4953
1599 9 2 102 2 953 251 250 3327 287 4575
1600 9 2 102 2 1621 1615 1616 4954 4942 4955
1601 9 2 102 2 953 1471 952 4572 4956 3325
1602 9 2 102 2 651 833 1622 4957 4958 4959
1603 9 2 102 2 833 651 660 4957 2671 4960
1604 9 2 102 2 110 651 1622 4961 4959 4962
1605 9 2 102 2 1340 1624 1623 4963 4964 4965
1606 9 2 102 2 1625 1627 1626 4966 4967 4968
1607 9 2 102 2 1626 1627 1628 4967 4969 4970
1608 9 2 102 2 814 1629 823 4971 4972 3089
1609 9 2 102 2 1630 1631 1202 4973 4974 4975
1610 9 2 102 2 1586 1629 1534 4976 4977 4978
1611 9 2 102 2 670 737 738 3072 2865 4979
1612 9 2 102 2 1359 681 901 4980 4981 4982
1613 9 2 102 2 581 1359 901 4196 4982 3247
1614 9 2 102 2 1202 1631 1632 4974 4983 4984
1615 9 2 102 2 1623 1624 1633 4964 4985 4986
1616 9 2 102 2 843 627 628 3137 2600 4987
1617 9 2 102 2 1301 560 1451 3991 4988 4674
1618 9 2 102 2 1634 1636 1635 4989 4990 4991
1619 9 2 102 2 1301 576 522 4691 4992 3994
1620 9 2 102 2 1637 1638 1135 4993 4994 4995
1621 9 2 102 2 849 661 681 3151 2718 4996
1622 9 2 102 2 1637 1135 1575 4995 4997 4998
1623 9 2 102 2 1598 367 1639 4904 4999 5000
1624 9 2 102 2 1640 1511 1512 5001 4694 5002
1625 9 2 102 2 836 462 1462 3117 5003 5004
1626 9 2 102 2 1641 1642 1531 5005 5006 5007
1627 9 2 102 2 584 836 1462 4348 5004 5008
1628 9 2 102 2 601 838 606 3121 5009 2567
1629 9 2 102 2 1414 1376 1365 5010 5011 4381
1630 9 2 102 2 1327 1349 1326 4453 4169 4072
1631 9 2 102 2 1156 1349 1168 4167 4456 3686
1632 9 2 102 2 1643 1645 1644 5012 5013 5014
1633 9 2 102 2 1531 1642 1646 5006 5015 5016
1634 9 2 102 2 436 1647 781 5017 5018 2973
1635 9 2 102 2 801 1016 1411 4551 5019 4374
1636 9 2 102 2 1414 1416 1374 4384 5020 5021
1637 9 2 102 2 1643 1397 1648 5022 5023 5024
1638 9 2 102 2 1347 677 831 4156 4908 4938
1639 9 2 102 2 1649 1647 1613 5025 5026 5027
1640 9 2 102 2 1649 1613 1650 5027 5028 5029
1641 9 2 102 2 1651 1652 1230 5030 5031 5032
1642 9 2 102 2 1651 1230 1653 5032 5033 5034
1643 9 2 102 2 710 1338 712 4470 4115 2803
1644 9 2 102 2 710 711 1369 2800 4227 4475
1645 9 2 102 2 1311 518 515 4465 2411 4024
1646 9 2 102 2 1652 1640 1654 5035 5036 5037
1647 9 2 102 2 523 518 1377 2422 4468 4246
1648 9 2 102 2 1370 1435 1350 5038 4444 5039
1649 9 2 102 2 1654 1640 1512 5036 5002 5040
1650 9 2 102 2 1436 1435 1379 4447 5041 5042
1651 9 2 102 2 1376 893 891 5043 3231 5044
1652 9 2 102 2 880 893 1431 3234 5045 5046
1653 9 2 102 2 1634 1635 1655 4991 5047 5048
1654 9 2 102 2 383 381 1084 2225 5049 5050
1655 9 2 102 2 1545 1656 1546 5051 5052 4781
1656 9 2 102 2 898 1370 900 5053 5054 3241
1657 9 2 102 2 1482 1352 1657 4605 5055 5056
1658 9 2 102 2 1390 1659 1658 5057 5058 5059
1659 9 2 102 2 1482 647 1303 5060 4216 4602
1660 9 2 102 2 647 1482 1657 5060 5056 5061
1661 9 2 102 2 266 1532 267 4753 5062 303
1662 9 2 102 2 1390 1658 1529 5059 5063 5064
1663 9 2 102 2 776 1532 822 5065 4750 3085
1664 9 2 102 2 1659 1661 1660 5066 5067 5068
1665 9 2 102 2 1660 1661 1662 5067 5069 5070
1666 9 2 102 2 1517 39 40 4707 76 5071
1667 9 2 102 2 1517 779 824 5072 3091 4704
1668 9 2 102 2 369 1475 399 5073 5074 2247
1669 9 2 102 2 101 1131 100 5075 3624 139
1670 9 2 102 2 898 876 1432 3245 5076 5077
1671 9 2 102 2 399 1475 1476 5074 4593 5078
1672 9 2 102 2 1483 1303 1387 4603 4784 4873
1673 9 2 102 2 1483 701 1352 4877 4184 4606
1674 9 2 102 2 1663 369 1239 5079 5080 5081
1675 9 2 102 2 1331 114 115 4362 153 4094
1676 9 2 102 2 1663 1239 1510 5081 5082 5083
1677 9 2 102 2 1331 782 828 4089 3098 4360
1678 9 2 102 2 1287 1664 1218 5084 5085 5086
1679 9 2 102 2 16 1332 15 4368 4102 52
1680 9 2 102 2 1287 1218 1665 5086 5087 5088
1681 9 2 102 2 764 1332 810 4098 4365 3051
1682 9 2 102 2 962 1426 345 4419 5089 3339
1683 9 2 102 2 962 32 33 3341 69 4422
1684 9 2 102 2 1666 1668 1667 5090 5091 5092
1685 9 2 102 2 494 832 570 3112 5093 2502
1686 9 2 102 2 1361 901 681 4560 4981 5094
1687 9 2 102 2 1413 1412 1380 4380 5095 5096
1688 9 2 102 2 1189 1412 1396 5097 4377 5098
1689 9 2 102 2 1667 1668 1602 5091 5099 5100
1690 9 2 102 2 1669 1671 1670 5101 5102 5103
1691 9 2 102 2 1669 1670 1672 5103 5104 5105
1692 9 2 102 2 1624 1671 1673 5106 5107 5108
1693 9 2 102 2 1674 897 446 5109 5110 5111
1694 9 2 102 2 1624 1673 1633 5108 5112 4985
1695 9 2 102 2 185 1484 976 5113 5114 5115
1696 9 2 102 2 1675 1677 1676 5116 5117 5118
1697 9 2 102 2 1484 904 976 4607 5119 5114
1698 9 2 102 2 1676 1677 1678 5117 5120 5121
1699 9 2 102 2 1484 185 186 5113 224 4609
1700 9 2 102 2 1675 1634 1679 5122 5123 5124
1701 9 2 102 2 897 1674 1680 5109 5125 5126
1702 9 2 102 2 1679 1634 1655 5123 5048 5127
1703 9 2 102 2 1681 1682 1195 5128 5129 5130
1704 9 2 102 2 1681 1195 1683 5130 5131 5132
1705 9 2 102 2 1634 1675 1676 5122 5118 5133
1706 9 2 102 2 1634 1676 1684 5133 5134 5135
1707 9 2 102 2 1353 1255 1685 5136 5137 5138
1708 9 2 102 2 1686 1688 1687 5139 5140 5141
1709 9 2 102 2 785 1255 1256 5142 3876 5143
1710 9 2 102 2 1687 1688 1689 5140 5144 5145
1711 9 2 102 2 1690 1691 1095 5146 5147 5148
1712 9 2 102 2 1095 1691 1692 5147 5149 5150
1713 9 2 102 2 1255 785 1685 5142 5151 5137
1714 9 2 102 2 1283 1693 1595 5152 5153 5154
1715 9 2 102 2 1283 1595 1597 5154 4899 5155
1716 9 2 102 2 663 727 1360 2832 5156 4198
1717 9 2 102 2 885 884 1424 3217 5157 5158
1718 9 2 102 2 1693 1587 1694 5159 5160 5161
1719 9 2 102 2 496 1462 462 4540 5003 2374
1720 9 2 102 2 1694 1587 1140 5160 5162 5163
1721 9 2 102 2 584 1462 526 5008 4549 5164
1722 9 2 102 2 1579 1696 1695 5165 5166 5167
1723 9 2 102 2 173 1465 890 5168 5169 5170
1724 9 2 102 2 1695 1696 1697 5166 5171 5172
1725 9 2 102 2 1465 1454 890 4544 4515 5169
1726 9 2 102 2 1698 1699 1506 5173 5174 5175
1727 9 2 102 2 1465 173 174 5168 212 4547
1728 9 2 102 2 1578 1701 1700 5176 5177 5178
1729 9 2 102 2 1702 1564 1703 5179 5180 5181
1730 9 2 102 2 1700 1701 1704 5177 5182 5183
1731 9 2 102 2 863 401 402 4388 2253 3181
1732 9 2 102 2 1240 1239 367 3846 5184 4903
1733 9 2 102 2 943 1341 986 4132 5185 5186
1734 9 2 102 2 1167 884 537 5187 3214 5188
1735 9 2 102 2 942 943 986 3307 5186 5189
1736 9 2 102 2 17 1406 1409 4356 5190 5191
1737 9 2 102 2 1558 1706 1705 5192 5193 5194
1738 9 2 102 2 1707 405 1708 5195 5196 5197
1739 9 2 102 2 1709 1711 1710 5198 5199 5200
1740 9 2 102 2 1709 1710 1292 5200 5201 5202
1741 9 2 102 2 1707 1708 1712 5197 5203 5204
1742 9 2 102 2 1281 1714 1713 5205 5206 5207
1743 9 2 102 2 1399 1406 1407 5208 4353 5209
1744 9 2 102 2 1406 1399 1409 5208 5210 5190
1745 9 2 102 2 1385 1702 1703 5211 5181 5212
1746 9 2 102 2 883 540 537 3225 2450 3216
1747 9 2 102 2 1713 1714 1715 5206 5213 5214
1748 9 2 102 2 1716 1663 1717 5215 5216 5217
1749 9 2 102 2 883 885 886 3218 4514 3222
1750 9 2 102 2 1716 1717 1718 5217 5218 5219
1751 9 2 102 2 1610 38 1518 4927 5220 5221
1752 9 2 102 2 1499 1578 1500 5222 4861 4657
1753 9 2 102 2 1610 479 1309 5223 4018 4925
1754 9 2 102 2 479 1610 1518 5223 5221 5224
1755 9 2 102 2 414 1373 825 4636 4442 4393
1756 9 2 102 2 1564 1702 1441 5179 5225 4821
1757 9 2 102 2 910 899 900 3261 3242 4175
1758 9 2 102 2 882 872 1209 3213 5226 5227
1759 9 2 102 2 882 1151 881 5228 5229 3210
1760 9 2 102 2 1380 759 1413 4341 5230 5096
1761 9 2 102 2 501 492 486 4558 2365 4460
1762 9 2 102 2 1093 1526 1719 5231 5232 5233
1763 9 2 102 2 1387 1520 789 4790 4716 4836
1764 9 2 102 2 1093 1719 1646 5233 5234 5235
1765 9 2 102 2 243 1520 244 4718 4779 280
1766 9 2 102 2 956 955 819 3328 4650 4452
1767 9 2 102 2 794 955 795 4652 3949 3006
1768 9 2 102 2 1324 1720 1336 5236 5237 4112
1769 9 2 102 2 590 110 111 5238 149 2538
1770 9 2 102 2 110 590 651 5238 2650 4961
1771 9 2 102 2 818 1395 1413 5239 4379 5240
1772 9 2 102 2 1395 818 1397 5239 5241 4313
1773 9 2 102 2 1614 113 1408 4936 5242 5243
1774 9 2 102 2 1614 1315 1355 5244 4186 4934
1775 9 2 102 2 1336 1720 1721 5237 5245 5246
1776 9 2 102 2 1631 1722 1107 5247 5248 5249
1777 9 2 102 2 1315 1614 1408 5244 5243 5250
1778 9 2 102 2 712 1339 805 4118 4710 4918
1779 9 2 102 2 191 1339 190 4715 4126 229
1780 9 2 102 2 1314 515 808 4027 4914 4748
1781 9 2 102 2 1314 91 92 4749 130 4030
1782 9 2 102 2 1631 1107 1632 5249 5251 4983
1783 9 2 102 2 1723 1539 1724 5252 5253 5254
1784 9 2 102 2 1723 1724 1725 5254 5255 5256
1785 9 2 102 2 349 1727 1726 5257 5258 5259
1786 9 2 102 2 349 1726 1728 5259 5260 5261
1787 9 2 102 2 1048 1475 1729 4591 5262 5263
1788 9 2 102 2 1048 1729 1660 5263 5264 5265
1789 9 2 102 2 1105 105 106 5266 144 5267
1790 9 2 102 2 1475 1730 1729 5268 5269 5262
1791 9 2 102 2 1729 1730 1731 5269 5270 5271
1792 9 2 102 2 1459 1584 1461 5272 5273 4536
1793 9 2 102 2 1334 1326 798 4103 4907 4701
1794 9 2 102 2 1334 168 169 4703 207 4108
1795 9 2 102 2 1584 1459 1006 5272 5274 5275
1796 9 2 102 2 1732 1734 1733 5276 5277 5278
1797 9 2 102 2 1732 1733 1735 5278 5279 5280
1798 9 2 102 2 1074 981 1073 5281 5282 3526
1799 9 2 102 2 1734 1732 1736 5276 5283 5284
1800 9 2 102 2 1736 1732 1737 5283 5285 5286
1801 9 2 102 2 1493 1739 1738 5287 5288 5289
1802 9 2 102 2 1321 775 1306 4059 4006 5290
1803 9 2 102 2 381 451 1740 5291 5292 5293
1804 9 2 102 2 1740 451 1741 5292 5294 5295
1805 9 2 102 2 506 1440 1432 5296 4669 4437
1806 9 2 102 2 1440 506 1338 5296 4637 4472
1807 9 2 102 2 1439 508 1431 5297 4431 4662
1808 9 2 102 2 508 1439 1311 5297 4466 4633
1809 9 2 102 2 983 1197 1263 5298 5299 5300
1810 9 2 102 2 1445 472 473 4482 2337 4504
1811 9 2 102 2 1445 265 264 4522 301 4490
1812 9 2 102 2 1437 495 1424 5301 4410 4643
1813 9 2 102 2 495 1437 1327 5301 4454 4617
1814 9 2 102 2 932 934 1742 3294 5302 5303
1815 9 2 102 2 1263 1197 1264 5299 5304 3887
1816 9 2 102 2 1197 983 1743 5298 5305 5306
1817 9 2 102 2 1197 1743 1245 5306 5307 3859
1818 9 2 102 2 1644 1394 1643 5308 5309 5014
1819 9 2 102 2 892 1367 891 4269 4220 3233
1820 9 2 102 2 1643 1394 1397 5309 4312 5022
1821 9 2 102 2 892 880 917 3235 4740 4267
1822 9 2 102 2 1744 1745 1425 5310 5311 5312
1823 9 2 102 2 815 261 837 5313 5314 3118
1824 9 2 102 2 1425 1745 1055 5311 5315 5316
1825 9 2 102 2 1091 453 1746 3556 5317 5318
1826 9 2 102 2 1091 1746 1198 5318 5319 5320
1827 9 2 102 2 1323 1744 1325 5321 5322 4064
1828 9 2 102 2 1321 1306 794 5290 4653 4159
1829 9 2 102 2 1535 1209 1411 5323 4376 4763
1830 9 2 102 2 261 815 262 5313 3064 298
1831 9 2 102 2 1450 1461 1451 4535 5324 4495
1832 9 2 102 2 544 932 1747 3296 5325 5326
1833 9 2 102 2 544 1747 1748 5326 5327 5328
1834 9 2 102 2 1450 1448 1402 4492 5329 4528
1835 9 2 102 2 1749 1751 1750 5330 5331 5332
1836 9 2 102 2 1751 1752 1750 5333 5334 5331
1837 9 2 102 2 1535 1151 882 4760 5228 5335
1838 9 2 102 2 393 1074 1753 5336 5337 5338
1839 9 2 102 2 1394 856 1396 5339 5340 4309
1840 9 2 102 2 856 1394 1644 5339 5308 5341
1841 9 2 102 2 1209 1535 882 5323 5335 5227
1842 9 2 102 2 393 1753 1754 5338 5342 5343
1843 9 2 102 2 1755 1757 1756 5344 5345 5346
1844 9 2 102 2 1755 1756 1758 5346 5347 5348
1845 9 2 102 2 1759 29 30 5349 66 5350
1846 9 2 102 2 1466 259 1026 5351 5352 5353
1847 9 2 102 2 1505 1534 576 4759 5354 4690
1848 9 2 102 2 1757 1760 1756 5355 5356 5345
1849 9 2 102 2 1392 1466 1026 4561 5353 4301
1850 9 2 102 2 502 656 1181 3750 5357 4146
1851 9 2 102 2 259 1466 260 5351 4564 296
1852 9 2 102 2 1364 1363 727 4208 4556 5358
1853 9 2 102 2 523 1345 517 4238 4150 2421
1854 9 2 102 2 1757 1755 1761 5344 5359 5360
1855 9 2 102 2 631 1363 1362 4554 4204 5361
1856 9 2 102 2 1761 1755 1172 5359 5362 5363
1857 9 2 102 2 1505 1451 1461 4672 5324 4757
1858 9 2 102 2 859 861 1762 3176 5364 5365
1859 9 2 102 2 1319 711 709 4221 2799 4050
1860 9 2 102 2 1762 861 1763 5364 5366 5367
1861 9 2 102 2 738 639 670 2945 2700 4979
1862 9 2 102 2 1685 785 1478 5151 5368 5369
1863 9 2 102 2 1685 596 1353 5370 5371 5138
1864 9 2 102 2 595 1481 839 5372 5373 3122
1865 9 2 102 2 1181 656 1092 5357 5374 3711
1866 9 2 102 2 1764 1118 431 5375 5376 5377
1867 9 2 102 2 1764 431 1765 5377 5378 5379
1868 9 2 102 2 248 665 1565 3423 5380 5381
1869 9 2 102 2 442 1766 965 5382 5383 3349
1870 9 2 102 2 544 542 1767 2453 5384 5385
1871 9 2 102 2 665 667 1565 2682 5386 5380
1872 9 2 102 2 1767 542 1768 5384 5387 5388
1873 9 2 102 2 1738 1494 1493 5389 4626 5289
1874 9 2 102 2 760 831 490 4939 5390 5391
1875 9 2 102 2 1769 1771 1770 5392 5393 5394
1876 9 2 102 2 1769 1770 1106 5394 5395 5396
1877 9 2 102 2 479 1518 824 5224 4705 4695
1878 9 2 102 2 1772 254 1773 5397 5398 5399
1879 9 2 102 2 1773 254 253 5398 290 5400
1880 9 2 102 2 39 1518 38 4708 5220 75
1881 9 2 102 2 1481 595 596 5372 2551 5401
1882 9 2 102 2 1101 1276 1774 3915 5402 5403
1883 9 2 102 2 1774 1276 1775 5402 5404 5405
1884 9 2 102 2 635 1776 637 5406 5407 2621
1885 9 2 102 2 1766 442 440 5382 2298 5408
1886 9 2 102 2 637 1776 1090 5407 5409 5410
1887 9 2 102 2 667 1193 1777 4845 5411 5412
1888 9 2 102 2 1011 1012 1778 3414 5413 5414
1889 9 2 102 2 1778 1012 1357 5413 4191 5415
1890 9 2 102 2 1315 1408 828 5250 4358 4035
1891 9 2 102 2 114 1408 113 4361 5242 152
1892 9 2 102 2 1779 954 1743 5416 5417 5418
1893 9 2 102 2 100 394 99 3623 5419 138
1894 9 2 102 2 1743 954 1245 5417 5420 5307
1895 9 2 102 2 1409 1399 810 5210 4320 4364
1896 9 2 102 2 1409 16 17 4367 53 5191
1897 9 2 102 2 1780 371 1781 5421 5422 5423
1898 9 2 102 2 1452 473 822 4502 3938 4752
1899 9 2 102 2 490 831 773 5390 3110 2952
1900 9 2 102 2 1782 1784 1783 5424 5425 5426
1901 9 2 102 2 1452 266 265 4754 302 4521
1902 9 2 102 2 1752 375 358 5427 5428 5429
1903 9 2 102 2 1782 1783 1785 5426 5430 5431
1904 9 2 102 2 375 1786 358 5432 5433 5428
1905 9 2 102 2 1323 1336 1787 4113 5434 5435
1906 9 2 102 2 175 1463 174 5436 4546 213
1907 9 2 102 2 556 1398 1384 5437 5438 4371
1908 9 2 102 2 1398 556 860 5437 4053 4317
1909 9 2 102 2 950 604 1415 3322 5439 5440
1910 9 2 102 2 950 1365 949 5441 4213 3320
1911 9 2 102 2 1365 950 1415 5441 5440 4382
1912 9 2 102 2 1565 249 248 4825 285 5381
1913 9 2 102 2 25 398 24 5442 5443 61
1914 9 2 102 2 1323 1787 1788 5435 5444 5445
1915 9 2 102 2 1565 667 1471 5386 5446 4830
1916 9 2 102 2 1193 858 1777 3767 5447 5411
1917 9 2 102 2 961 959 1434 3336 5448 5449
1918 9 2 102 2 1350 959 960 5450 3334 4173
1919 9 2 102 2 959 1350 1434 5450 4446 5448
1920 9 2 102 2 1410 1385 1449 5451 5452 5453
1921 9 2 102 2 1298 1784 1782 5454 5424 5455
1922 9 2 102 2 1298 1782 1013 5455 5456 5457
1923 9 2 102 2 1789 1791 1790 5458 5459 5460
1924 9 2 102 2 348 1728 365 5461 5462 2203
1925 9 2 102 2 1464 1463 1792 4541 5463 5464
1926 9 2 102 2 1792 1463 175 5463 5436 5465
1927 9 2 102 2 1793 1588 1794 5466 5467 5468
1928 9 2 102 2 1385 1410 1384 5451 4369 4265
1929 9 2 102 2 1794 1588 1795 5467 5469 5470
1930 9 2 102 2 1796 1797 1778 5471 5472 5473
1931 9 2 102 2 1796 1778 1357 5473 5415 5474
1932 9 2 102 2 1798 1800 1799 5475 5476 5477
1933 9 2 102 2 742 851 745 3156 5478 2883
1934 9 2 102 2 560 1410 1449 4372 5453 5479
1935 9 2 102 2 577 745 581 2884 4197 2519
1936 9 2 102 2 1799 1800 1752 5476 5480 5481
1937 9 2 102 2 1189 1190 1352 3736 5482 4181
1938 9 2 102 2 668 1190 1015 5483 3738 3419
1939 9 2 102 2 596 1477 1481 5484 4600 5401
1940 9 2 102 2 1478 1477 1685 4594 5485 5369
1941 9 2 102 2 987 942 986 3964 5189 3376
1942 9 2 102 2 987 21 22 3378 58 3967
1943 9 2 102 2 914 841 1106 3272 5486 5487
1944 9 2 102 2 1477 596 1685 5484 5370 5485
1945 9 2 102 2 1801 452 1802 5488 5489 5490
1946 9 2 102 2 504 507 1002 2390 4293 4342
1947 9 2 102 2 1802 452 450 5489 2309 5491
1948 9 2 102 2 470 473 471 3937 2336 4032
1949 9 2 102 2 586 814 587 5492 5493 2531
1950 9 2 102 2 958 1804 1803 5494 5495 5496
1951 9 2 102 2 958 1803 1805 5496 5497 5498
1952 9 2 102 2 1804 1807 1806 5499 5500 5501
1953 9 2 102 2 1806 1807 1808 5500 5502 5503
1954 9 2 102 2 821 1374 1416 4237 5020 4578
1955 9 2 102 2 1783 1784 991 5425 5504 5505
1956 9 2 102 2 1779 984 1809 5506 5507 5508
1957 9 2 102 2 668 649 647 4324 2642 5509
1958 9 2 102 2 246 649 247 2921 4326 283
1959 9 2 102 2 821 628 559 4580 5510 3082
1960 9 2 102 2 586 1534 1629 5511 4977 5512
1961 9 2 102 2 106 1104 1105 5513 3578 5267
1962 9 2 102 2 1106 1104 914 3580 5514 5487
1963 9 2 102 2 814 586 1629 5492 5512 4971
1964 9 2 102 2 1379 826 1436 4256 4582 5042
1965 9 2 102 2 650 826 567 4585 3096 5515
1966 9 2 102 2 1779 1809 252 5508 5516 5517
1967 9 2 102 2 262 599 263 3063 5518 299
1968 9 2 102 2 1017 1810 392 5519 5520 5521
1969 9 2 102 2 1017 392 1754 5521 5522 5523
1970 9 2 102 2 861 769 738 3175 2946 3831
1971 9 2 102 2 1811 1812 1050 5524 5525 5526
1972 9 2 102 2 1811 1053 1203 5527 5528 5529
1973 9 2 102 2 1053 1811 1050 5527 5526 3489
1974 9 2 102 2 1742 1814 1813 5530 5531 5532
1975 9 2 102 2 1812 1811 1203 5524 5529 5533
1976 9 2 102 2 1813 1814 1815 5531 5534 5535
1977 9 2 102 2 905 1817 1816 5536 5537 5538
1978 9 2 102 2 1805 1817 910 5539 5540 5541
1979 9 2 102 2 1585 1458 1586 5542 5543 4868
1980 9 2 102 2 1585 1584 1818 4865 5544 5545
1981 9 2 102 2 1315 477 1313 4034 4026 4189
1982 9 2 102 2 976 904 975 5119 5546 3361
1983 9 2 102 2 976 184 185 3363 223 5115
1984 9 2 102 2 1396 1191 1189 5547 3734 5098
1985 9 2 102 2 176 360 1792 2201 5548 5549
1986 9 2 102 2 1458 1585 1818 5542 5545 5550
1987 9 2 102 2 1819 1167 538 5551 5552 5553
1988 9 2 102 2 1191 1396 856 5547 5340 5554
1989 9 2 102 2 784 785 1256 2985 5143 3962
1990 9 2 102 2 176 1792 175 5549 5465 214
1991 9 2 102 2 1038 941 942 5555 3308 5556
1992 9 2 102 2 856 854 1191 3162 5557 5554
1993 9 2 102 2 854 1015 1191 3741 3737 5557
1994 9 2 102 2 1622 109 110 5558 148 4962
1995 9 2 102 2 1622 833 714 4958 3131 5559
1996 9 2 102 2 1819 1478 785 5560 5368 5561
1997 9 2 102 2 360 358 1820 2195 5562 5563
1998 9 2 102 2 1820 358 1786 5562 5433 5564
1999 9 2 102 2 1821 440 1822 5565 5566 5567
2000 9 2 102 2 1821 1822 1034 5567 5568 5569
2001 9 2 102 2 1046 1824 1823 5570 5571 5572
2002 9 2 102 2 1481 922 1574 4601 5573 5574
2003 9 2 102 2 1823 1824 1768 5571 5575 5576
2004 9 2 102 2 1825 1062 1031 5577 3507 5578
2005 9 2 102 2 924 1062 923 3508 5579 3282
2006 9 2 102 2 1447 897 1680 4489 5126 5580
2007 9 2 102 2 1826 1756 1781 5581 5582 5583
2008 9 2 102 2 1827 1155 646 5584 5585 5586
2009 9 2 102 2 1026 259 1828 5352 5587 5588
2010 9 2 102 2 1828 259 258 5587 295 5589
2011 9 2 102 2 924 922 1478 3281 4595 5590
2012 9 2 102 2 1386 916 1075 4272 5591 5592
2013 9 2 102 2 1386 1366 1367 5593 4219 4271
2014 9 2 102 2 1449 1451 560 4496 4988 5479
2015 9 2 102 2 1449 1385 1448 5452 5594 4494
2016 9 2 102 2 583 840 584 3125 4349 2524
2017 9 2 102 2 390 386 1829 5595 5596 5597
2018 9 2 102 2 716 1364 727 5598 5358 2831
2019 9 2 102 2 1364 716 848 5598 3149 5599
2020 9 2 102 2 1533 1586 1534 4869 4978 4758
2021 9 2 102 2 432 182 183 5600 221 5601
2022 9 2 102 2 1829 386 1830 5596 5602 5603
2023 9 2 102 2 1831 834 1832 5604 5605 5606
2024 9 2 102 2 1533 1461 1584 4755 5273 4867
2025 9 2 102 2 178 1750 177 5607 5608 216
2026 9 2 102 2 1832 834 957 5605 3332 5609
2027 9 2 102 2 1196 1091 1198 4464 5320 3747
2028 9 2 102 2 1833 1827 646 5610 5586 5611
2029 9 2 102 2 1196 1245 1438 3858 5612 4461
2030 9 2 102 2 1474 1275 1834 4590 5613 5614
2031 9 2 102 2 35 630 1418 4128 5615 5616
2032 9 2 102 2 1835 1837 1836 5617 5618 5619
2033 9 2 102 2 1835 1836 1123 5619 5620 5621
2034 9 2 102 2 1362 630 631 5622 2612 5361
2035 9 2 102 2 1776 1128 447 5623 5624 5625
2036 9 2 102 2 1776 447 1090 5625 5626 5409
2037 9 2 102 2 1838 1840 1839 5627 5628 5629
2038 9 2 102 2 630 1362 1418 5622 5630 5615
2039 9 2 102 2 1838 1839 1841 5629 5631 5632
2040 9 2 102 2 1840 1134 1111 5633 5634 5635
2041 9 2 102 2 1111 1134 1136 5634 3631 5636
2042 9 2 102 2 660 588 1469 2670 5637 5638
2043 9 2 102 2 366 365 1842 2206 5639 5640
2044 9 2 102 2 1842 365 1014 5639 5641 5642
2045 9 2 102 2 1843 1759 1844 5643 5644 5645
2046 9 2 102 2 842 1796 850 5646 5647 3153
2047 9 2 102 2 1080 1079 1087 3533 5648 5649
2048 9 2 102 2 981 1079 1073 5650 3530 5282
2049 9 2 102 2 1844 1759 30 5644 5350 5651
2050 9 2 102 2 1053 1845 1203 5652 5653 5528
2051 9 2 102 2 375 376 1846 2217 5654 5655
2052 9 2 102 2 375 1846 1786 5655 5656 5432
2053 9 2 102 2 1796 842 843 5646 3138 5657
2054 9 2 102 2 1090 1847 637 5658 5659 5410
2055 9 2 102 2 837 261 1467 5314 5660 5661
2056 9 2 102 2 637 1847 1645 5659 5662 5663
2057 9 2 102 2 1346 1371 1343 4230 4281 4152
2058 9 2 102 2 1378 1320 1316 4252 4051 4286
2059 9 2 102 2 837 1848 838 5664 5665 3120
2060 9 2 102 2 1848 837 1467 5664 5661 5666
2061 9 2 102 2 1393 257 256 5667 293 4306
2062 9 2 102 2 1393 1322 1849 4303 5668 5669
2063 9 2 102 2 1850 839 1851 5670 5671 5672
2064 9 2 102 2 1749 1750 1852 5332 5673 5674
2065 9 2 102 2 668 1657 1190 5675 5676 5483
2066 9 2 102 2 1852 1750 178 5673 5607 5677
2067 9 2 102 2 1657 1352 1190 5055 5482 5676
2068 9 2 102 2 1143 1853 1822 5678 5679 5680
2069 9 2 102 2 1657 668 647 5675 5509 5061
2070 9 2 102 2 1822 1853 1034 5679 5681 5568
2071 9 2 102 2 1812 1854 1050 5682 5683 5525
2072 9 2 102 2 1759 790 1400 5684 4322 5685
2073 9 2 102 2 1759 1400 29 5685 5686 5349
2074 9 2 102 2 1855 543 1856 5687 5688 5689
2075 9 2 102 2 839 1481 1851 5373 5690 5671
2076 9 2 102 2 1856 543 1748 5688 5691 5692
2077 9 2 102 2 1854 1812 1815 5682 5693 5694
2078 9 2 102 2 1572 20 988 5695 5696 5697
2079 9 2 102 2 1564 1572 988 4838 5697 5698
2080 9 2 102 2 20 1572 19 5695 4859 56
2081 9 2 102 2 496 493 478 2373 5699 4106
2082 9 2 102 2 916 1019 1754 5700 5701 5702
2083 9 2 102 2 1019 916 918 5700 3277 4950
2084 9 2 102 2 493 570 478 2503 5703 5699
2085 9 2 102 2 1857 1131 1858 5704 5705 5706
2086 9 2 102 2 1857 1858 1859 5706 5707 5708
2087 9 2 102 2 839 1850 840 5670 5709 3124
2088 9 2 102 2 1586 1457 1629 5710 5711 4976
2089 9 2 102 2 1457 1586 1458 5710 5543 4526
2090 9 2 102 2 606 1115 1146 4646 3648 5712
2091 9 2 102 2 1151 1115 1497 3657 4649 5713
2092 9 2 102 2 1457 823 1629 4523 4972 5711
2093 9 2 102 2 830 867 832 3191 4250 3111
2094 9 2 102 2 1858 1861 1860 5714 5715 5716
2095 9 2 102 2 1858 1860 1859 5716 5717 5707
2096 9 2 102 2 1760 580 1780 5718 5719 5720
2097 9 2 102 2 991 1080 990 5721 5722 3380
2098 9 2 102 2 1862 1864 1863 5723 5724 5725
2099 9 2 102 2 522 487 402 2419 2488 4692
2100 9 2 102 2 510 526 413 2429 4550 2407
2101 9 2 102 2 1862 1863 1833 5725 5726 5727
2102 9 2 102 2 465 464 1404 2327 4344 5728
2103 9 2 102 2 1865 1867 1866 5729 5730 5731
2104 9 2 102 2 1865 1866 1868 5731 5732 5733
2105 9 2 102 2 1786 1421 1420 5734 4404 5735
2106 9 2 102 2 1869 1422 1870 5736 5737 5738
2107 9 2 102 2 1422 1869 540 5736 5739 5740
2108 9 2 102 2 1871 1867 1872 5741 5742 5743
2109 9 2 102 2 187 875 873 5744 3197 5745
2110 9 2 102 2 876 875 1432 3200 5746 5076
2111 9 2 102 2 1422 1421 1873 4407 5747 5748
2112 9 2 102 2 1871 1872 1874 5743 5749 5750
2113 9 2 102 2 877 95 879 5751 5752 3202
2114 9 2 102 2 541 760 490 2924 5391 5753
2115 9 2 102 2 877 880 1431 3206 5046 5754
2116 9 2 102 2 732 733 967 2851 5755 5756
2117 9 2 102 2 673 503 795 2701 3007 4363
2118 9 2 102 2 967 733 792 5755 2999 3503
2119 9 2 102 2 36 1557 632 5757 5758 4129
2120 9 2 102 2 1875 1854 1876 5759 5760 5761
2121 9 2 102 2 99 1810 98 5762 5763 137
2122 9 2 102 2 1875 1876 1877 5761 5764 5765
2123 9 2 102 2 1557 1443 632 4807 5766 5758
2124 9 2 102 2 1810 99 394 5762 5419 5767
2125 9 2 102 2 1474 1834 1878 5614 5768 5769
2126 9 2 102 2 1878 1834 1117 5768 5770 5771
2127 9 2 102 2 1763 1875 1762 5772 5773 5367
2128 9 2 102 2 1557 36 37 5757 73 4819
2129 9 2 102 2 1534 572 576 5774 2513 5354
2130 9 2 102 2 572 1534 586 5774 5511 2529
2131 9 2 102 2 1003 1403 1868 4334 5775 5776
2132 9 2 102 2 1795 844 859 5777 3171 5778
2133 9 2 102 2 1879 1721 1458 5779 5780 5781
2134 9 2 102 2 1853 1775 1033 5782 5783 5784
2135 9 2 102 2 1762 1875 1877 5773 5765 5785
2136 9 2 102 2 1034 1853 1033 5681 5784 3457
2137 9 2 102 2 346 31 32 5786 68 3340
2138 9 2 102 2 631 632 1443 2611 5766 5787
2139 9 2 102 2 813 823 1880 3088 5788 5789
2140 9 2 102 2 813 1880 1881 5789 5790 5791
2141 9 2 102 2 975 905 1882 5792 5793 5794
2142 9 2 102 2 975 1882 1765 5794 5795 5796
2143 9 2 102 2 1536 1415 1883 5797 5798 5799
2144 9 2 102 2 1353 1257 1255 5800 3874 5136
2145 9 2 102 2 1257 1353 509 5800 4183 4428
2146 9 2 102 2 1883 1415 604 5798 5439 5801
2147 9 2 102 2 820 559 484 3083 5802 4279
2148 9 2 102 2 1006 1020 1787 3433 5803 5804
2149 9 2 102 2 567 827 507 3095 4285 5805
2150 9 2 102 2 1360 1310 480 4481 4021 5806
2151 9 2 102 2 1309 1310 1443 4020 4478 4806
2152 9 2 102 2 813 1881 1884 5791 5807 5808
2153 9 2 102 2 818 813 1884 3074 5808 5809
2154 9 2 102 2 1006 1787 1879 5804 5810 5811
2155 9 2 102 2 1820 1786 1420 5564 5735 5812
2156 9 2 102 2 1080 991 1885 5721 5813 5814
2157 9 2 102 2 1781 1756 1780 5582 5815 5423
2158 9 2 102 2 589 1469 588 4896 5637 2535
2159 9 2 102 2 986 1341 1564 5185 5816 5817
2160 9 2 102 2 589 111 112 2539 150 4901
2161 9 2 102 2 580 450 579 5818 5819 2517
2162 9 2 102 2 844 1795 845 5777 5820 3144
2163 9 2 102 2 600 606 1146 2568 5712 4499
2164 9 2 102 2 600 263 599 4501 5518 2561
2165 9 2 102 2 664 248 247 3424 284 4325
2166 9 2 102 2 579 450 382 5819 2486 5821
2167 9 2 102 2 1759 1843 927 5643 5822 5823
2168 9 2 102 2 1759 927 790 5823 5824 5684
2169 9 2 102 2 1104 106 1886 5513 5825 5826
2170 9 2 102 2 1886 106 107 5825 145 5827
2171 9 2 102 2 905 975 904 5792 5546 3255
2172 9 2 102 2 965 1734 1736 5828 5284 5829
2173 9 2 102 2 965 1736 966 5829 5830 3347
2174 9 2 102 2 779 1517 1887 5072 5831 5832
2175 9 2 102 2 1887 1517 40 5831 5071 5833
2176 9 2 102 2 1805 1474 1878 5834 5769 5835
2177 9 2 102 2 1721 1888 1458 5836 5837 5780
2178 9 2 102 2 1805 1878 1817 5835 5838 5539
2179 9 2 102 2 1078 1366 1889 5839 5840 5841
2180 9 2 102 2 1889 1366 1386 5840 5593 5842
2181 9 2 102 2 1783 991 989 5505 3379 5843
2182 9 2 102 2 1785 1783 989 5430 5843 5844
2183 9 2 102 2 1756 1760 1780 5356 5720 5815
2184 9 2 102 2 260 1467 261 4565 5660 297
2185 9 2 102 2 1848 1467 1392 5666 4562 5845
2186 9 2 102 2 1890 1052 1875 5846 5847 5848
2187 9 2 102 2 568 650 567 2647 5515 2495
2188 9 2 102 2 1705 1706 1722 5193 5849 5850
2189 9 2 102 2 848 945 1455 5851 4520 5852
2190 9 2 102 2 1403 1342 1891 4401 5853 5854
2191 9 2 102 2 1364 848 1455 5599 5852 5855
2192 9 2 102 2 945 848 849 5851 3152 5856
2193 9 2 102 2 570 1354 1313 4570 4188 5857
2194 9 2 102 2 1752 359 1750 5858 5859 5334
2195 9 2 102 2 359 1752 358 5858 5429 2197
2196 9 2 102 2 359 177 1750 3451 5608 5859
2197 9 2 102 2 1342 941 1891 4136 5860 5853
2198 9 2 102 2 1763 1890 1875 5861 5848 5772
2199 9 2 102 2 1892 635 646 5862 2641 5863
2200 9 2 102 2 596 582 1353 2550 4182 5371
2201 9 2 102 2 1784 1885 991 5864 5813 5504
2202 9 2 102 2 1155 1892 646 5865 5863 5585
2203 9 2 102 2 1878 1816 1817 5866 5537 5838
2204 9 2 102 2 1355 1354 1469 4185 4567 4892
2205 9 2 102 2 628 553 559 2599 2477 5510
2206 9 2 102 2 1818 1006 1879 5867 5811 5868
2207 9 2 102 2 1006 1818 1584 5867 5544 5275
2208 9 2 102 2 1458 1818 1879 5550 5868 5781
2209 9 2 102 2 1472 843 628 4769 4987 4579
2210 9 2 102 2 1816 1878 1117 5866 5771 5869
2211 9 2 102 2 1017 1754 1019 5523 5701 3425
2212 9 2 102 2 1017 98 1810 3429 5763 5519
2213 9 2 102 2 1893 1132 1894 5870 5871 5872
2214 9 2 102 2 1628 1893 1894 5873 5872 5874
2215 9 2 102 2 1648 636 1643 5875 5876 5024
2216 9 2 102 2 636 1645 1643 5877 5012 5876
2217 9 2 102 2 942 1037 1038 3963 3463 5556
2218 9 2 102 2 23 1037 22 3465 3966 59
2219 9 2 102 2 594 579 1895 2546 5878 5879
2220 9 2 102 2 579 382 1895 5821 5880 5878
2221 9 2 102 2 1419 33 34 4421 70 4399
2222 9 2 102 2 1419 624 1426 4396 5881 4418
2223 9 2 102 2 1472 1416 1536 4576 5882 4767
2224 9 2 102 2 1766 964 634 5883 5884 5885
2225 9 2 102 2 845 1473 650 4887 4584 4946
2226 9 2 102 2 847 867 835 4248 5886 5887
2227 9 2 102 2 347 345 1426 2182 5089 5888
2228 9 2 102 2 1896 977 430 5889 5890 5891
2229 9 2 102 2 1852 179 1897 5892 5893 5894
2230 9 2 102 2 1749 1852 1897 5674 5894 5895
2231 9 2 102 2 179 1852 178 5892 5677 217
2232 9 2 102 2 341 1898 1000 5896 5897 3394
2233 9 2 102 2 1497 1496 1899 4648 5898 5899
2234 9 2 102 2 838 1496 606 5900 4644 5009
2235 9 2 102 2 868 957 867 3346 5901 3190
2236 9 2 102 2 1898 341 342 5896 2175 5902
2237 9 2 102 2 24 1900 23 5903 5904 60
2238 9 2 102 2 967 777 732 5905 2966 5756
2239 9 2 102 2 1496 838 1899 5900 5906 5898
2240 9 2 102 2 1900 24 398 5903 5443 5907
2241 9 2 102 2 777 967 968 5905 3351 4413
2242 9 2 102 2 1052 1901 1875 5908 5909 5847
2243 9 2 102 2 1116 1114 471 3590 5910 5911
2244 9 2 102 2 1116 472 1146 5912 5913 3647
2245 9 2 102 2 472 1116 471 5912 5911 2338
2246 9 2 102 2 1854 1901 1050 5914 5915 5683
2247 9 2 102 2 1004 1006 1459 3403 5274 5916
2248 9 2 102 2 1573 1071 1735 4839 5917 5918
2249 9 2 102 2 1004 1402 1003 5919 4331 3399
2250 9 2 102 2 1402 1004 1459 5919 5916 4529
2251 9 2 102 2 910 960 1805 4176 5920 5541
2252 9 2 102 2 469 471 1114 4033 5910 4296
2253 9 2 102 2 489 541 490 2452 5753 2361
2254 9 2 102 2 847 833 660 5921 4960 3147
2255 9 2 102 2 833 847 835 5921 5887 3113
2256 9 2 102 2 1368 1379 1435 4308 5041 5922
2257 9 2 102 2 1436 1473 1589 4581 4881 5923
2258 9 2 102 2 1901 1854 1875 5914 5759 5909
2259 9 2 102 2 1901 1052 1050 5908 3485 5915
2260 9 2 102 2 1370 1368 1435 4225 5922 5038
2261 9 2 102 2 1902 1381 372 5924 5925 5926
2262 9 2 102 2 1902 373 948 5927 4685 5928
2263 9 2 102 2 1374 1375 1414 4273 5929 5021
2264 9 2 102 2 1358 851 947 5930 5931 5932
2265 9 2 102 2 373 1902 372 5927 5926 2214
2266 9 2 102 2 1375 1376 1414 4243 5010 5929
2267 9 2 102 2 1356 1903 1381 5933 5934 4261
2268 9 2 102 2 977 975 1765 3359 5796 5935
2269 9 2 102 2 977 1765 430 5935 5936 5890
2270 9 2 102 2 961 1793 1904 5937 5938 5939
2271 9 2 102 2 1793 961 1589 5937 5940 5941
2272 9 2 102 2 871 1447 994 5942 5943 5944
2273 9 2 102 2 559 528 484 2476 2897 5802
2274 9 2 102 2 952 1438 1245 5945 5612 5946
2275 9 2 102 2 1438 952 1471 5945 4956 5947
2276 9 2 102 2 505 567 507 2496 5805 2389
2277 9 2 102 2 1549 871 994 4794 5944 5948
2278 9 2 102 2 1420 1464 1820 5949 5950 5812
2279 9 2 102 2 1464 1420 1454 5949 5951 4542
2280 9 2 102 2 1398 1399 1384 4319 5952 5438
2281 9 2 102 2 841 834 1831 3127 5604 5953
2282 9 2 102 2 1589 1588 1793 4880 5466 5941
2283 9 2 102 2 1384 1407 1383 5954 5955 4266
2284 9 2 102 2 1415 1536 1416 5797 5882 4385
2285 9 2 102 2 1795 1588 845 5469 4886 5820
2286 9 2 102 2 849 1358 947 5956 5932 5957
2287 9 2 102 2 851 1358 745 5930 4195 5478
2288 9 2 102 2 1404 1850 920 5958 5959 5960
2289 9 2 102 2 1407 1384 1399 5954 5952 5209
2290 9 2 102 2 465 1404 920 5728 5960 5961
2291 9 2 102 2 1850 1404 840 5958 4347 5709
2292 9 2 102 2 1905 941 1038 5962 5555 5963
2293 9 2 102 2 1418 34 35 4400 71 5616
2294 9 2 102 2 1418 1362 624 5630 5964 4398
2295 9 2 102 2 1361 483 482 4203 2351 4351
2296 9 2 102 2 480 483 1360 2352 4200 5806
2297 9 2 102 2 1796 1537 1797 5965 5966 5471
2298 9 2 102 2 1537 1536 1797 4765 5967 5966
2299 9 2 102 2 634 619 921 2619 5968 5969
2300 9 2 102 2 1336 1721 1879 5246 5779 5970
2301 9 2 102 2 1537 1796 843 5965 5657 4768
2302 9 2 102 2 539 587 541 2532 3103 2451
2303 9 2 102 2 1088 347 625 3548 5971 5972
2304 9 2 102 2 920 619 465 5973 2587 5961
2305 9 2 102 2 1088 383 1084 5974 5050 3545
2306 9 2 102 2 383 1088 625 5974 5972 2609
2307 9 2 102 2 594 1906 1455 5975 5976 4517
2308 9 2 102 2 913 1906 380 5977 5978 4211
2309 9 2 102 2 1906 913 1455 5977 5979 5976
2310 9 2 102 2 619 920 921 5973 3279 5968
2311 9 2 102 2 1907 1905 1038 5980 5963 5981
2312 9 2 102 2 1837 929 1480 5982 5983 5984
2313 9 2 102 2 1821 1766 440 5985 5408 5565
2314 9 2 102 2 1821 1034 964 5569 4288 5986
2315 9 2 102 2 1856 1748 1908 5692 5987 5988
2316 9 2 102 2 1766 1821 964 5985 5986 5883
2317 9 2 102 2 371 372 1176 2215 5989 5990
2318 9 2 102 2 1856 1110 1855 5991 5992 5689
2319 9 2 102 2 1110 1856 1908 5991 5988 5993
2320 9 2 102 2 888 172 890 5994 5995 3226
2321 9 2 102 2 1313 478 570 4025 5703 5857
2322 9 2 102 2 888 885 1424 3230 5158 5996
2323 9 2 102 2 858 1348 1777 4165 5997 5447
2324 9 2 102 2 1348 1438 1777 4462 5998 5997
2325 9 2 102 2 929 1228 1480 5999 4598 5983
2326 9 2 102 2 1456 1458 1888 4527 5837 6000
2327 9 2 102 2 1589 1434 1436 6001 4448 5923
2328 9 2 102 2 420 1054 399 4414 6002 6003
2329 9 2 102 2 1385 1383 1702 4264 6004 5211
2330 9 2 102 2 1907 1036 1900 6005 6006 6007
2331 9 2 102 2 1036 1907 1038 6005 5981 3462
2332 9 2 102 2 1036 23 1900 3466 5904 6006
2333 9 2 102 2 861 1153 1763 3792 6008 5366
2334 9 2 102 2 872 1153 1209 3662 3772 5226
2335 9 2 102 2 1441 1383 1407 6009 5955 4474
2336 9 2 102 2 1383 1441 1702 6009 5225 6004
2337 9 2 102 2 785 786 1819 2984 6010 5561
2338 9 2 102 2 1564 988 986 5698 3374 5817
2339 9 2 102 2 1476 420 399 6011 6003 5078
2340 9 2 102 2 1885 605 1909 6012 6013 6014
2341 9 2 102 2 915 107 108 6015 146 4328
2342 9 2 102 2 786 1167 1819 3684 5551 6010
2343 9 2 102 2 21 988 20 3377 5696 57
2344 9 2 102 2 1910 396 1911 6016 6017 6018
2345 9 2 102 2 1434 1589 961 6001 5940 5449
2346 9 2 102 2 536 540 1869 2449 5739 6019
2347 9 2 102 2 1362 912 626 4206 3263 6020
2348 9 2 102 2 594 1895 1906 5879 6021 5975
2349 9 2 102 2 1779 252 251 5517 288 6022
2350 9 2 102 2 380 1895 382 6023 5880 2222
2351 9 2 102 2 913 912 1364 3266 4209 6024
2352 9 2 102 2 1895 380 1906 6023 5978 6021
2353 9 2 102 2 1911 396 398 6017 2246 6025
2354 9 2 102 2 958 1805 960 5498 5920 3333
2355 9 2 102 2 1911 1912 1910 6026 6027 6018
2356 9 2 102 2 1413 812 818 6028 3073 5240
2357 9 2 102 2 934 933 1904 3293 6029 6030
2358 9 2 102 2 1808 933 931 6031 3290 6032
2359 9 2 102 2 1913 1823 1914 6033 6034 6035
2360 9 2 102 2 812 1413 829 6028 6036 4586
2361 9 2 102 2 1071 1070 1119 3519 6037 6038
2362 9 2 102 2 1823 1768 1914 5576 6039 6034
2363 9 2 102 2 1806 1808 1915 5503 6040 6041
2364 9 2 102 2 1391 1411 1016 4764 5019 4297
2365 9 2 102 2 909 910 1817 3262 5540 6042
2366 9 2 102 2 1446 869 881 6043 3208 6044
2367 9 2 102 2 869 1446 871 6043 6045 3192
2368 9 2 102 2 905 909 1817 4164 6042 5536
2369 9 2 102 2 1391 1114 1151 4294 3658 4762
2370 9 2 102 2 1806 1429 1804 6046 6047 5501
2371 9 2 102 2 1429 1806 1915 6046 6041 6048
2372 9 2 102 2 1916 1032 1917 6049 6050 6051
2373 9 2 102 2 1703 1448 1385 6052 5594 5212
2374 9 2 102 2 1916 1917 1897 6051 6053 6054
2375 9 2 102 2 180 1916 1897 6055 6054 6056
2376 9 2 102 2 1703 1564 1341 5180 5816 6057
2377 9 2 102 2 1501 1376 1377 6058 4242 4659
2378 9 2 102 2 625 1426 624 6059 5881 2596
2379 9 2 102 2 1426 625 347 6059 5971 5888
2380 9 2 102 2 1501 1431 893 4661 5045 6060
2381 9 2 102 2 1351 1380 1412 4258 5095 6061
2382 9 2 102 2 1918 445 1919 6062 6063 6064
2383 9 2 102 2 445 1029 1919 6065 6066 6063
2384 9 2 102 2 1920 934 1795 6067 6068 6069
2385 9 2 102 2 1921 1154 870 6070 4798 6071
2386 9 2 102 2 1549 1921 870 6072 6071 4793
2387 9 2 102 2 1189 1351 1412 4180 6061 5097
2388 9 2 102 2 1918 1919 1322 6064 6073 6074
2389 9 2 102 2 1376 1501 893 6058 6060 5043
2390 9 2 102 2 1766 921 965 6075 6076 5383
2391 9 2 102 2 921 1766 634 6075 5885 5969
2392 9 2 102 2 1885 1784 605 5864 6077 6012
2393 9 2 102 2 1357 1382 1796 4263 6078 5474
2394 9 2 102 2 1903 372 1381 6079 5925 5934
2395 9 2 102 2 1891 941 1124 5860 6080 6081
2396 9 2 102 2 1292 1655 1922 6082 6083 6084
2397 9 2 102 2 1891 1868 1403 6085 5775 5854
2398 9 2 102 2 951 1366 1909 6086 6087 6088
2399 9 2 102 2 1366 951 949 6086 3318 4217
2400 9 2 102 2 1655 1292 1288 6082 3953 6089
2401 9 2 102 2 1919 1849 1322 6090 5668 6073
2402 9 2 102 2 1359 849 681 6091 4996 4980
2403 9 2 102 2 1401 1402 1448 4332 5329 6092
2404 9 2 102 2 849 1359 1358 6091 4193 5956
2405 9 2 102 2 1847 855 1644 6093 6094 6095
2406 9 2 102 2 1923 934 1920 6096 6067 6097
2407 9 2 102 2 934 1923 1742 6096 6098 5302
2408 9 2 102 2 1877 1923 1920 6099 6097 6100
2409 9 2 102 2 602 1778 1797 6101 5472 6102
2410 9 2 102 2 1778 602 1011 6101 3977 5414
2411 9 2 102 2 1335 418 421 6103 2274 6104
2412 9 2 102 2 1743 984 1779 6105 5506 5418
2413 9 2 102 2 1924 919 1850 6106 6107 6108
2414 9 2 102 2 1924 1574 1573 6109 4843 6110
2415 9 2 102 2 984 1743 983 6105 5305 3370
2416 9 2 102 2 1925 997 998 6111 3388 6112
2417 9 2 102 2 997 1925 1165 6111 6113 3681
2418 9 2 102 2 1370 1502 1369 6114 4663 4226
2419 9 2 102 2 1645 1847 1644 5662 6095 5013
2420 9 2 102 2 1880 1456 1926 6115 6116 6117
2421 9 2 102 2 1444 1146 472 4497 5913 4484
2422 9 2 102 2 626 624 1362 2594 5964 6020
2423 9 2 102 2 1444 264 263 4491 300 4500
2424 9 2 102 2 1432 1502 898 4668 6118 5077
2425 9 2 102 2 1502 1370 898 6114 5053 6118
2426 9 2 102 2 1397 1884 1648 6119 6120 5023
2427 9 2 102 2 1884 1397 818 6119 5241 5809
2428 9 2 102 2 1888 1926 1456 6121 6116 6000
2429 9 2 102 2 1881 1880 1926 5790 6117 6122
2430 9 2 102 2 920 1850 919 5959 6107 3280
2431 9 2 102 2 829 1413 759 6036 5230 3100
2432 9 2 102 2 829 587 814 3104 5493 4587
2433 9 2 102 2 187 1433 875 6123 6124 5744
2434 9 2 102 2 1392 902 1848 4302 6125 5845
2435 9 2 102 2 1433 1432 875 4435 5746 6124
2436 9 2 102 2 1433 187 188 6123 226 4439
2437 9 2 102 2 1829 1830 1927 5603 6126 6127
2438 9 2 102 2 1829 1272 390 6128 6129 5597
2439 9 2 102 2 990 1080 1087 5722 5649 6130
2440 9 2 102 2 1430 95 877 6131 5751 6132
2441 9 2 102 2 1431 1430 877 4430 6132 5754
2442 9 2 102 2 1272 1829 1927 6128 6127 6133
2443 9 2 102 2 1245 954 952 5420 3323 5946
2444 9 2 102 2 251 954 1779 3326 5416 6022
2445 9 2 102 2 95 1430 94 6131 4433 133
2446 9 2 102 2 1928 1012 1013 6134 3413 6135
2447 9 2 102 2 841 713 714 3271 2806 3128
2448 9 2 102 2 1107 1706 1109 6136 6137 3582
2449 9 2 102 2 947 851 948 5931 6138 3316
2450 9 2 102 2 947 945 849 3313 5856 5957
2451 9 2 102 2 1012 1928 1356 6134 6139 4192
2452 9 2 102 2 1706 1929 1109 6140 6141 6137
2453 9 2 102 2 1801 379 452 6142 6143 5488
2454 9 2 102 2 1870 1930 1869 6144 6145 5738
2455 9 2 102 2 1930 1870 1931 6144 6146 6147
2456 9 2 102 2 1825 1930 1931 6148 6147 6149
2457 9 2 102 2 461 459 863 2322 4387 6150
2458 9 2 102 2 576 519 522 2512 2420 4992
2459 9 2 102 2 897 903 446 3252 6151 5110
2460 9 2 102 2 1029 903 902 6152 3249 4298
2461 9 2 102 2 832 846 1468 4249 6153 6154
2462 9 2 102 2 846 660 1468 3148 6155 6153
2463 9 2 102 2 1932 1785 1072 6156 6157 6158
2464 9 2 102 2 1932 1928 1013 6159 6135 6160
2465 9 2 102 2 957 835 867 3331 5886 5901
2466 9 2 102 2 1238 444 445 6161 2302 6162
2467 9 2 102 2 864 461 863 4055 6150 3183
2468 9 2 102 2 527 584 526 2525 5164 2428
2469 9 2 102 2 727 1442 1360 4555 4480 5156
2470 9 2 102 2 1443 1442 631 4477 4552 5787
2471 9 2 102 2 446 444 1237 2304 6163 6164
2472 9 2 102 2 1350 900 1370 4172 5054 5039
2473 9 2 102 2 1422 1933 1870 6165 6166 5737
2474 9 2 102 2 1848 894 838 6167 6168 5665
2475 9 2 102 2 1933 1422 1873 6165 5748 6169
2476 9 2 102 2 444 1238 1237 6161 3844 6163
2477 9 2 102 2 1030 1478 1819 6170 5560 6171
2478 9 2 102 2 538 1030 1819 3450 6171 5553
2479 9 2 102 2 1478 1030 924 6170 3523 5590
2480 9 2 102 2 891 1365 1376 4214 5011 5044
2481 9 2 102 2 1896 183 184 6172 222 6173
2482 9 2 102 2 432 340 1934 6174 6175 6176
2483 9 2 102 2 681 662 1361 2717 4202 5094
2484 9 2 102 2 183 1896 432 6172 6177 5601
2485 9 2 102 2 1574 1851 1481 6178 5690 5574
2486 9 2 102 2 1850 1851 1924 5672 6179 6108
2487 9 2 102 2 1423 172 888 6180 5994 6181
2488 9 2 102 2 1851 1574 1924 6178 6109 6179
2489 9 2 102 2 1424 1423 888 4409 6181 5996
2490 9 2 102 2 1455 913 1364 5979 6024 5855
2491 9 2 102 2 172 1423 171 6180 4417 210
2492 9 2 102 2 340 432 342 6174 2288 2174
2493 9 2 102 2 340 343 1934 2178 6182 6175
2494 9 2 102 2 1031 538 536 3448 2444 6183
2495 9 2 102 2 390 385 386 2235 2228 5595
2496 9 2 102 2 173 890 172 5170 5995 211
2497 9 2 102 2 387 385 389 2230 2233 6184
2498 9 2 102 2 1787 1336 1879 5434 5970 5810
2499 9 2 102 2 886 1454 1420 4512 5951 6185
2500 9 2 102 2 948 850 1382 6186 6187 6188
2501 9 2 102 2 850 1796 1382 5647 6078 6187
2502 9 2 102 2 850 948 851 6186 6138 3155
2503 9 2 102 2 1787 1020 1788 5803 6189 5444
2504 9 2 102 2 537 538 1167 2445 5552 5188
2505 9 2 102 2 1167 1495 884 6190 6191 5187
2506 9 2 102 2 1848 896 894 6192 3236 6167
2507 9 2 102 2 896 1848 902 6192 6125 3251
2508 9 2 102 2 1495 1424 884 4642 5157 6191
2509 9 2 102 2 1495 1167 1168 6190 3683 4640
2510 9 2 102 2 1497 881 1151 6193 5229 5713
2511 9 2 102 2 881 1497 1446 6193 6194 6044
2512 9 2 102 2 832 1468 570 6154 4569 5093
2513 9 2 102 2 395 557 1905 2473 6195 6196
2514 9 2 102 2 1456 1880 823 6115 5788 4525
2515 9 2 102 2 1469 1468 660 4566 6155 5638
2516 9 2 102 2 1907 395 1905 6197 6196 5980
2517 9 2 102 2 1935 1808 931 6198 6032 6199
2518 9 2 102 2 1777 1471 667 6200 5446 5412
2519 9 2 102 2 1471 1777 1438 6200 5998 5947
2520 9 2 102 2 346 344 1844 2179 6201 6202
2521 9 2 102 2 1420 887 886 4406 3220 6185
2522 9 2 102 2 540 887 1422 3224 4408 5740
2523 9 2 102 2 1341 1417 1703 4394 6203 6057
2524 9 2 102 2 871 1446 1447 6045 4487 5942
2525 9 2 102 2 31 346 1844 5786 6202 6204
2526 9 2 102 2 1795 859 1920 5778 6205 6069
2527 9 2 102 2 1936 1046 1937 6206 6207 6208
2528 9 2 102 2 1938 1936 1937 6209 6208 6210
2529 9 2 102 2 1939 1941 1940 6211 6212 6213
2530 9 2 102 2 1942 1939 1940 6214 6213 6215
2531 9 2 102 2 715 109 1622 4330 5558 6216
2532 9 2 102 2 564 1788 1020 6217 6189 6218
2533 9 2 102 2 1899 1446 1497 6219 6194 5899
2534 9 2 102 2 1899 838 894 5906 6168 6220
2535 9 2 102 2 1448 1417 1401 6221 4403 6092
2536 9 2 102 2 1446 1899 894 6219 6220 4488
2537 9 2 102 2 1417 1448 1703 6221 6052 6203
2538 9 2 102 2 1838 1944 1943 6222 6223 6224
2539 9 2 102 2 566 564 1020 2492 6218 3431
2540 9 2 102 2 184 977 1896 3362 5889 6173
2541 9 2 102 2 1207 1737 1056 6225 6226 6227
2542 9 2 102 2 1058 1207 1056 3768 6227 3497
2543 9 2 102 2 1737 1207 1208 6225 3764 6228
2544 9 2 102 2 96 879 95 4631 5752 134
2545 9 2 102 2 856 1644 855 5341 6094 3163
2546 9 2 102 2 714 715 1622 2805 6216 5559
2547 9 2 102 2 1943 1944 1941 6223 6229 6230
2548 9 2 102 2 873 186 187 4610 225 5745
2549 9 2 102 2 1841 1944 1838 6231 6222 5632
2550 9 2 102 2 1257 416 417 6232 2268 3892
2551 9 2 102 2 620 416 1257 6233 6232 4429
2552 9 2 102 2 379 1741 452 6234 6235 6143
2553 9 2 102 2 364 366 1834 2207 6236 6237
2554 9 2 102 2 1275 364 1834 3910 6237 5613
2555 9 2 102 2 1748 1747 1813 5327 6238 6239
2556 9 2 102 2 1742 1747 932 6240 5325 5303
2557 9 2 102 2 1747 1742 1813 6240 5532 6238
2558 9 2 102 2 1860 1946 1945 6241 6242 6243
2559 9 2 102 2 1859 1860 1945 5717 6243 6244
2560 9 2 102 2 1887 40 41 5833 77 6245
2561 9 2 102 2 1887 723 779 6246 2971 5832
2562 9 2 102 2 723 1887 41 6246 6245 2821
2563 9 2 102 2 1826 1781 1176 5583 6247 6248
2564 9 2 102 2 1781 371 1176 5422 5990 6247
2565 9 2 102 2 720 1928 1947 6249 6250 6251
2566 9 2 102 2 724 720 1947 2822 6251 6252
2567 9 2 102 2 1928 720 721 6249 2815 6253
2568 9 2 102 2 349 1728 348 5261 5461 2186
2569 9 2 102 2 349 354 1727 2191 6254 5257
2570 9 2 102 2 1381 1902 1382 5924 6255 4262
2571 9 2 102 2 1064 1948 371 6256 6257 6258
2572 9 2 102 2 373 1948 946 6259 6260 4686
2573 9 2 102 2 1948 373 371 6259 2213 6257
2574 9 2 102 2 1948 1064 946 6256 3510 6260
2575 9 2 102 2 422 406 1035 2275 3460 6261
2576 9 2 102 2 411 406 404 3467 2254 6262
2577 9 2 102 2 356 416 620 3135 6233 4937
2578 9 2 102 2 1032 1916 343 6049 6263 3458
2579 9 2 102 2 343 1916 1934 6263 6264 6182
2580 9 2 102 2 1916 181 1934 6265 6266 6264
2581 9 2 102 2 374 1949 376 6267 6268 2216
2582 9 2 102 2 438 439 1950 2296 6269 6270
2583 9 2 102 2 1861 1858 1951 5714 6271 6272
2584 9 2 102 2 1667 679 1952 6273 6274 6275
2585 9 2 102 2 1858 1131 1951 5705 6276 6271
2586 9 2 102 2 914 1886 915 6277 6278 3268
2587 9 2 102 2 1886 914 1104 6277 5514 5826
2588 9 2 102 2 1886 107 915 5827 6015 6278
2589 9 2 102 2 1831 1832 1033 5606 6279 6280
2590 9 2 102 2 963 1832 957 6281 5609 3345
2591 9 2 102 2 1832 963 1033 6281 3455 6279
2592 9 2 102 2 1949 374 1953 6267 6282 6283
2593 9 2 102 2 1954 1949 1953 6284 6283 6285
2594 9 2 102 2 1952 679 1955 6274 6286 6287
2595 9 2 102 2 344 1956 1843 6288 6289 6290
2596 9 2 102 2 1521 1561 1957 6291 6292 6293
2597 9 2 102 2 926 1956 1085 6294 6295 6296
2598 9 2 102 2 1956 926 1843 6294 6297 6289
2599 9 2 102 2 923 1958 922 6298 6299 3283
2600 9 2 102 2 1958 1574 922 6300 5573 6299
2601 9 2 102 2 1933 1873 1949 6169 6301 6302
2602 9 2 102 2 993 1680 1281 6303 6304 6305
2603 9 2 102 2 1680 993 994 6303 3383 6306
2604 9 2 102 2 995 993 1281 3385 6305 3940
2605 9 2 102 2 1954 1933 1949 6307 6302 6284
2606 9 2 102 2 1957 1561 1577 6292 6308 6309
2607 9 2 102 2 1869 1930 536 6145 6310 6019
2608 9 2 102 2 1870 1933 936 6166 6311 6312
2609 9 2 102 2 1736 1737 1208 5286 6228 6313
2610 9 2 102 2 966 1736 1208 5830 6313 6314
2611 9 2 102 2 1959 1174 1960 6315 6316 6317
2612 9 2 102 2 1961 1555 1962 6318 6319 6320
2613 9 2 102 2 1174 1176 1960 3696 6321 6316
2614 9 2 102 2 1174 1959 1173 6315 6322 3694
2615 9 2 102 2 1933 1954 936 6307 6323 6311
2616 9 2 102 2 1772 982 1061 6324 6325 6326
2617 9 2 102 2 982 985 1061 3373 3501 6325
2618 9 2 102 2 1963 1964 1112 6327 6328 6329
2619 9 2 102 2 1828 258 1965 5589 6330 6331
2620 9 2 102 2 1828 1028 1026 6332 3443 5588
2621 9 2 102 2 1028 1828 1965 6332 6331 6333
2622 9 2 102 2 1964 1071 1112 6334 6335 6328
2623 9 2 102 2 1268 1966 103 6336 6337 3898
2624 9 2 102 2 1961 1962 1967 6320 6338 6339
2625 9 2 102 2 1658 1716 1968 6340 6341 6342
2626 9 2 102 2 1966 102 103 6343 141 6337
2627 9 2 102 2 564 565 1745 2490 6344 6345
2628 9 2 102 2 1968 1716 1718 6341 5219 6346
2629 9 2 102 2 1820 1792 360 6347 5548 5563
2630 9 2 102 2 1792 1820 1464 6347 5950 5464
2631 9 2 102 2 1788 564 1745 6217 6345 6348
2632 9 2 102 2 1969 1826 1175 6349 6350 6351
2633 9 2 102 2 1231 1969 1175 6352 6351 6353
2634 9 2 102 2 1103 1770 1970 6354 6355 6356
2635 9 2 102 2 1770 1771 1970 5393 6357 6355
2636 9 2 102 2 1509 1971 1717 6358 6359 6360
2637 9 2 102 2 1770 1103 1106 6354 3581 5395
2638 9 2 102 2 1972 1973 1200 6361 6362 6363
2639 9 2 102 2 1972 1845 1596 6364 6365 6366
2640 9 2 102 2 1845 1972 1200 6364 6363 6367
2641 9 2 102 2 1973 1972 1596 6361 6366 6368
2642 9 2 102 2 1717 1971 1718 6359 6369 5218
2643 9 2 102 2 1974 1868 1866 6370 5732 6371
2644 9 2 102 2 1974 566 1005 6372 3430 6373
2645 9 2 102 2 566 1974 1866 6372 6371 6374
2646 9 2 102 2 1849 1965 1393 6375 6376 5669
2647 9 2 102 2 1965 257 1393 6377 5667 6376
2648 9 2 102 2 1078 1975 1366 6378 6379 5839
2649 9 2 102 2 1975 1909 1366 6380 6087 6379
2650 9 2 102 2 1890 1763 1153 5861 6008 6381
2651 9 2 102 2 1890 1154 1052 6382 6383 5846
2652 9 2 102 2 1154 1890 1153 6382 6381 3664
2653 9 2 102 2 1904 1794 934 6384 6385 6030
2654 9 2 102 2 1794 1904 1793 6384 5938 5468
2655 9 2 102 2 1794 1795 934 5470 6068 6385
2656 9 2 102 2 1976 1937 1977 6386 6387 6388
2657 9 2 102 2 448 1978 1746 6389 6390 6391
2658 9 2 102 2 453 448 1746 2312 6391 5317
2659 9 2 102 2 1978 448 449 6389 2307 6392
2660 9 2 102 2 1976 1977 1547 6388 6393 6394
2661 9 2 102 2 267 1979 268 6395 6396 304
2662 9 2 102 2 718 1979 776 6397 6398 2965
2663 9 2 102 2 1979 718 268 6397 2812 6396
2664 9 2 102 2 1943 1980 1838 6399 6400 6224
2665 9 2 102 2 1943 1941 1939 6230 6211 6401
2666 9 2 102 2 1980 1943 1939 6399 6401 6402
2667 9 2 102 2 1771 1981 1970 6403 6404 6357
2668 9 2 102 2 1981 1982 1970 6405 6406 6404
2669 9 2 102 2 1734 1983 1733 6407 6408 5277
2670 9 2 102 2 1983 919 1733 6409 6410 6408
2671 9 2 102 2 990 1984 1234 6411 6412 6413
2672 9 2 102 2 1984 1985 1234 6414 6415 6412
2673 9 2 102 2 1986 1051 992 6416 6417 6418
2674 9 2 102 2 995 1986 992 6419 6418 3386
2675 9 2 102 2 1842 1014 1010 5642 3415 6420
2676 9 2 102 2 1842 1118 366 6421 3594 5640
2677 9 2 102 2 1118 1842 1010 6421 6420 6422
2678 9 2 102 2 634 1987 618 6423 6424 2620
2679 9 2 102 2 868 1987 964 6425 6426 3342
2680 9 2 102 2 1937 1823 1977 6427 6428 6387
2681 9 2 102 2 1977 1823 1913 6428 6033 6429
2682 9 2 102 2 1987 634 964 6423 5884 6426
2683 9 2 102 2 1748 1813 1908 6239 6430 5987
2684 9 2 102 2 1988 1710 1989 6431 6432 6433
2685 9 2 102 2 1813 1815 1908 5535 6434 6430
2686 9 2 102 2 1058 767 768 3496 2936 6435
2687 9 2 102 2 771 767 1057 2943 3494 3602
2688 9 2 102 2 1861 1990 1860 6436 6437 5715
2689 9 2 102 2 1325 1744 418 5322 6438 6439
2690 9 2 102 2 1988 1989 1664 6433 6440 6441
2691 9 2 102 2 1335 1325 418 4110 6439 6103
2692 9 2 102 2 1429 1915 1045 6048 6442 6443
2693 9 2 102 2 1935 1915 1808 6444 6040 6198
2694 9 2 102 2 1694 1992 1991 6445 6446 6447
2695 9 2 102 2 1915 1935 1045 6444 6448 6442
2696 9 2 102 2 1991 1992 1627 6446 6449 6450
2697 9 2 102 2 1799 1752 1751 5481 5333 6451
2698 9 2 102 2 1799 370 1798 6452 6453 5477
2699 9 2 102 2 370 1799 1751 6452 6451 6454
2700 9 2 102 2 1990 1946 1860 6455 6241 6437
2701 9 2 102 2 1993 1694 1991 6456 6447 6457
2702 9 2 102 2 961 1994 1807 6458 6459 6460
2703 9 2 102 2 1994 1808 1807 6461 5502 6459
2704 9 2 102 2 1993 1991 1995 6457 6462 6463
2705 9 2 102 2 1996 1771 1769 6464 5392 6465
2706 9 2 102 2 1656 1545 1997 5051 6466 6467
2707 9 2 102 2 1831 1996 1769 6468 6465 6469
2708 9 2 102 2 1998 1855 1109 6470 6471 6472
2709 9 2 102 2 1929 1998 1109 6473 6472 6141
2710 9 2 102 2 1656 1997 1999 6467 6474 6475
2711 9 2 102 2 2000 1798 353 6476 6477 6478
2712 9 2 102 2 1323 1788 1744 5445 6479 5321
2713 9 2 102 2 2001 2002 1989 6480 6481 6482
2714 9 2 102 2 2003 2000 353 6483 6478 6484
2715 9 2 102 2 1989 2002 1664 6481 6485 6440
2716 9 2 102 2 1641 1531 2004 5007 6486 6487
2717 9 2 102 2 1641 2004 2005 6487 6488 6489
2718 9 2 102 2 2006 1603 1688 6490 6491 6492
2719 9 2 102 2 1765 1882 1764 5795 6493 5379
2720 9 2 102 2 1816 1882 905 6494 5793 5538
2721 9 2 102 2 1955 2008 2007 6495 6496 6497
2722 9 2 102 2 1688 1603 1689 6491 6498 5144
2723 9 2 102 2 1882 1816 1764 6494 6499 6493
2724 9 2 102 2 1782 1932 1013 6500 6160 5456
2725 9 2 102 2 1932 1782 1785 6500 5431 6156
2726 9 2 102 2 1920 1762 1877 6501 5785 6100
2727 9 2 102 2 1762 1920 859 6501 6205 5365
2728 9 2 102 2 1898 342 431 5902 2286 6502
2729 9 2 102 2 1803 1804 1427 5495 6503 6504
2730 9 2 102 2 1803 1474 1805 6505 5834 5497
2731 9 2 102 2 1474 1803 1427 6505 6504 4588
2732 9 2 102 2 923 1062 1253 5579 6506 6507
2733 9 2 102 2 1062 1825 1253 5577 6508 6506
2734 9 2 102 2 1974 1005 1003 6373 3397 6509
2735 9 2 102 2 1868 1974 1003 6370 6509 5776
2736 9 2 102 2 2009 1656 2010 6510 6511 6512
2737 9 2 102 2 536 1930 1031 6310 6513 6183
2738 9 2 102 2 2010 1656 2011 6511 6514 6515
2739 9 2 102 2 558 562 1089 2484 6516 3551
2740 9 2 102 2 1593 1554 2012 6517 6518 6519
2741 9 2 102 2 558 935 557 3552 6520 2475
2742 9 2 102 2 1143 1822 1142 5680 6521 3641
2743 9 2 102 2 1822 440 1142 5566 6522 6521
2744 9 2 102 2 1801 1802 1761 5490 6523 6524
2745 9 2 102 2 1757 1802 450 6525 5491 6526
2746 9 2 102 2 1593 2012 1492 6519 6527 4889
2747 9 2 102 2 2013 1661 2014 6528 6529 6530
2748 9 2 102 2 1802 1757 1761 6525 5360 6523
2749 9 2 102 2 1072 1066 1947 3521 6531 6532
2750 9 2 102 2 724 1066 1067 6533 3514 3653
2751 9 2 102 2 1066 724 1947 6533 6252 6531
2752 9 2 102 2 2013 2014 2015 6530 6534 6535
2753 9 2 102 2 1930 1825 1031 6148 5578 6513
2754 9 2 102 2 1674 2016 1714 6536 6537 6538
2755 9 2 102 2 2016 1715 1714 6539 5213 6537
2756 9 2 102 2 1677 1699 2017 6540 6541 6542
2757 9 2 102 2 1677 2017 1678 6542 6543 5120
2758 9 2 102 2 776 1979 1532 6398 6544 5065
2759 9 2 102 2 1979 267 1532 6395 5062 6544
2760 9 2 102 2 1603 2019 2018 6545 6546 6547
2761 9 2 102 2 1867 2020 1872 6548 6549 5742
2762 9 2 102 2 2020 1123 1872 6550 6551 6549
2763 9 2 102 2 447 1128 449 5624 3617 2306
2764 9 2 102 2 1603 2018 1689 6547 6552 6498
2765 9 2 102 2 447 453 1090 2313 3554 5626
2766 9 2 102 2 436 434 2021 2292 6553 6554
2767 9 2 102 2 1825 1252 1253 6555 3869 6508
2768 9 2 102 2 2021 434 969 6553 6556 6557
2769 9 2 102 2 1295 1252 1931 3959 6558 6559
2770 9 2 102 2 1252 1825 1931 6555 6149 6558
2771 9 2 102 2 1666 2022 1668 6560 6561 5090
2772 9 2 102 2 1591 1592 1687 4884 6562 6563
2773 9 2 102 2 1980 1134 1840 6564 5633 6565
2774 9 2 102 2 1591 1687 1689 6563 5145 6566
2775 9 2 102 2 1134 1980 1133 6564 6567 3629
2776 9 2 102 2 2008 2024 2023 6568 6569 6570
2777 9 2 102 2 2023 2024 1548 6569 6571 6572
2778 9 2 102 2 382 451 381 2485 5291 2223
2779 9 2 102 2 1754 392 393 5522 2238 5343
2780 9 2 102 2 2025 1569 2026 6573 6574 6575
2781 9 2 102 2 394 392 1810 2240 5520 5767
2782 9 2 102 2 1883 604 602 5801 2562 6576
2783 9 2 102 2 1883 1797 1536 6577 5967 5799
2784 9 2 102 2 1797 1883 602 6577 6576 6102
2785 9 2 102 2 2025 2026 1619 6575 6578 6579
2786 9 2 102 2 1705 2027 2023 6580 6581 6582
2787 9 2 102 2 2022 2028 1668 6583 6584 6561
2788 9 2 102 2 1705 2023 1548 6582 6572 6585
2789 9 2 102 2 1999 2030 2029 6586 6587 6588
2790 9 2 102 2 2029 2030 2031 6587 6589 6590
2791 9 2 102 2 1590 1995 1592 6591 6592 4883
2792 9 2 102 2 1995 1590 1595 6591 4893 6593
2793 9 2 102 2 1491 2033 2032 6594 6595 6596
2794 9 2 102 2 1877 1876 1814 5764 6597 6598
2795 9 2 102 2 1815 1876 1854 6599 5760 5694
2796 9 2 102 2 1876 1815 1814 6599 5534 6597
2797 9 2 102 2 1831 1769 841 6469 6600 5953
2798 9 2 102 2 1656 1999 2034 6475 6601 6602
2799 9 2 102 2 1769 1106 841 5396 5486 6600
2800 9 2 102 2 391 2035 393 6603 6604 2237
2801 9 2 102 2 391 394 1857 2241 6605 6606
2802 9 2 102 2 1656 2034 2011 6602 6607 6514
2803 9 2 102 2 1976 2037 2036 6608 6609 6610
2804 9 2 102 2 2035 391 1857 6603 6606 6611
2805 9 2 102 2 1976 2036 1938 6610 6612 6613
2806 9 2 102 2 2011 2033 1492 6614 6615 6616
2807 9 2 102 2 1786 1846 1421 5656 6617 5734
2808 9 2 102 2 1873 1846 376 6618 5654 6619
2809 9 2 102 2 1672 2039 2038 6620 6621 6622
2810 9 2 102 2 1846 1873 1421 6618 5747 6617
2811 9 2 102 2 2040 2041 1285 6623 6624 6625
2812 9 2 102 2 2038 2039 1607 6621 6626 6627
2813 9 2 102 2 940 2041 939 6628 6629 3304
2814 9 2 102 2 830 618 1987 3157 6424 6630
2815 9 2 102 2 2041 940 1285 6628 6631 6624
2816 9 2 102 2 830 1987 868 6630 6425 3189
2817 9 2 102 2 2041 2040 939 6623 6632 6629
2818 9 2 102 2 1550 1582 2042 6633 6634 6635
2819 9 2 102 2 603 604 951 2563 3321 6636
2820 9 2 102 2 603 1909 605 6637 6013 2565
2821 9 2 102 2 1550 2042 1539 6635 6638 6639
2822 9 2 102 2 1651 1653 1619 5034 6640 6641
2823 9 2 102 2 1909 603 951 6637 6636 6088
2824 9 2 102 2 400 378 1279 2249 6642 6643
2825 9 2 102 2 1033 1996 1831 6644 6468 6280
2826 9 2 102 2 1771 1996 1775 6464 6645 6646
2827 9 2 102 2 1996 1033 1775 6644 5783 6645
2828 9 2 102 2 2033 1491 1492 6594 4624 6615
2829 9 2 102 2 972 973 2043 3358 6647 6648
2830 9 2 102 2 1648 1884 1862 6120 6649 6650
2831 9 2 102 2 2044 972 2043 6651 6648 6652
2832 9 2 102 2 566 1866 563 6374 6653 2493
2833 9 2 102 2 1866 1867 563 5730 6654 6653
2834 9 2 102 2 1841 1839 1070 5631 6655 6656
2835 9 2 102 2 1119 1839 1840 6657 5628 6658
2836 9 2 102 2 1839 1119 1070 6657 6037 6655
2837 9 2 102 2 1884 1881 1862 5807 6659 6649
2838 9 2 102 2 1143 1099 1774 6660 6661 6662
2839 9 2 102 2 1099 1101 1774 3573 5403 6661
2840 9 2 102 2 2045 2047 2046 6663 6664 6665
2841 9 2 102 2 1099 1143 1098 6660 3640 3571
2842 9 2 102 2 1877 1814 1923 6598 6666 6099
2843 9 2 102 2 1814 1742 1923 5530 6098 6666
2844 9 2 102 2 1801 378 379 6667 2220 6142
2845 9 2 102 2 1700 2045 1580 6668 6669 6670
2846 9 2 102 2 1580 2045 2046 6669 6665 6671
2847 9 2 102 2 790 925 791 6672 6673 2996
2848 9 2 102 2 2029 2031 2036 6590 6674 6675
2849 9 2 102 2 354 350 1428 2190 6676 6677
2850 9 2 102 2 2029 2037 1999 6678 6679 6588
2851 9 2 102 2 350 1275 1428 3911 4787 6676
2852 9 2 102 2 2037 2029 2036 6678 6675 6609
2853 9 2 102 2 378 1801 1279 6667 6680 6642
2854 9 2 102 2 790 927 925 5824 3284 6672
2855 9 2 102 2 1741 451 452 5294 2310 6235
2856 9 2 102 2 944 791 925 3606 6673 3311
2857 9 2 102 2 2024 2008 2048 6568 6681 6682
2858 9 2 102 2 2049 1042 1278 6683 3917 6684
2859 9 2 102 2 1042 2049 1044 6683 6685 3473
2860 9 2 102 2 2050 2024 2048 6686 6682 6687
2861 9 2 102 2 1800 374 375 6688 2218 6689
2862 9 2 102 2 1642 2052 2051 6690 6691 6692
2863 9 2 102 2 374 1800 1798 6688 5475 6693
2864 9 2 102 2 2052 2053 2051 6694 6695 6691
2865 9 2 102 2 1040 1504 1149 6696 6697 6698
2866 9 2 102 2 2054 1626 2001 6699 6700 6701
2867 9 2 102 2 1092 656 659 5374 2667 6702
2868 9 2 102 2 1626 1628 2001 4970 6703 6700
2869 9 2 102 2 2010 1492 2012 6704 6527 6705
2870 9 2 102 2 2009 2010 2012 6512 6705 6706
2871 9 2 102 2 396 562 395 6707 2483 2244
2872 9 2 102 2 1492 2010 2011 6704 6515 6616
2873 9 2 102 2 562 396 1910 6707 6016 6708
2874 9 2 102 2 637 1645 636 5663 5877 2622
2875 9 2 102 2 253 1809 1773 6709 6710 5400
2876 9 2 102 2 1809 984 1773 5507 6711 6710
2877 9 2 102 2 1809 253 252 6709 289 5516
2878 9 2 102 2 1504 1040 1039 6696 3468 6712
2879 9 2 102 2 1041 1040 1149 3471 6698 6713
2880 9 2 102 2 1752 1800 375 5480 6689 5427
2881 9 2 102 2 2055 1086 1084 6714 3540 6715
2882 9 2 102 2 1927 1830 2056 6126 6716 6717
2883 9 2 102 2 1927 2057 1272 6718 6719 6133
2884 9 2 102 2 2057 1927 2056 6718 6717 6720
2885 9 2 102 2 1143 1774 1853 6662 6721 5678
2886 9 2 102 2 1774 1775 1853 5405 5782 6721
2887 9 2 102 2 1110 1908 2058 5993 6722 6723
2888 9 2 102 2 778 2059 2050 6724 6725 6726
2889 9 2 102 2 1092 659 616 6702 2758 3560
2890 9 2 102 2 1607 2039 1606 6626 6727 4921
2891 9 2 102 2 1908 1815 2058 6434 6728 6722
2892 9 2 102 2 1892 1155 972 5865 6729 6730
2893 9 2 102 2 578 594 1063 2547 4516 6731
2894 9 2 102 2 1155 974 972 3665 3356 6729
2895 9 2 102 2 578 1064 580 6732 6733 2516
2896 9 2 102 2 1064 578 1063 6732 6731 3511
2897 9 2 102 2 1086 2055 1127 6714 6734 3616
2898 9 2 102 2 1874 1872 1836 5749 6735 6736
2899 9 2 102 2 1872 1123 1836 6551 5620 6735
2900 9 2 102 2 980 2035 1859 6737 6738 6739
2901 9 2 102 2 2060 1812 1203 6740 5533 6741
2902 9 2 102 2 105 2061 104 6742 6743 143
2903 9 2 102 2 1023 2061 1105 6744 6745 6746
2904 9 2 102 2 2061 105 1105 6742 5266 6745
2905 9 2 102 2 1918 1308 1161 6747 6748 6749
2906 9 2 102 2 1913 2063 2062 6750 6751 6752
2907 9 2 102 2 1308 1918 1322 6747 6074 4061
2908 9 2 102 2 2044 1892 972 6753 6730 6651
2909 9 2 102 2 1680 994 1447 6306 5943 5580
2910 9 2 102 2 544 1767 931 5385 6754 3295
2911 9 2 102 2 1935 1767 1768 6755 5388 6756
2912 9 2 102 2 1767 1935 931 6755 6199 6754
2913 9 2 102 2 1308 1261 1161 4057 6757 6748
2914 9 2 102 2 1958 1068 1069 6758 3518 6759
2915 9 2 102 2 1925 998 1837 6112 6760 6761
2916 9 2 102 2 1581 1673 1583 6762 6763 4862
2917 9 2 102 2 1673 2064 1583 6764 6765 6763
2918 9 2 102 2 1552 1723 1206 6766 6767 6768
2919 9 2 102 2 1068 1958 923 6758 6298 6769
2920 9 2 102 2 1723 1725 1206 5256 6770 6767
2921 9 2 102 2 1791 1789 2065 5458 6771 6772
2922 9 2 102 2 1097 2066 1712 6773 6774 6775
2923 9 2 102 2 370 1751 1025 6454 6776 3442
2924 9 2 102 2 865 1317 781 4046 6777 3186
2925 9 2 102 2 642 672 491 2695 6778 3770
2926 9 2 102 2 2067 1216 1486 6779 6780 6781
2927 9 2 102 2 1751 1749 1025 5330 6782 6776
2928 9 2 102 2 1748 543 544 5691 2454 5328
2929 9 2 102 2 548 543 1855 2459 5687 6783
2930 9 2 102 2 1574 1958 1069 6300 6759 4842
2931 9 2 102 2 1981 1775 1276 6784 5404 6785
2932 9 2 102 2 936 2068 1870 6786 6787 6312
2933 9 2 102 2 1982 1981 1276 6405 6785 6788
2934 9 2 102 2 1775 1981 1771 6784 6403 6646
2935 9 2 102 2 1523 1522 1554 4724 4801 6789
2936 9 2 102 2 491 672 1179 6778 6790 4143
2937 9 2 102 2 961 1807 958 6460 6791 3337
2938 9 2 102 2 1179 672 1102 6790 3576 3703
2939 9 2 102 2 1807 1804 958 5499 5494 6791
2940 9 2 102 2 1712 2069 1690 6792 6793 6794
2941 9 2 102 2 2005 1511 1641 6795 6796 6489
2942 9 2 102 2 1780 1064 371 6797 6258 5421
2943 9 2 102 2 1064 1780 580 6797 5719 6733
2944 9 2 102 2 1511 2005 1508 6795 6798 4687
2945 9 2 102 2 2070 1140 1139 6799 3635 6800
2946 9 2 102 2 2070 1132 1893 6801 5870 6802
2947 9 2 102 2 1132 2070 1139 6801 6800 6803
2948 9 2 102 2 2069 2003 1690 6804 6805 6793
2949 9 2 102 2 2071 1220 1515 6806 6807 6808
2950 9 2 102 2 1025 1917 1024 6809 6810 3441
2951 9 2 102 2 1637 1575 2072 4998 6811 6812
2952 9 2 102 2 1220 1223 1515 3802 4712 6807
2953 9 2 102 2 2073 2075 2074 6813 6814 6815
2954 9 2 102 2 1917 1025 1749 6809 6782 6816
2955 9 2 102 2 388 1041 389 3472 6817 2232
2956 9 2 102 2 2073 2047 2045 6818 6663 6819
2957 9 2 102 2 388 390 1039 2236 6820 3470
2958 9 2 102 2 2009 2012 2076 6706 6821 6822
2959 9 2 102 2 1425 418 1744 4424 6438 5312
2960 9 2 102 2 1425 1055 1054 5316 3490 4416
2961 9 2 102 2 1023 2077 423 6823 6824 6825
2962 9 2 102 2 2012 1554 2076 6518 6826 6821
2963 9 2 102 2 1103 2077 1105 6827 6828 3577
2964 9 2 102 2 2077 1103 423 6827 6829 6824
2965 9 2 102 2 2077 1023 1105 6823 6746 6828
2966 9 2 102 2 2078 2079 1486 6830 6831 6832
2967 9 2 102 2 1753 1075 916 6833 5591 6834
2968 9 2 102 2 1075 1753 1074 6833 5337 3525
2969 9 2 102 2 1754 1753 916 5342 6834 5702
2970 9 2 102 2 1140 2070 1893 6799 6802 6835
2971 9 2 102 2 2080 1217 1218 6836 3789 6837
2972 9 2 102 2 2081 1009 1692 6838 6839 6840
2973 9 2 102 2 2047 2073 2074 6818 6815 6841
2974 9 2 102 2 1250 1583 2079 4870 6842 6843
2975 9 2 102 2 1009 2081 1000 6838 6844 3409
2976 9 2 102 2 1583 2064 2079 6765 6845 6842
2977 9 2 102 2 25 1911 398 6846 6025 5442
2978 9 2 102 2 1912 1911 26 6026 6847 6848
2979 9 2 102 2 1911 25 26 6846 62 6847
2980 9 2 102 2 1289 1665 1503 6849 6850 4675
2981 9 2 102 2 1388 1199 1682 4339 6851 6852
2982 9 2 102 2 1388 2015 1390 6853 6854 4289
2983 9 2 102 2 1009 1014 1692 3416 6855 6839
2984 9 2 102 2 2082 1662 2083 6856 6857 6858
2985 9 2 102 2 2082 2057 421 6859 6860 6861
2986 9 2 102 2 2017 1699 2013 6541 6862 6863
2987 9 2 102 2 925 926 938 3286 6864 3309
2988 9 2 102 2 2015 2017 2013 6865 6863 6535
2989 9 2 102 2 1566 1569 2025 4832 6573 6866
2990 9 2 102 2 1962 2085 2084 6867 6868 6869
2991 9 2 102 2 1650 1566 2025 6870 6866 6871
2992 9 2 102 2 1697 2086 1317 6872 6873 6874
2993 9 2 102 2 1324 1830 1720 6875 6876 5236
2994 9 2 102 2 2057 2082 2083 6859 6858 6877
2995 9 2 102 2 1830 1324 1335 6875 4111 6878
2996 9 2 102 2 973 1217 2043 3796 6879 6647
2997 9 2 102 2 1217 2080 2043 6836 6880 6879
2998 9 2 102 2 1967 1962 2084 6338 6869 6881
2999 9 2 102 2 1117 1764 1816 6882 6499 5869
3000 9 2 102 2 1631 1789 1790 6883 5460 6884
3001 9 2 102 2 2057 2056 421 6720 6885 6860
3002 9 2 102 2 1335 2056 1830 6886 6716 6878
3003 9 2 102 2 2056 1335 421 6886 6104 6885
3004 9 2 102 2 1897 1917 1749 6053 6816 5895
3005 9 2 102 2 1897 179 180 5893 218 6056
3006 9 2 102 2 2085 1962 1555 6867 6319 6887
3007 9 2 102 2 938 926 2087 6864 6888 6889
3008 9 2 102 2 1607 2089 2088 6890 6891 6892
3009 9 2 102 2 2019 1604 2065 6893 6894 6895
3010 9 2 102 2 940 938 2087 3303 6889 6896
3011 9 2 102 2 1604 2019 1603 6893 6545 4917
3012 9 2 102 2 2005 1509 1508 6897 4680 6798
3013 9 2 102 2 1604 1609 2065 4923 6898 6894
3014 9 2 102 2 2090 1715 2016 6899 6539 6900
3015 9 2 102 2 1745 565 1055 6344 6901 5315
3016 9 2 102 2 2090 1237 1236 6902 3841 6903
3017 9 2 102 2 1745 1744 1788 5310 6479 6348
3018 9 2 102 2 1859 1945 980 6244 6904 6739
3019 9 2 102 2 1081 1945 1946 6905 6242 6906
3020 9 2 102 2 1237 2090 2016 6902 6900 6907
3021 9 2 102 2 1945 1081 980 6905 6908 6904
3022 9 2 102 2 1023 1021 2091 3437 6909 6910
3023 9 2 102 2 1268 1021 1022 6911 3435 6912
3024 9 2 102 2 1021 1268 2091 6911 6913 6909
3025 9 2 102 2 1764 1117 1118 6882 3595 5375
3026 9 2 102 2 1715 2090 1236 6899 6903 6914
3027 9 2 102 2 2065 1789 2019 6771 6915 6895
3028 9 2 102 2 2092 2093 1997 6916 6917 6918
3029 9 2 102 2 1833 646 636 5611 2640 6919
3030 9 2 102 2 1128 1776 2094 5623 6920 6921
3031 9 2 102 2 1776 635 2094 5406 6922 6920
3032 9 2 102 2 982 1773 984 6923 6711 3369
3033 9 2 102 2 2092 1545 1543 6924 4776 6925
3034 9 2 102 2 1773 982 1772 6923 6324 5399
3035 9 2 102 2 2095 1967 2096 6926 6927 6928
3036 9 2 102 2 1545 2092 1997 6924 6918 6466
3037 9 2 102 2 1085 1956 347 6295 6929 3547
3038 9 2 102 2 1738 1739 2095 5288 6930 6931
3039 9 2 102 2 1956 344 347 6288 2183 6929
3040 9 2 102 2 1271 2097 1503 6932 6933 4665
3041 9 2 102 2 1808 1994 933 6461 6934 6031
3042 9 2 102 2 2097 1506 1503 6935 4676 6933
3043 9 2 102 2 1506 2097 1698 6935 6936 5175
3044 9 2 102 2 1904 1994 961 6937 6458 5939
3045 9 2 102 2 2093 2092 1543 6916 6925 6938
3046 9 2 102 2 1649 1650 1606 5029 6939 6940
3047 9 2 102 2 1994 1904 933 6937 6029 6934
3048 9 2 102 2 2011 2034 1540 6607 6941 6942
3049 9 2 102 2 2098 1668 2099 6943 6944 6945
3050 9 2 102 2 1184 1188 1599 3730 6946 6947
3051 9 2 102 2 1184 1683 1183 6948 6949 3720
3052 9 2 102 2 1683 1184 1599 6948 6947 6950
3053 9 2 102 2 1008 1847 1090 6951 5658 3553
3054 9 2 102 2 1847 1008 855 6951 3404 6093
3055 9 2 102 2 2037 2034 1999 6952 6601 6679
3056 9 2 102 2 1902 948 1382 5928 6188 6255
3057 9 2 102 2 2034 2037 1540 6952 6953 6941
3058 9 2 102 2 1768 542 1914 5387 6954 6039
3059 9 2 102 2 1598 1639 1165 5000 6955 6956
3060 9 2 102 2 1598 1266 1240 6957 3889 4902
3061 9 2 102 2 2035 1857 1859 6611 5708 6738
3062 9 2 102 2 542 548 1914 2460 6958 6954
3063 9 2 102 2 1266 1598 1165 6957 6956 6959
3064 9 2 102 2 1521 2059 1513 6960 6961 4722
3065 9 2 102 2 2100 1224 439 6962 6963 6964
3066 9 2 102 2 1667 1602 1601 5100 4912 6965
3067 9 2 102 2 1963 1112 1113 6329 3588 6966
3068 9 2 102 2 1119 1112 1071 3596 6335 6038
3069 9 2 102 2 1720 384 2101 6967 6968 6969
3070 9 2 102 2 384 1720 386 6967 6970 2227
3071 9 2 102 2 384 387 2101 2231 6971 6968
3072 9 2 102 2 761 1307 763 6972 6973 2927
3073 9 2 102 2 1307 761 1059 6972 6974 4011
3074 9 2 102 2 1307 1322 763 4062 4305 6973
3075 9 2 102 2 1234 1985 1233 6415 6975 3838
3076 9 2 102 2 1234 989 990 3840 3381 6413
3077 9 2 102 2 1973 1591 1630 6976 6977 6978
3078 9 2 102 2 1131 1857 394 5704 6605 3622
3079 9 2 102 2 1200 1203 1845 3757 5653 6367
3080 9 2 102 2 1591 1973 1590 6976 6979 4885
3081 9 2 102 2 368 1639 367 6980 4999 2210
3082 9 2 102 2 368 399 2102 2248 6981 6982
3083 9 2 102 2 2103 2098 2099 6983 6945 6984
3084 9 2 102 2 1268 1022 1861 6912 6985 6986
3085 9 2 102 2 1075 1889 1386 6987 5842 5592
3086 9 2 102 2 2104 1489 1286 6988 6989 6990
3087 9 2 102 2 1078 1889 1073 5841 6991 3532
3088 9 2 102 2 1639 368 2102 6980 6982 6992
3089 9 2 102 2 593 678 2046 2712 6993 6994
3090 9 2 102 2 1889 1075 1073 6987 3524 6991
3091 9 2 102 2 1758 1756 1826 5347 5581 6995
3092 9 2 102 2 593 2047 592 6996 6997 2545
3093 9 2 102 2 1200 1973 1202 6362 6998 3753
3094 9 2 102 2 1138 1164 1137 4879 6999 3634
3095 9 2 102 2 1138 1140 1587 3636 5162 4876
3096 9 2 102 2 1942 404 1543 7000 4785 7001
3097 9 2 102 2 2047 593 2046 6996 6994 6664
3098 9 2 102 2 1907 397 395 7002 2242 6197
3099 9 2 102 2 398 397 1900 2245 7003 5907
3100 9 2 102 2 1541 1547 2105 4789 7004 7005
3101 9 2 102 2 397 1907 1900 7002 6007 7003
3102 9 2 102 2 2032 1541 2105 7006 7005 7007
3103 9 2 102 2 1761 1172 1279 5363 3926 7008
3104 9 2 102 2 1522 2106 1555 7009 7010 4802
3105 9 2 102 2 1801 1761 1279 6524 7008 6680
3106 9 2 102 2 2106 2085 1555 7011 6887 7010
3107 9 2 102 2 1640 2107 2052 7012 7013 7014
3108 9 2 102 2 1931 2068 1295 7015 7016 6559
3109 9 2 102 2 2068 1931 1870 7015 6146 6787
3110 9 2 102 2 1683 1600 2108 7017 7018 7019
3111 9 2 102 2 1600 1683 1599 7017 6950 4911
3112 9 2 102 2 1600 1602 2108 4913 7020 7018
3113 9 2 102 2 2107 2053 2052 7021 6694 7013
3114 9 2 102 2 2109 907 1576 7022 7023 7024
3115 9 2 102 2 2032 2109 1576 7025 7024 7026
3116 9 2 102 2 1791 2027 1790 7027 7028 5459
3117 9 2 102 2 104 2091 1268 7029 6913 3897
3118 9 2 102 2 2110 2080 2001 7030 7031 7032
3119 9 2 102 2 1738 2095 2096 6931 6928 7033
3120 9 2 102 2 1628 2110 2001 7034 7032 6703
3121 9 2 102 2 2111 1709 2099 7035 7036 7037
3122 9 2 102 2 1023 2091 2061 6910 7038 6744
3123 9 2 102 2 1493 771 1638 4647 7039 7040
3124 9 2 102 2 2028 2111 2099 7041 7037 7042
3125 9 2 102 2 1695 1697 1623 5172 7043 7044
3126 9 2 102 2 386 1720 1830 6970 6876 5602
3127 9 2 102 2 1695 2112 1579 7045 7046 5167
3128 9 2 102 2 2112 1695 1623 7045 7044 7047
3129 9 2 102 2 1562 1577 1561 4854 6308 4817
3130 9 2 102 2 2091 104 2061 7029 6743 7038
3131 9 2 102 2 1001 2081 1024 7048 7049 3452
3132 9 2 102 2 1562 1491 1576 4823 7050 4852
3133 9 2 102 2 2081 1001 1000 7048 3392 6844
3134 9 2 102 2 2113 2114 2112 7051 7052 7053
3135 9 2 102 2 1166 1639 2102 7054 6992 7055
3136 9 2 102 2 2114 1500 2112 7056 7057 7052
3137 9 2 102 2 1559 1704 1560 7058 7059 4811
3138 9 2 102 2 1559 1223 2075 4814 7060 7061
3139 9 2 102 2 1844 30 31 5651 67 6204
3140 9 2 102 2 1662 2115 2083 7062 7063 6857
3141 9 2 102 2 999 1166 2102 3685 7055 7064
3142 9 2 102 2 1639 1166 1165 7054 3679 6955
3143 9 2 102 2 1698 2115 1661 7065 7066 7067
3144 9 2 102 2 1287 1665 1289 5088 6849 3945
3145 9 2 102 2 2115 1698 2083 7065 7068 7063
3146 9 2 102 2 1965 1849 1028 6375 7069 6333
3147 9 2 102 2 2115 1662 1661 7062 5069 7066
3148 9 2 102 2 2023 2027 2116 6581 7070 7071
3149 9 2 102 2 1965 258 257 6330 294 6377
3150 9 2 102 2 1936 1938 1727 6209 7072 7073
3151 9 2 102 2 1936 354 1046 7074 3477 6206
3152 9 2 102 2 2008 2023 2116 6570 7071 7075
3153 9 2 102 2 354 1936 1727 7074 7073 6254
3154 9 2 102 2 2117 2118 2110 7076 7077 7078
3155 9 2 102 2 1844 344 1843 6201 6290 5645
3156 9 2 102 2 2118 2080 2110 7079 7030 7077
3157 9 2 102 2 1700 1704 2045 5183 7080 6668
3158 9 2 102 2 434 1160 971 7081 7082 7083
3159 9 2 102 2 1737 2119 1056 7084 7085 6226
3160 9 2 102 2 969 434 971 6556 7083 3353
3161 9 2 102 2 930 2120 1226 7086 7087 3818
3162 9 2 102 2 2119 1963 1056 7088 7089 7085
3163 9 2 102 2 1243 1081 1946 7090 6906 7091
3164 9 2 102 2 1984 1087 2121 7092 7093 7094
3165 9 2 102 2 1700 1580 1578 6670 4855 5178
3166 9 2 102 2 389 1041 1864 6817 7095 7096
3167 9 2 102 2 1952 1955 2122 6287 7097 7098
3168 9 2 102 2 405 2093 1543 7099 6938 4786
3169 9 2 102 2 387 389 1864 6184 7096 7100
3170 9 2 102 2 525 441 1145 2425 3643 7101
3171 9 2 102 2 966 441 442 3645 2299 3348
3172 9 2 102 2 1952 1666 1667 7102 5092 6275
3173 9 2 102 2 1666 1952 2122 7102 7098 7103
3174 9 2 102 2 1227 2040 1485 7104 7105 7106
3175 9 2 102 2 1087 1984 990 7092 6411 6130
3176 9 2 102 2 437 1601 439 7107 7108 2295
3177 9 2 102 2 437 679 1667 3857 6273 7109
3178 9 2 102 2 1228 1227 1485 3819 7106 4611
3179 9 2 102 2 2040 1227 1226 7104 3816 7110
3180 9 2 102 2 2100 1601 1599 7111 4909 7112
3181 9 2 102 2 1985 1984 2121 6414 7094 7113
3182 9 2 102 2 1601 437 1667 7107 7109 6965
3183 9 2 102 2 1760 450 580 7114 5818 5718
3184 9 2 102 2 1729 1731 2123 5271 7115 7116
3185 9 2 102 2 1056 1963 1057 7089 7117 3493
3186 9 2 102 2 450 1760 1757 7114 5355 6526
3187 9 2 102 2 1035 1954 1953 7118 6285 7119
3188 9 2 102 2 1660 1729 2123 5264 7116 7120
3189 9 2 102 2 2015 2014 1390 6534 7121 6854
3190 9 2 102 2 1500 1579 2112 4860 7046 7057
3191 9 2 102 2 1162 1238 1161 3845 7122 3676
3192 9 2 102 2 1659 2014 1661 7123 6529 5066
3193 9 2 102 2 1162 1164 1236 3678 4878 3843
3194 9 2 102 2 1940 411 404 7124 6262 7125
3195 9 2 102 2 422 1035 1953 6261 7119 7126
3196 9 2 102 2 1715 1236 1587 6914 4874 7127
3197 9 2 102 2 1942 1940 404 6215 7125 7000
3198 9 2 102 2 2097 2083 1698 7128 7068 6936
3199 9 2 102 2 1969 1231 1654 6352 7129 7130
3200 9 2 102 2 2014 1659 1390 7123 5057 7121
3201 9 2 102 2 1298 605 1784 4007 6077 5454
3202 9 2 102 2 1305 1488 1294 7131 7132 4002
3203 9 2 102 2 1298 1013 1011 5457 3412 3976
3204 9 2 102 2 1969 1758 1826 7133 6995 6349
3205 9 2 102 2 1758 1969 1654 7133 7130 7134
3206 9 2 102 2 928 2120 930 7135 7086 3287
3207 9 2 102 2 2124 1978 1262 7136 7137 7138
3208 9 2 102 2 1053 1986 2125 7139 7140 7141
3209 9 2 102 2 1986 995 2125 6419 7142 7140
3210 9 2 102 2 1986 1053 1051 7139 3488 6416
3211 9 2 102 2 1241 1244 1294 3854 7143 3956
3212 9 2 102 2 1241 1304 1243 4001 7144 3850
3213 9 2 102 2 1232 1216 2088 3835 7145 7146
3214 9 2 102 2 1232 1621 1233 7147 7148 3832
3215 9 2 102 2 2122 2007 1609 7149 7150 7151
3216 9 2 102 2 1666 2122 1609 7103 7151 7152
3217 9 2 102 2 1095 1692 1094 5150 7153 3566
3218 9 2 102 2 1095 1097 1690 3568 7154 5148
3219 9 2 102 2 1874 1836 998 6736 7155 7156
3220 9 2 102 2 1488 1293 1294 7157 3957 7132
3221 9 2 102 2 2007 2122 1955 7149 7097 6497
3222 9 2 102 2 1836 1837 998 5618 6760 7155
3223 9 2 102 2 1881 1926 1864 6122 7158 7159
3224 9 2 102 2 1578 2126 1701 7160 7161 5176
3225 9 2 102 2 387 1926 1888 7162 6121 7163
3226 9 2 102 2 1926 387 1864 7162 7100 7158
3227 9 2 102 2 565 563 1871 2489 7164 7165
3228 9 2 102 2 2126 2127 1701 7166 7167 7161
3229 9 2 102 2 1646 1528 1531 7168 4744 5016
3230 9 2 102 2 563 1867 1871 6654 5741 7164
3231 9 2 102 2 2124 1264 1198 7169 7170 7171
3232 9 2 102 2 2128 2063 1998 7172 7173 7174
3233 9 2 102 2 1124 2020 1865 7175 7176 7177
3234 9 2 102 2 2020 1867 1865 6548 5729 7176
3235 9 2 102 2 2020 1124 1123 7175 3608 6550
3236 9 2 102 2 2068 409 410 7178 2260 7179
3237 9 2 102 2 409 2068 936 7178 6786 3301
3238 9 2 102 2 1304 1083 1077 7180 3538 7181
3239 9 2 102 2 1087 1083 2121 3543 7182 7093
3240 9 2 102 2 1083 1304 2121 7180 7183 7182
3241 9 2 102 2 393 2035 1074 6604 7184 5336
3242 9 2 102 2 1983 965 921 7185 6076 7186
3243 9 2 102 2 965 1983 1734 7185 6407 5828
3244 9 2 102 2 919 1983 921 6409 7186 3278
3245 9 2 102 2 1871 1874 2129 5750 7187 7188
3246 9 2 102 2 1929 2128 1998 7189 7174 6473
3247 9 2 102 2 565 1871 2129 7165 7188 7190
3248 9 2 102 2 2071 2059 778 7191 6724 7192
3249 9 2 102 2 1941 1944 410 6229 7193 7194
3250 9 2 102 2 1295 1944 1841 7195 6231 7196
3251 9 2 102 2 1944 1295 410 7195 7197 7193
3252 9 2 102 2 1874 996 2129 7198 7199 7187
3253 9 2 102 2 2033 1541 2032 7200 7006 6595
3254 9 2 102 2 1681 1683 2108 5132 7019 7201
3255 9 2 102 2 996 999 2129 3391 7202 7199
3256 9 2 102 2 1684 1681 2108 7203 7201 7204
3257 9 2 102 2 996 1874 998 7198 7156 3387
3258 9 2 102 2 1541 2033 1540 7200 7205 4775
3259 9 2 102 2 1264 2124 1262 7169 7138 3888
3260 9 2 102 2 2120 928 1089 7135 3549 7206
3261 9 2 102 2 1076 1304 1077 7207 7181 3527
3262 9 2 102 2 400 1279 1278 6643 3920 7208
3263 9 2 102 2 1076 1081 1243 3536 7090 7209
3264 9 2 102 2 182 1934 181 7210 6266 220
3265 9 2 102 2 1231 1230 1652 3829 5031 7211
3266 9 2 102 2 1653 1230 1229 5033 3824 7212
3267 9 2 102 2 1304 1076 1243 7207 7209 7144
3268 9 2 102 2 1121 2120 1122 7213 7214 3603
3269 9 2 102 2 1934 182 432 7210 5600 6176
3270 9 2 102 2 1488 1215 1293 7215 7216 7157
3271 9 2 102 2 1841 1251 1295 7217 3960 7196
3272 9 2 102 2 1215 1985 1293 7218 7219 7216
3273 9 2 102 2 1985 1213 1233 7220 3833 6975
3274 9 2 102 2 1068 1251 1070 3973 7221 3516
3275 9 2 102 2 1251 1841 1070 7217 6656 7221
3276 9 2 102 2 1213 1985 1215 7220 7218 3783
3277 9 2 102 2 1863 1041 1827 7222 7223 7224
3278 9 2 102 2 1833 1863 1827 5726 7224 5610
3279 9 2 102 2 1041 1863 1864 7222 5724 7095
3280 9 2 102 2 1081 979 980 3535 3365 6908
3281 9 2 102 2 981 979 1077 3367 3528 7225
3282 9 2 102 2 430 1765 431 5936 5378 2285
3283 9 2 102 2 430 432 1896 2289 6177 5891
3284 9 2 102 2 1211 1982 1274 7226 7227 3905
3285 9 2 102 2 2040 1285 1286 6625 3942 7228
3286 9 2 102 2 1127 1285 940 3944 6631 3614
3287 9 2 102 2 2101 1721 1720 7229 5245 6969
3288 9 2 102 2 2101 387 1888 6971 7163 7230
3289 9 2 102 2 1721 2101 1888 7229 7230 5836
3290 9 2 102 2 1575 2130 2072 7231 7232 6811
3291 9 2 102 2 1740 1741 2055 5295 7233 7234
3292 9 2 102 2 2131 2076 1961 7235 7236 7237
3293 9 2 102 2 1740 1084 381 7238 5049 5293
3294 9 2 102 2 1084 1740 2055 7238 7234 6715
3295 9 2 102 2 1954 937 936 7239 3299 6323
3296 9 2 102 2 1654 1231 1652 7129 7211 5037
3297 9 2 102 2 937 1954 1035 7239 7118 3459
3298 9 2 102 2 2043 2080 2118 6880 7079 7240
3299 9 2 102 2 1785 1616 1072 7241 4941 6157
3300 9 2 102 2 2044 2043 2118 6652 7240 7242
3301 9 2 102 2 2120 1121 1226 7213 3814 7087
3302 9 2 102 2 1400 28 29 4389 65 5686
3303 9 2 102 2 1476 419 420 7243 2271 6011
3304 9 2 102 2 1665 1205 1503 7244 4666 6850
3305 9 2 102 2 419 1476 1048 7243 4592 3483
3306 9 2 102 2 1615 1621 2089 4954 7245 7246
3307 9 2 102 2 2132 1618 1608 7247 7248 7249
3308 9 2 102 2 1620 1615 2089 7250 7246 7251
3309 9 2 102 2 1046 1823 1937 5572 6427 6207
3310 9 2 102 2 1953 374 2133 6282 7252 7253
3311 9 2 102 2 1049 1662 2082 7254 6856 7255
3312 9 2 102 2 422 1953 2133 7126 7253 7256
3313 9 2 102 2 421 1049 2082 3484 7255 6861
3314 9 2 102 2 1662 1049 1048 7254 3481 7257
3315 9 2 102 2 351 2081 1692 7258 6840 7259
3316 9 2 102 2 1941 408 1940 7260 7261 6212
3317 9 2 102 2 2132 1606 1650 7262 6939 7263
3318 9 2 102 2 1220 1950 1222 7264 7265 3797
3319 9 2 102 2 1950 1220 2071 7264 6806 7266
3320 9 2 102 2 408 1941 410 7260 7194 2259
3321 9 2 102 2 1616 1785 989 7241 5844 7267
3322 9 2 102 2 425 1982 1211 7268 7226 3774
3323 9 2 102 2 1606 2132 1608 7262 7249 4919
3324 9 2 102 2 408 411 1940 2263 7124 7261
3325 9 2 102 2 1892 2044 2094 6753 7269 7270
3326 9 2 102 2 635 1892 2094 5862 7270 6922
3327 9 2 102 2 1093 970 1526 3561 7271 5231
3328 9 2 102 2 1202 1973 1630 6998 6978 4975
3329 9 2 102 2 1905 1124 941 7272 6080 5962
3330 9 2 102 2 1570 1546 2130 4841 7273 7274
3331 9 2 102 2 1932 1947 1928 7275 6250 6159
3332 9 2 102 2 1575 1570 2130 4848 7274 7231
3333 9 2 102 2 1947 1932 1072 7275 6158 6532
3334 9 2 102 2 935 1835 557 7276 7277 6520
3335 9 2 102 2 1835 1123 557 5621 3610 7277
3336 9 2 102 2 1835 935 1837 7276 7278 5617
3337 9 2 102 2 2134 2135 1139 7279 7280 7281
3338 9 2 102 2 1132 2135 2136 7282 7283 7284
3339 9 2 102 2 2135 1132 1139 7282 6803 7280
3340 9 2 102 2 2134 1260 1259 7285 3879 7286
3341 9 2 102 2 1188 1224 1599 3806 7287 6946
3342 9 2 102 2 1950 1224 1222 7288 3803 7265
3343 9 2 102 2 2135 2134 2136 7279 7289 7283
3344 9 2 102 2 1282 1597 2125 7290 7291 7292
3345 9 2 102 2 995 1282 2125 3939 7292 7142
3346 9 2 102 2 1178 2137 1247 7293 7294 3871
3347 9 2 102 2 1597 1282 1283 7290 3928 5155
3348 9 2 102 2 2117 1126 2138 7295 7296 7297
3349 9 2 102 2 1126 1128 2138 3618 7298 7296
3350 9 2 102 2 1690 1097 1712 7154 6775 6794
3351 9 2 102 2 1126 2117 1125 7295 7299 3613
3352 9 2 102 2 1618 2132 1650 7247 7263 7300
3353 9 2 102 2 1733 919 2139 6410 7301 7302
3354 9 2 102 2 1173 1959 1229 6322 7303 3826
3355 9 2 102 2 1735 1733 2139 5279 7302 7304
3356 9 2 102 2 1235 1621 1616 7305 4955 7306
3357 9 2 102 2 1704 2073 2045 7307 6819 7080
3358 9 2 102 2 989 1235 1616 3839 7306 7267
3359 9 2 102 2 1621 1235 1233 7305 3836 7148
3360 9 2 102 2 2075 2073 1559 6813 7308 7061
3361 9 2 102 2 433 1210 1946 3778 7309 7310
3362 9 2 102 2 1244 1210 1211 7311 3775 3909
3363 9 2 102 2 1428 1045 354 7312 3478 6677
3364 9 2 102 2 1045 1428 1429 7312 4426 6443
3365 9 2 102 2 1849 1919 1028 6090 7313 7069
3366 9 2 102 2 2113 1551 2114 7314 7315 7051
3367 9 2 102 2 2073 1704 1559 7307 7058 7308
3368 9 2 102 2 1551 1553 2114 4800 7316 7315
3369 9 2 102 2 1498 1553 1494 7317 7318 4656
3370 9 2 102 2 1498 1500 2114 4658 7056 7319
3371 9 2 102 2 1919 1029 1028 6066 3446 7313
3372 9 2 102 2 1553 1498 2114 7317 7319 7316
3373 9 2 102 2 1741 1225 2055 7320 7321 7233
3374 9 2 102 2 1254 2078 1305 7322 7323 7324
3375 9 2 102 2 2078 1254 1247 7322 3872 7325
3376 9 2 102 2 1258 1254 1305 3877 7324 4245
3377 9 2 102 2 2076 2140 2009 7326 7327 6822
3378 9 2 102 2 1546 2140 2130 7328 7329 7273
3379 9 2 102 2 2140 1546 2009 7328 7330 7327
3380 9 2 102 2 2140 2076 2130 7326 7331 7329
3381 9 2 102 2 1997 2093 2030 6917 7332 7333
3382 9 2 102 2 1999 1997 2030 6474 7333 6586
3383 9 2 102 2 2021 969 1612 6557 7334 7335
3384 9 2 102 2 2021 1647 436 7336 5017 6554
3385 9 2 102 2 1225 1127 2055 3811 6734 7321
3386 9 2 102 2 1527 1185 1183 7337 3718 7338
3387 9 2 102 2 1225 1741 379 7320 6234 3809
3388 9 2 102 2 1768 1824 1935 5575 7339 6756
3389 9 2 102 2 1620 1608 1618 7340 7248 4952
3390 9 2 102 2 1607 1608 2089 4920 7341 6890
3391 9 2 102 2 1045 1824 1046 7342 5570 3476
3392 9 2 102 2 1608 1620 2089 7340 7251 7341
3393 9 2 102 2 1824 1045 1935 7342 6448 7339
3394 9 2 102 2 985 1263 1259 7343 3885 7344
3395 9 2 102 2 1597 1596 1845 4898 6365 7345
3396 9 2 102 2 1973 1596 1590 6368 4894 6979
3397 9 2 102 2 1263 985 983 7343 3372 5300
3398 9 2 102 2 2049 1171 1508 7346 4688 7347
3399 9 2 102 2 1960 372 1903 7348 6079 7349
3400 9 2 102 2 1959 1960 1903 6317 7349 7350
3401 9 2 102 2 1647 2021 1612 7336 7335 7351
3402 9 2 102 2 1546 1656 2009 5052 6510 7330
3403 9 2 102 2 372 1960 1176 7348 6321 5989
3404 9 2 102 2 1651 2026 2053 7352 7353 7354
3405 9 2 102 2 2087 926 1085 6888 6296 7355
3406 9 2 102 2 1165 1925 1266 6113 7356 6959
3407 9 2 102 2 2087 1086 940 7357 3615 6896
3408 9 2 102 2 2026 1651 1619 7352 6641 6578
3409 9 2 102 2 1086 2087 1085 7357 7355 3541
3410 9 2 102 2 2026 1569 2053 6574 7358 7353
3411 9 2 102 2 1582 2113 1581 7359 7360 4864
3412 9 2 102 2 2058 1812 2060 7361 6740 7362
3413 9 2 102 2 1977 1913 2105 6429 7363 7364
3414 9 2 102 2 2105 1913 2062 7363 6752 7365
3415 9 2 102 2 1547 1977 2105 6393 7364 7004
3416 9 2 102 2 2032 2105 2062 7007 7365 7366
3417 9 2 102 2 1110 2058 2060 6723 7362 7367
3418 9 2 102 2 1812 2058 1815 7361 6728 5693
3419 9 2 102 2 762 254 1772 7368 5397 7369
3420 9 2 102 2 1161 1238 1918 7122 7370 6749
3421 9 2 102 2 761 762 1772 2929 7369 7371
3422 9 2 102 2 1159 2141 1222 7372 7373 3805
3423 9 2 102 2 254 762 255 7368 3028 291
3424 9 2 102 2 1124 1905 557 7272 6195 3609
3425 9 2 102 2 1058 768 1552 6435 7374 7375
3426 9 2 102 2 400 1277 2104 7376 7377 7378
3427 9 2 102 2 1277 400 1278 7376 7208 3916
3428 9 2 102 2 1277 1047 2104 3919 7379 7377
3429 9 2 102 2 1982 2142 1970 7380 7381 6406
3430 9 2 102 2 1527 2143 1185 7382 7383 7337
3431 9 2 102 2 1206 1058 1552 3769 7375 6768
3432 9 2 102 2 1206 1725 1208 6770 7384 3763
3433 9 2 102 2 1946 1242 1243 7385 3851 7091
3434 9 2 102 2 1244 1242 1210 3853 7386 7311
3435 9 2 102 2 1838 1980 1840 6400 6565 5627
3436 9 2 102 2 1242 1946 1210 7385 7309 7386
3437 9 2 102 2 1258 1177 1178 7387 3698 3878
3438 9 2 102 2 1177 1258 1274 7387 7388 3914
3439 9 2 102 2 1216 1214 1486 3786 4613 6780
3440 9 2 102 2 1488 1214 1215 4618 3784 7215
3441 9 2 102 2 1231 1175 1173 6353 3692 3830
3442 9 2 102 2 1894 2117 2110 7389 7078 7390
3443 9 2 102 2 1176 1175 1826 3695 6350 6248
3444 9 2 102 2 1628 1894 2110 5874 7390 7034
3445 9 2 102 2 423 2142 425 7391 7392 2277
3446 9 2 102 2 1827 1041 1149 7223 6713 7393
3447 9 2 102 2 2142 423 1970 7391 7394 7381
3448 9 2 102 2 1507 1288 1289 7395 3946 4679
3449 9 2 102 2 1155 1827 1149 5584 7393 3666
3450 9 2 102 2 1527 970 971 7396 3354 7397
3451 9 2 102 2 1110 1109 1855 3585 6471 5992
3452 9 2 102 2 2142 1982 425 7380 7268 7392
3453 9 2 102 2 1053 2125 1845 7141 7398 5652
3454 9 2 102 2 1489 1485 1286 4622 7399 6989
3455 9 2 102 2 2125 1597 1845 7291 7345 7398
3456 9 2 102 2 1485 2040 1286 7105 7228 7399
3457 9 2 102 2 2003 1691 1690 7400 5146 6805
3458 9 2 102 2 1692 1691 351 5149 7401 7259
3459 9 2 102 2 2144 2113 1582 7402 7359 7403
3460 9 2 102 2 1150 1504 1205 7404 4670 3758
3461 9 2 102 2 1691 2003 351 7400 7405 7401
3462 9 2 102 2 2144 1550 1551 7406 4797 7407
3463 9 2 102 2 1124 1865 1891 7177 7408 6081
3464 9 2 102 2 1893 1628 1627 5873 4969 7409
3465 9 2 102 2 1194 1199 1525 3752 7410 4734
3466 9 2 102 2 1194 1527 1183 4736 7338 3744
3467 9 2 102 2 1865 1868 1891 5733 6085 7408
3468 9 2 102 2 1160 2143 971 7411 7412 7082
3469 9 2 102 2 2059 1515 1513 7413 4696 6961
3470 9 2 102 2 1550 2144 1582 7406 7403 6633
3471 9 2 102 2 2143 1160 1185 7411 7414 7383
3472 9 2 102 2 1515 2059 2071 7413 7191 6808
3473 9 2 102 2 2143 1527 971 7382 7397 7412
3474 9 2 102 2 1980 1939 1571 6402 7415 7416
3475 9 2 102 2 1921 1549 1051 6072 7417 7418
3476 9 2 102 2 1939 1942 1571 6214 7419 7415
3477 9 2 102 2 992 1549 994 7420 5948 3382
3478 9 2 102 2 1549 992 1051 7420 6417 7417
3479 9 2 102 2 1010 1898 1118 7421 7422 6422
3480 9 2 102 2 1262 2134 1259 7423 7286 3884
3481 9 2 102 2 1898 1010 1000 7421 3410 5897
3482 9 2 102 2 1653 1147 1619 7424 4948 6640
3483 9 2 102 2 2054 1989 1710 7425 6432 7426
3484 9 2 102 2 926 927 1843 3285 5822 6297
3485 9 2 102 2 1060 1261 1059 3883 4058 3500
3486 9 2 102 2 2113 2144 1551 7402 7407 7314
3487 9 2 102 2 1060 985 1259 3502 7344 3881
3488 9 2 102 2 525 1145 1538 7101 7427 7428
3489 9 2 102 2 1199 1389 1525 4338 4738 7410
3490 9 2 102 2 1529 1389 1390 4741 4290 5064
3491 9 2 102 2 1921 1052 1154 7429 6383 6070
3492 9 2 102 2 376 1949 1873 6268 6301 6619
3493 9 2 102 2 1052 1921 1051 7429 7418 3486
3494 9 2 102 2 2136 2134 1262 7289 7423 7430
3495 9 2 102 2 2068 410 1295 7179 7197 7016
3496 9 2 102 2 1978 2136 1262 7431 7430 7137
3497 9 2 102 2 768 1553 1552 7432 4799 7374
3498 9 2 102 2 2137 1141 1538 7433 7434 7435
3499 9 2 102 2 1665 1204 1205 7436 3759 7244
3500 9 2 102 2 1141 525 1538 7437 7428 7434
3501 9 2 102 2 978 981 1074 3368 5281 7438
3502 9 2 102 2 1169 1512 1171 7439 4693 3687
3503 9 2 102 2 2117 1130 1125 7440 3620 7299
3504 9 2 102 2 1132 1130 1894 3625 7441 5871
3505 9 2 102 2 2085 1514 1560 7442 4812 7443
3506 9 2 102 2 1130 2117 1894 7440 7389 7441
3507 9 2 102 2 1082 981 1077 7444 7225 3537
3508 9 2 102 2 1609 1605 2022 4922 7445 7446
3509 9 2 102 2 678 435 436 2711 2293 2982
3510 9 2 102 2 1082 1087 1079 3544 5648 7447
3511 9 2 102 2 978 2035 980 7448 6737 3364
3512 9 2 102 2 970 1527 1526 7396 4735 7271
3513 9 2 102 2 981 1082 1079 7444 7447 5650
3514 9 2 102 2 2134 1137 1260 7449 7450 7285
3515 9 2 102 2 1201 1632 2060 7451 7452 7453
3516 9 2 102 2 1137 1164 1260 6999 7454 7450
3517 9 2 102 2 1203 1201 2060 3756 7453 6741
3518 9 2 102 2 2145 2057 2083 7455 6877 7456
3519 9 2 102 2 2057 2145 1272 7455 7457 6719
3520 9 2 102 2 2097 2145 2083 7458 7456 7128
3521 9 2 102 2 1632 1201 1202 7451 3754 4984
3522 9 2 102 2 2121 1304 1293 7183 4000 7459
3523 9 2 102 2 1204 1665 1218 7436 5087 3788
3524 9 2 102 2 1985 2121 1293 7113 7459 7219
3525 9 2 102 2 1249 2137 1538 7460 7435 4772
3526 9 2 102 2 1129 1978 1125 7461 7462 3619
3527 9 2 102 2 1129 1132 2136 3626 7284 7463
3528 9 2 102 2 2137 1249 1247 7460 3863 7294
3529 9 2 102 2 27 427 428 7464 2281 7465
3530 9 2 102 2 427 27 28 7464 64 4390
3531 9 2 102 2 1917 1032 1024 6050 3453 6810
3532 9 2 102 2 2134 1139 1137 7281 3632 7449
3533 9 2 102 2 2035 978 1074 7448 7438 7184
3534 9 2 102 2 1133 1980 1571 6567 7416 4847
3535 9 2 102 2 1978 1129 2136 7461 7463 7431
3536 9 2 102 2 2006 1605 1603 7466 4915 6490
3537 9 2 102 2 2102 1054 999 7467 3492 7064
3538 9 2 102 2 719 1959 721 7468 7469 2814
3539 9 2 102 2 1959 719 1229 7468 3822 7303
3540 9 2 102 2 2094 2044 2138 7269 7470 7471
3541 9 2 102 2 1136 1135 1638 3630 4994 7472
3542 9 2 102 2 1575 1135 1133 4997 3627 4849
3543 9 2 102 2 1128 2094 2138 6921 7471 7298
3544 9 2 102 2 1043 1510 1239 7473 5082 3848
3545 9 2 102 2 1148 1653 1229 7474 7212 3821
3546 9 2 102 2 1510 1043 1044 7473 3474 4684
3547 9 2 102 2 1429 1427 1804 4425 6503 6047
3548 9 2 102 2 1653 1148 1147 7474 3649 7424
3549 9 2 102 2 2138 2044 2118 7470 7242 7475
3550 9 2 102 2 374 2000 2133 7476 7477 7252
3551 9 2 102 2 2000 374 1798 7476 6693 6476
3552 9 2 102 2 2000 2003 2133 6483 7478 7477
3553 9 2 102 2 1942 1544 1571 7479 4834 7419
3554 9 2 102 2 2117 2138 2118 7297 7475 7076
3555 9 2 102 2 1746 1978 2124 6390 7136 7480
3556 9 2 102 2 1544 1942 1543 7479 7001 4778
3557 9 2 102 2 1198 1746 2124 5319 7480 7171
3558 9 2 102 2 548 1998 2063 7481 7173 7482
3559 9 2 102 2 1998 548 1855 7481 6783 6470
3560 9 2 102 2 1605 2006 2022 7466 7483 7445
3561 9 2 102 2 1912 426 1212 7484 3780 7485
3562 9 2 102 2 426 1912 428 7484 7486 2280
3563 9 2 102 2 1975 1885 1909 7487 6014 6380
3564 9 2 102 2 1122 2120 1212 7214 7488 3779
3565 9 2 102 2 1975 1078 1080 6378 3534 7489
3566 9 2 102 2 1885 1975 1080 7487 7489 5814
3567 9 2 102 2 1065 1620 1067 7490 7491 3513
3568 9 2 102 2 1149 1504 1150 6697 7404 3654
3569 9 2 102 2 1065 1072 1615 3522 4940 7492
3570 9 2 102 2 1620 1065 1615 7490 7492 7250
3571 9 2 102 2 2081 352 1024 7493 3439 7049
3572 9 2 102 2 1982 1276 1274 6788 3912 7227
3573 9 2 102 2 1054 2102 399 7467 6981 6002
3574 9 2 102 2 424 1023 423 3438 6825 2279
3575 9 2 102 2 370 353 1798 2211 6477 6453
3576 9 2 102 2 2003 353 351 6484 2187 7405
3577 9 2 102 2 1199 1195 1682 3751 5129 6851
3578 9 2 102 2 1683 1195 1183 5131 3745 6949
3579 9 2 102 2 352 2081 351 7493 7258 2189
3580 9 2 102 2 1172 1755 1169 5362 7494 3691
3581 9 2 102 2 1755 1758 1169 5348 7495 7494
3582 9 2 102 2 1737 1732 2119 5285 7496 7084
3583 9 2 102 2 1244 1273 1294 3908 4003 7143
3584 9 2 102 2 1258 1273 1274 4244 3906 7388
3585 9 2 102 2 1732 1735 2119 5280 7497 7496
3586 9 2 102 2 1989 2054 2001 7425 6701 6482
3587 9 2 102 2 429 791 1122 2997 3604 3782
3588 9 2 102 2 1117 1834 366 5770 6236 3593
3589 9 2 102 2 1913 1914 2063 6035 7498 6750
3590 9 2 102 2 1914 548 2063 6958 7482 7498
3591 9 2 102 2 428 1912 26 7486 6848 7499
3592 9 2 102 2 939 2040 1226 6632 7110 3813
3593 9 2 102 2 1725 1144 1208 7500 7501 7384
3594 9 2 102 2 27 428 26 7465 7499 63
3595 9 2 102 2 1144 966 1208 3646 6314 7501
3596 9 2 102 2 1144 1725 1145 7500 7502 3642
3597 9 2 102 2 2139 919 1924 7301 6106 7503
3598 9 2 102 2 1680 1714 1281 7504 5205 6304
3599 9 2 102 2 1714 1680 1674 7504 5125 6538
3600 9 2 102 2 1687 1592 1625 6562 7505 7506
3601 9 2 102 2 2139 1573 1735 7507 5918 7304
3602 9 2 102 2 1925 1479 1266 7508 7509 7356
3603 9 2 102 2 1573 2139 1924 7507 7503 6110
3604 9 2 102 2 1479 1489 1266 4621 7510 7509
3605 9 2 102 2 1163 1261 1260 7511 3882 7512
3606 9 2 102 2 1261 1163 1161 7511 3674 6757
3607 9 2 102 2 1833 636 1648 6919 5875 7513
3608 9 2 102 2 1164 1163 1260 3677 7512 7454
3609 9 2 102 2 2146 1512 1169 7514 7439 7515
3610 9 2 102 2 1103 1970 423 6356 7394 6829
3611 9 2 102 2 102 1966 1951 6343 7516 7517
3612 9 2 102 2 1686 1687 1625 5141 7506 7518
3613 9 2 102 2 1480 1925 1837 7519 6761 5984
3614 9 2 102 2 1861 1966 1268 7520 6336 6986
3615 9 2 102 2 1966 1861 1951 7520 6272 7516
3616 9 2 102 2 1925 1480 1479 7519 4597 7508
3617 9 2 102 2 1713 1715 2147 5214 7521 7522
3618 9 2 102 2 1728 1096 1094 7523 3564 7524
3619 9 2 102 2 1097 1096 2148 3567 7525 7526
3620 9 2 102 2 2137 1098 1141 7527 3637 7433
3621 9 2 102 2 1959 1903 721 7350 7528 7469
3622 9 2 102 2 2131 2072 2130 7529 7232 7530
3623 9 2 102 2 1903 1356 721 5933 7531 7528
3624 9 2 102 2 1014 1094 1692 7532 7153 6855
3625 9 2 102 2 1898 431 1118 6502 5376 7422
3626 9 2 102 2 2146 1758 1654 7533 7134 7534
3627 9 2 102 2 1758 2146 1169 7533 7515 7495
3628 9 2 102 2 1512 2146 1654 7514 7534 5040
3629 9 2 102 2 1916 180 181 6055 219 6265
3630 9 2 102 2 1136 1120 1113 7535 3599 7536
3631 9 2 102 2 771 1120 1638 3601 7537 7039
3632 9 2 102 2 1120 1136 1638 7535 7472 7537
3633 9 2 102 2 1964 1963 2119 6327 7088 7538
3634 9 2 102 2 1089 562 1212 6516 7539 7540
3635 9 2 102 2 1964 1735 1071 7541 5917 6334
3636 9 2 102 2 2120 1089 1212 7206 7540 7488
3637 9 2 102 2 1735 1964 2119 7541 7538 7497
3638 9 2 102 2 1157 2141 1159 7542 7372 3669
3639 9 2 102 2 2141 1157 592 7542 3855 7543
3640 9 2 102 2 1111 1136 1113 5636 7536 3587
3641 9 2 102 2 1248 1250 2079 3867 6843 7544
3642 9 2 102 2 1248 2078 1247 7545 7325 3865
3643 9 2 102 2 2078 1248 2079 7545 7544 6830
3644 9 2 102 2 1111 1119 1840 3597 6658 5635
3645 9 2 102 2 2137 1100 1098 7546 3569 7527
3646 9 2 102 2 424 433 1022 2291 7547 3434
3647 9 2 102 2 1264 1197 1198 5304 3748 7170
3648 9 2 102 2 1100 2137 1178 7546 7293 3697
3649 9 2 102 2 766 1553 768 7548 7432 2935
3650 9 2 102 2 1553 766 1494 7548 4627 7318
3651 9 2 102 2 1951 1131 101 6276 5075 7549
3652 9 2 102 2 1067 1620 1147 7491 4951 3651
3653 9 2 102 2 1158 1188 1185 7550 3729 7551
3654 9 2 102 2 102 1951 101 7517 7549 140
3655 9 2 102 2 1160 1158 1185 3672 7551 7414
3656 9 2 102 2 1188 1158 1159 7550 3670 3807
3657 9 2 102 2 1055 2129 999 7552 7202 3491
3658 9 2 102 2 2078 1487 1305 7553 7554 7323
3659 9 2 102 2 1487 2078 1486 7553 6832 4615
3660 9 2 102 2 1487 1488 1305 4619 7131 7554
3661 9 2 102 2 2129 1055 565 7552 6901 7190
3662 9 2 102 2 369 367 1239 2208 5184 5080
3663 9 2 102 2 973 974 1150 3357 3655 3762
3664 9 2 102 2 1061 761 1772 7555 7371 6326
3665 9 2 102 2 1713 1283 1281 7556 3927 5207
3666 9 2 102 2 761 1061 1059 7555 3498 6974
3667 9 2 102 2 443 1029 445 7557 6065 2301
3668 9 2 102 2 1862 1881 1864 6659 7159 5723
3669 9 2 102 2 443 446 903 2305 6151 7558
3670 9 2 102 2 1057 1963 1113 7117 6966 3598
3671 9 2 102 2 1029 443 903 7557 7558 6152
3672 9 2 102 2 1253 1068 923 3974 6769 6507
3673 9 2 102 2 1910 1912 1212 6027 7485 7559
3674 9 2 102 2 562 1910 1212 6708 7559 7539
3675 9 2 102 2 1238 445 1918 6162 6062 7370
3676 9 2 102 2 1662 1048 1660 7257 5265 5070
3677 9 2 102 2 1142 525 1141 7560 7437 3639
3678 9 2 102 2 2016 446 1237 7561 6164 6907
3679 9 2 102 2 446 2016 1674 7561 6536 5111
3680 9 2 102 2 1283 1713 2147 7556 7522 7562
3681 9 2 102 2 525 1142 440 7560 6522 2426
3682 9 2 102 2 1044 2049 1508 6685 7347 4682
3683 9 2 102 2 1862 1833 1648 5727 7513 6650
3684 9 2 102 2 1270 1504 1039 7563 6712 7564
3685 9 2 102 2 1504 1270 1271 7563 3901 4671
3686 9 2 102 2 1265 1489 2104 7565 6988 7566
3687 9 2 102 2 1489 1265 1266 7565 3890 7510
3688 9 2 102 2 1047 1265 2104 3899 7566 7379
3689 9 2 102 2 1978 449 1125 6392 3611 7462
3690 9 2 102 2 365 1728 1094 5462 7524 7567
3691 9 2 102 2 1228 929 930 5999 3288 3820
3692 9 2 102 2 1014 365 1094 5641 7567 7532
3693 9 2 102 2 935 929 1837 3297 5982 7278
3694 9 2 102 2 2097 1269 2145 7568 7569 7458
3695 9 2 102 2 1269 2097 1271 7568 6932 3900
3696 9 2 102 2 1269 1272 2145 3904 7457 7569
3697 9 2 102 2 433 1990 1022 7570 7571 7547
3698 9 2 102 2 1039 390 1272 6820 6129 7572
3699 9 2 102 2 1990 1861 1022 6436 6985 7571
3700 9 2 102 2 1990 433 1946 7570 7310 6455
3701 9 2 102 2 1928 721 1356 6253 7531 6139
3702 9 2 102 2 2049 1170 1171 7573 3688 7346
3703 9 2 102 2 1170 2049 1278 7573 6684 3922
3704 9 2 102 2 1632 1108 2060 7574 7575 7452
3705 9 2 102 2 2085 2106 1514 7011 7576 7442
3706 9 2 102 2 1108 1110 2060 3586 7367 7575
3707 9 2 102 2 1513 2106 1522 7577 7009 4720
3708 9 2 102 2 1108 1632 1107 7574 5251 3584
3709 9 2 102 2 1223 1221 2075 3801 7578 7060
3710 9 2 102 2 2141 1221 1222 7579 3798 7373
3711 9 2 102 2 1221 2141 2075 7579 7580 7578
3712 9 2 102 2 1272 1270 1039 3903 7564 7572
3713 9 2 102 2 2106 1513 1514 7577 4698 7576
3714 9 2 102 2 907 2149 1558 7581 7582 4809
3715 9 2 102 2 2002 2080 1218 7583 6837 7584
3716 9 2 102 2 2149 1929 1558 7585 7586 7582
3717 9 2 102 2 1664 2002 1218 6485 7584 5085
3718 9 2 102 2 2080 2002 2001 7583 6480 7031
3719 9 2 102 2 2127 2096 1967 7587 6927 7588
3720 9 2 102 2 2018 2019 1630 6546 7589 7590
3721 9 2 102 2 2018 1591 1689 7591 6566 6552
3722 9 2 102 2 1591 2018 1630 7591 7590 6977
3723 9 2 102 2 1523 1593 1490 7592 4888 7593
3724 9 2 102 2 1593 1523 1554 7592 6789 6517
3725 9 2 102 2 1728 1726 1096 5260 7594 7523
3726 9 2 102 2 2148 1726 1727 7595 5258 7596
3727 9 2 102 2 2051 2150 1642 7597 7598 6692
3728 9 2 102 2 2051 2053 1569 6695 7358 7599
3729 9 2 102 2 1726 2148 1096 7595 7525 7594
3730 9 2 102 2 1955 680 2048 7600 7601 7602
3731 9 2 102 2 906 1548 2024 4792 6571 7603
3732 9 2 102 2 1636 1684 2108 7604 7204 7605
3733 9 2 102 2 680 778 2048 2969 7606 7601
3734 9 2 102 2 680 1955 679 7600 6286 2715
3735 9 2 102 2 2050 1957 1577 7607 6309 7608
3736 9 2 102 2 1340 1697 1317 7609 6874 4121
3737 9 2 102 2 2048 2008 1955 6681 6495 7602
3738 9 2 102 2 2048 778 2050 7606 6726 6687
3739 9 2 102 2 1521 1957 2059 6293 7610 6960
3740 9 2 102 2 1957 2050 2059 7607 6725 7610
3741 9 2 102 2 2095 1739 1637 6930 7611 7612
3742 9 2 102 2 1647 866 781 7613 3184 5018
3743 9 2 102 2 2065 1609 2007 6898 7150 7614
3744 9 2 102 2 1633 2113 2112 7615 7053 7616
3745 9 2 102 2 866 1647 1649 7613 5025 7617
3746 9 2 102 2 2108 2151 1636 7618 7619 7605
3747 9 2 102 2 2151 2108 1602 7618 7020 7620
3748 9 2 102 2 2151 2103 1636 7621 7622 7619
3749 9 2 102 2 906 1577 908 7623 4853 3257
3750 9 2 102 2 2127 2084 1560 7624 7625 7626
3751 9 2 102 2 2084 2127 1967 7624 7588 6881
3752 9 2 102 2 2084 2085 1560 6868 7443 7625
3753 9 2 102 2 1725 1724 1145 5255 7627 7502
3754 9 2 102 2 1538 1724 1539 7628 5253 4770
3755 9 2 102 2 1724 1538 1145 7628 7427 7627
3756 9 2 102 2 1623 1697 1340 7043 7609 4965
3757 9 2 102 2 1623 1633 2112 4986 7616 7047
3758 9 2 102 2 2072 2095 1637 7629 7612 6812
3759 9 2 102 2 2095 2072 1967 7629 7630 6926
3760 9 2 102 2 2113 1633 1581 7615 7631 7360
3761 9 2 102 2 1624 1344 1671 7632 7633 5106
3762 9 2 102 2 1635 2103 1922 7634 7635 7636
3763 9 2 102 2 1655 1635 1922 5047 7636 6083
3764 9 2 102 2 1344 1624 1340 7632 4963 4145
3765 9 2 102 2 2103 1635 1636 7634 4990 7622
3766 9 2 102 2 2005 2004 1971 6488 7637 7638
3767 9 2 102 2 1530 2004 1531 7639 6486 4743
3768 9 2 102 2 2004 1530 1971 7639 7640 7637
3769 9 2 102 2 2098 1602 1668 7641 5099 6943
3770 9 2 102 2 2098 2103 2151 6983 7621 7642
3771 9 2 102 2 2086 2046 678 7643 6993 7644
3772 9 2 102 2 1602 2098 2151 7641 7642 7620
3773 9 2 102 2 865 866 2152 3185 7645 7646
3774 9 2 102 2 2046 2086 1580 7643 7647 6671
3775 9 2 102 2 1344 1318 2039 4144 7648 7649
3776 9 2 102 2 1693 2147 1587 7650 7651 5159
3777 9 2 102 2 2147 1693 1283 7650 5152 7562
3778 9 2 102 2 2147 1715 1587 7521 7127 7651
3779 9 2 102 2 1523 1490 1561 7593 4815 7652
3780 9 2 102 2 1976 1938 1937 6613 6210 6386
3781 9 2 102 2 2093 1707 2066 7653 7654 7655
3782 9 2 102 2 1684 1676 2153 5134 7656 7657
3783 9 2 102 2 1707 1712 2066 5204 6774 7654
3784 9 2 102 2 1707 2093 405 7653 7099 5195
3785 9 2 102 2 1676 1678 2153 5121 7658 7656
3786 9 2 102 2 1709 1922 2103 7659 7635 7660
3787 9 2 102 2 1922 1709 1292 7659 5202 6084
3788 9 2 102 2 1577 906 2024 7623 7603 7661
3789 9 2 102 2 1717 1510 1509 7662 4683 6360
3790 9 2 102 2 2030 2093 2066 7332 7655 7663
3791 9 2 102 2 1609 2022 1666 7446 6560 7152
3792 9 2 102 2 2028 2022 2006 6583 7483 7664
3793 9 2 102 2 1510 1717 1663 7662 5216 5083
3794 9 2 102 2 2031 2030 2066 6589 7663 7665
3795 9 2 102 2 1718 1971 1530 6369 7640 7666
3796 9 2 102 2 2005 1971 1509 7638 6358 6897
3797 9 2 102 2 2038 2088 2154 7667 7668 7669
3798 9 2 102 2 1790 1722 1631 7670 5247 6884
3799 9 2 102 2 1722 1790 2027 7670 7028 7671
3800 9 2 102 2 2088 2038 1607 7667 6627 6892
3801 9 2 102 2 1929 1706 1558 6140 5192 7586
3802 9 2 102 2 1722 1706 1107 5849 6136 5248
3803 9 2 102 2 2072 2131 1961 7529 7237 7672
3804 9 2 102 2 1550 1723 1552 7673 6766 4795
3805 9 2 102 2 1723 1550 1539 7673 6639 5252
3806 9 2 102 2 1672 2038 2154 6622 7669 7674
3807 9 2 102 2 1938 2036 2155 6612 7675 7676
3808 9 2 102 2 2156 400 2104 7677 7378 7678
3809 9 2 102 2 1697 1696 2086 5171 7679 6872
3810 9 2 102 2 1580 1696 1579 7680 5165 4856
3811 9 2 102 2 1696 1580 2086 7680 7647 7679
3812 9 2 102 2 2036 2031 2155 6674 7681 7675
3813 9 2 102 2 2156 1286 377 7682 3941 7683
3814 9 2 102 2 1711 2111 2006 7684 7685 7686
3815 9 2 102 2 2111 1711 1709 7684 5198 7035
3816 9 2 102 2 2111 2028 2006 7041 7664 7685
3817 9 2 102 2 2157 1646 1642 7687 5015 7688
3818 9 2 102 2 1286 2156 2104 7682 7678 6990
3819 9 2 102 2 2150 2157 1642 7689 7688 7598
3820 9 2 102 2 1646 2157 1093 7687 7690 5235
3821 9 2 102 2 1507 2158 1677 7691 7692 7693
3822 9 2 102 2 1699 2158 1506 7694 7695 5174
3823 9 2 102 2 1576 1491 2032 7050 6596 7026
3824 9 2 102 2 2158 1699 1677 7694 6540 7692
3825 9 2 102 2 2158 1507 1506 7691 4678 7695
3826 9 2 102 2 2159 1625 1592 7696 7505 7697
3827 9 2 102 2 1633 1673 1581 5112 6762 7631
3828 9 2 102 2 2064 1673 1671 6764 5107 7698
3829 9 2 102 2 1625 2159 1627 7696 7699 4966
3830 9 2 102 2 1995 2159 1592 7700 7697 6592
3831 9 2 102 2 2103 2099 1709 6984 7036 7660
3832 9 2 102 2 2028 2099 1668 7042 6944 6584
3833 9 2 102 2 1731 1716 1658 7701 6340 7702
3834 9 2 102 2 1542 2037 1976 7703 6608 7704
3835 9 2 102 2 2037 1542 1540 7703 4773 6953
3836 9 2 102 2 1716 1731 1663 7701 7705 5215
3837 9 2 102 2 2076 2131 2130 7235 7530 7331
3838 9 2 102 2 1547 1542 1976 4788 7704 6394
3839 9 2 102 2 2076 2160 1961 7706 7707 7236
3840 9 2 102 2 2072 1961 1967 7672 6339 7630
3841 9 2 102 2 2064 1669 2067 7708 7709 7710
3842 9 2 102 2 1731 1730 1663 5270 7711 7705
3843 9 2 102 2 1669 1672 2067 5105 7712 7709
3844 9 2 102 2 1669 2064 1671 7708 7698 5101
3845 9 2 102 2 369 1730 1475 7713 5268 5073
3846 9 2 102 2 2007 1791 2065 7714 6772 7614
3847 9 2 102 2 1730 369 1663 7713 5079 7711
3848 9 2 102 2 865 2152 1318 7646 7715 4044
3849 9 2 102 2 2152 866 1649 7645 7617 7716
3850 9 2 102 2 1638 1739 1493 7717 5287 7040
3851 9 2 102 2 1739 1638 1637 7717 4993 7611
3852 9 2 102 2 2127 2126 2096 7166 7718 7587
3853 9 2 102 2 1499 2126 1578 7719 7160 5222
3854 9 2 102 2 1688 1686 1711 5139 7720 7721
3855 9 2 102 2 2126 1499 2096 7719 7722 7718
3856 9 2 102 2 2006 1688 1711 6492 7721 7686
3857 9 2 102 2 2154 2088 1216 7668 7145 7723
3858 9 2 102 2 2154 2067 1672 7724 7712 7674
3859 9 2 102 2 2067 2154 1216 7724 7723 6779
3860 9 2 102 2 1995 1991 2159 6462 7725 7700
3861 9 2 102 2 2161 2054 1710 7726 7426 7727
3862 9 2 102 2 2161 1711 1686 7728 7720 7729
3863 9 2 102 2 1711 2161 1710 7728 7727 5199
3864 9 2 102 2 2054 2161 1686 7726 7729 7730
3865 9 2 102 2 1991 1627 2159 6450 7699 7725
3866 9 2 102 2 2162 1621 1232 7731 7147 7732
3867 9 2 102 2 2162 2088 2089 7733 6891 7734
3868 9 2 102 2 2150 1568 1611 7735 4928 7736
3869 9 2 102 2 1318 2152 2039 7715 7737 7648
3870 9 2 102 2 1630 1789 1631 7738 6883 4973
3871 9 2 102 2 1789 1630 2019 7738 7589 6915
3872 9 2 102 2 2088 2162 1232 7733 7732 7146
3873 9 2 102 2 2141 2074 2075 7739 6814 7580
3874 9 2 102 2 2047 2074 592 6841 7740 6997
3875 9 2 102 2 1621 2162 2089 7731 7734 7245
3876 9 2 102 2 2074 2141 592 7739 7543 7740
3877 9 2 102 2 1704 1701 1560 5182 7741 7059
3878 9 2 102 2 2013 1699 1698 6862 5173 7742
3879 9 2 102 2 1701 2127 1560 7167 7626 7741
3880 9 2 102 2 1661 2013 1698 6528 7742 7067
3881 9 2 102 2 1507 1679 1288 7743 7744 7395
3882 9 2 102 2 1679 1655 1288 5127 6089 7744
3883 9 2 102 2 1679 1507 1675 7743 7745 5124
3884 9 2 102 2 1634 1684 1636 5135 7604 4989
3885 9 2 102 2 2123 1731 1658 7115 7702 7746
3886 9 2 102 2 778 438 2071 2968 7747 7192
3887 9 2 102 2 400 2156 377 7677 7683 2250
3888 9 2 102 2 438 1950 2071 6270 7266 7747
3889 9 2 102 2 1988 1292 1710 7748 5201 6431
3890 9 2 102 2 1988 1664 1287 6441 5084 7749
3891 9 2 102 2 2123 1659 1660 7750 5068 7120
3892 9 2 102 2 1292 1988 1287 7748 7749 3954
3893 9 2 102 2 1659 2123 1658 7750 7746 5058
3894 9 2 102 2 2163 1388 1682 7751 6852 7752
3895 9 2 102 2 1388 2163 2015 7751 7753 6853
3896 9 2 102 2 1678 2163 1682 7754 7752 7755
3897 9 2 102 2 2164 1160 434 7756 7081 7757
3898 9 2 102 2 1738 1499 1494 7758 4654 5389
3899 9 2 102 2 1499 1738 2096 7758 7033 7722
3900 9 2 102 2 1523 1561 1521 7652 6291 4725
3901 9 2 102 2 1968 1530 1529 7759 4746 7760
3902 9 2 102 2 907 908 1576 3258 4850 7023
3903 9 2 102 2 2164 435 1157 7761 3856 7762
3904 9 2 102 2 435 2164 434 7761 7757 2294
3905 9 2 102 2 2054 2165 1626 7763 7764 6699
3906 9 2 102 2 1625 2165 1686 7765 7766 7518
3907 9 2 102 2 2165 1625 1626 7765 4968 7764
3908 9 2 102 2 2165 2054 1686 7763 7730 7766
3909 9 2 102 2 2017 2015 2163 6865 7753 7767
3910 9 2 102 2 1658 1968 1529 6342 7760 5063
3911 9 2 102 2 1678 2017 2163 6543 7767 7754
3912 9 2 102 2 1530 1968 1718 7759 6346 7666
3913 9 2 102 2 422 1708 405 7768 5196 2276
3914 9 2 102 2 1160 2164 1157 7756 7762 3673
3915 9 2 102 2 2133 2069 422 7769 7770 7256
3916 9 2 102 2 2069 2133 2003 7769 7478 6804
3917 9 2 102 2 1641 2166 2052 7771 7772 7773
3918 9 2 102 2 1606 2152 1649 7774 7716 6940
3919 9 2 102 2 2152 1606 2039 7774 6727 7737
3920 9 2 102 2 1640 2166 1511 7775 7776 5001
3921 9 2 102 2 2166 1640 2052 7775 7014 7772
3922 9 2 102 2 1693 1993 1595 7777 7778 5153
3923 9 2 102 2 1993 1693 1694 7777 5161 6456
3924 9 2 102 2 1993 1995 1595 6463 6593 7778
3925 9 2 102 2 2027 1705 1722 6580 5850 7671
3926 9 2 102 2 1558 1705 1548 5194 6585 4810
3927 9 2 102 2 1555 2160 1554 7779 7780 4803
3928 9 2 102 2 1507 1677 1675 7693 5116 7745
3929 9 2 102 2 2042 1250 1249 7781 3866 7782
3930 9 2 102 2 2062 2128 2149 7783 7784 7785
3931 9 2 102 2 2128 2062 2063 7783 6751 7172
3932 9 2 102 2 2128 1929 2149 7189 7585 7784
3933 9 2 102 2 1539 2042 1249 6638 7782 4771
3934 9 2 102 2 2160 1555 1961 7779 6318 7707
3935 9 2 102 2 1641 2052 1642 7773 6690 5005
3936 9 2 102 2 1250 2042 1582 7781 6634 4871
3937 9 2 102 2 2150 1617 2157 7786 7787 7689
3938 9 2 102 2 2160 2076 1554 7706 6826 7780
3939 9 2 102 2 1617 1093 2157 4953 7690 7787
3940 9 2 102 2 1950 439 1224 6269 6963 7288
3941 9 2 102 2 678 780 2086 2981 7788 7644
3942 9 2 102 2 1317 780 781 7789 2974 6777
3943 9 2 102 2 780 1317 2086 7789 6873 7788
3944 9 2 102 2 1712 1708 2069 5203 7790 6792
3945 9 2 102 2 1992 1140 1893 7791 6835 7792
3946 9 2 102 2 1708 422 2069 7768 7770 7790
3947 9 2 102 2 1627 1992 1893 6449 7792 7409
3948 9 2 102 2 1140 1992 1694 7791 6445 5163
3949 9 2 102 2 1670 1344 2039 7793 7649 7794
3950 9 2 102 2 1617 2150 1611 7786 7736 4945
3951 9 2 102 2 1672 1670 2039 5104 7794 6620
3952 9 2 102 2 1344 1670 1671 7793 5102 7633
3953 9 2 102 2 2167 2148 2031 7795 7796 7797
3954 9 2 102 2 2167 2066 1097 7798 6773 7799
3955 9 2 102 2 1540 2033 2011 7205 6614 6942
3956 9 2 102 2 2066 2167 2031 7798 7797 7665
3957 9 2 102 2 2148 2167 1097 7795 7799 7526
3958 9 2 102 2 2155 2148 1727 7800 7596 7801
3959 9 2 102 2 2148 2155 2031 7800 7681 7796
3960 9 2 102 2 1938 2155 1727 7676 7801 7072
3961 9 2 102 2 907 2109 2149 7022 7802 7581
3962 9 2 102 2 2062 2109 2032 7803 7025 7366
3963 9 2 102 2 2024 2050 1577 6686 7608 7661
3964 9 2 102 2 2109 2062 2149 7803 7785 7802
3965 9 2 102 2 2150 1567 1568 7804 4828 7735
3966 9 2 102 2 2107 1652 1651 7805 5030 7806
3967 9 2 102 2 1652 2107 1640 7805 7012 5035
3968 9 2 102 2 2053 2107 1651 7021 7806 7354
3969 9 2 102 2 1569 1567 2051 4831 7807 7599
3970 9 2 102 2 2153 1682 1681 7808 5128 7809
3971 9 2 102 2 1682 2153 1678 7808 7658 7755
3972 9 2 102 2 1684 2153 1681 7657 7809 7203
3973 9 2 102 2 2116 2007 2008 7810 6496 7075
3974 9 2 102 2 2116 2027 1791 7070 7027 7811
3975 9 2 102 2 2166 1641 1511 7771 6796 7776
3976 9 2 102 2 2007 2116 1791 7810 7811 7714
3977 9 2 102 2 1567 2150 2051 7804 7597 7807
3978 9 2 102 2 1566 1613 1568 7812 4931 4827
3979 9 2 102 2 1613 1566 1650 7812 6870 5028
3980 9 2 102 2 1612 969 1611 7334 4943 4930
3981 9 2 102 2 1612 1613 1647 4932 5026 7351
3982 9 2 102 2 1719 1525 1528 7813 4737 7814
3983 9 2 102 2 1525 1719 1526 7813 5232 4732
3984 9 2 102 2 1646 1719 1528 5234 7814 7168
3985 9 2 102 2 1650 2025 1618 6871 7815 7300
3986 9 2 102 2 1601 2100 439 7111 6964 7108
3987 9 2 102 2 2025 1619 1618 6579 4947 7815
3988 9 2 102 2 1224 2100 1599 6962 7112 7287
3989 9 2 102 2 2067 2168 2064 7816 7817 7710
3990 9 2 102 2 2079 2168 1486 7818 7819 6831
3991 9 2 102 2 2168 2079 2064 7818 6845 7817
3992 9 2 102 2 2168 2067 1486 7816 6781 7819
$EndElements
